J00_HIP_PITCH_L,J01_HIP_ROLL_L,J02_HIP_YAW_L,J03_KNEE_PITCH_L,J04_ANKLE_PITCH_L,J05_ANKLE_ROLL_L,J06_HIP_PITCH_R,J07_HIP_ROLL_R,J08_HIP_YAW_R,J09_KNEE_PITCH_R,J10_ANKLE_PITCH_R,J11_ANKLE_ROLL_R,J12_TORSO_YAW,J13_SHOULDER_PITCH_L,J14_SHOULDER_ROLL_L,J15_SHOULDER_YAW_L,J16_ELBOW_PITCH_L,J17_ELBOW_YAW_L,J18_SHOULDER_PITCH_R,J19_SHOULDER_ROLL_R,J20_SHOULDER_YAW_R,J21_ELBOW_PITCH_R,J22_ELBOW_YAW_R,J23_HEAD_PITCH,J24_HEAD_YAW,left_foot_contact,right_foot_contact,left_hand_contact,right_hand_contact,LINK_BASE_px,LINK_BASE_py,LINK_BASE_pz,LINK_BASE_qw,LINK_BASE_qx,LINK_BASE_qy,LINK_BASE_qz,LINK_HIP_ROLL_L_px,LINK_HIP_ROLL_L_py,LINK_HIP_ROLL_L_pz,LINK_HIP_ROLL_L_qw,LINK_HIP_ROLL_L_qx,LINK_HIP_ROLL_L_qy,LINK_HIP_ROLL_L_qz,LINK_HIP_YAW_L_px,LINK_HIP_YAW_L_py,LINK_HIP_YAW_L_pz,LINK_HIP_YAW_L_qw,LINK_HIP_YAW_L_qx,LINK_HIP_YAW_L_qy,LINK_HIP_YAW_L_qz,LINK_HIP_PITCH_L_px,LINK_HIP_PITCH_L_py,LINK_HIP_PITCH_L_pz,LINK_HIP_PITCH_L_qw,LINK_HIP_PITCH_L_qx,LINK_HIP_PITCH_L_qy,LINK_HIP_PITCH_L_qz,LINK_KNEE_PITCH_L_px,LINK_KNEE_PITCH_L_py,LINK_KNEE_PITCH_L_pz,LINK_KNEE_PITCH_L_qw,LINK_KNEE_PITCH_L_qx,LINK_KNEE_PITCH_L_qy,LINK_KNEE_PITCH_L_qz,LINK_ANKLE_PITCH_L_px,LINK_ANKLE_PITCH_L_py,LINK_ANKLE_PITCH_L_pz,LINK_ANKLE_PITCH_L_qw,LINK_ANKLE_PITCH_L_qx,LINK_ANKLE_PITCH_L_qy,LINK_ANKLE_PITCH_L_qz,LINK_ANKLE_ROLL_L_px,LINK_ANKLE_ROLL_L_py,LINK_ANKLE_ROLL_L_pz,LINK_ANKLE_ROLL_L_qw,LINK_ANKLE_ROLL_L_qx,LINK_ANKLE_ROLL_L_qy,LINK_ANKLE_ROLL_L_qz,LINK_HIP_ROLL_R_px,LINK_HIP_ROLL_R_py,LINK_HIP_ROLL_R_pz,LINK_HIP_ROLL_R_qw,LINK_HIP_ROLL_R_qx,LINK_HIP_ROLL_R_qy,LINK_HIP_ROLL_R_qz,LINK_HIP_YAW_R_px,LINK_HIP_YAW_R_py,LINK_HIP_YAW_R_pz,LINK_HIP_YAW_R_qw,LINK_HIP_YAW_R_qx,LINK_HIP_YAW_R_qy,LINK_HIP_YAW_R_qz,LINK_HIP_PITCH_R_px,LINK_HIP_PITCH_R_py,LINK_HIP_PITCH_R_pz,LINK_HIP_PITCH_R_qw,LINK_HIP_PITCH_R_qx,LINK_HIP_PITCH_R_qy,LINK_HIP_PITCH_R_qz,LINK_KNEE_PITCH_R_px,LINK_KNEE_PITCH_R_py,LINK_KNEE_PITCH_R_pz,LINK_KNEE_PITCH_R_qw,LINK_KNEE_PITCH_R_qx,LINK_KNEE_PITCH_R_qy,LINK_KNEE_PITCH_R_qz,LINK_ANKLE_PITCH_R_px,LINK_ANKLE_PITCH_R_py,LINK_ANKLE_PITCH_R_pz,LINK_ANKLE_PITCH_R_qw,LINK_ANKLE_PITCH_R_qx,LINK_ANKLE_PITCH_R_qy,LINK_ANKLE_PITCH_R_qz,LINK_ANKLE_ROLL_R_px,LINK_ANKLE_ROLL_R_py,LINK_ANKLE_ROLL_R_pz,LINK_ANKLE_ROLL_R_qw,LINK_ANKLE_ROLL_R_qx,LINK_ANKLE_ROLL_R_qy,LINK_ANKLE_ROLL_R_qz,LINK_TORSO_YAW_px,LINK_TORSO_YAW_py,LINK_TORSO_YAW_pz,LINK_TORSO_YAW_qw,LINK_TORSO_YAW_qx,LINK_TORSO_YAW_qy,LINK_TORSO_YAW_qz,LINK_SHOULDER_PITCH_L_px,LINK_SHOULDER_PITCH_L_py,LINK_SHOULDER_PITCH_L_pz,LINK_SHOULDER_PITCH_L_qw,LINK_SHOULDER_PITCH_L_qx,LINK_SHOULDER_PITCH_L_qy,LINK_SHOULDER_PITCH_L_qz,LINK_SHOULDER_ROLL_L_px,LINK_SHOULDER_ROLL_L_py,LINK_SHOULDER_ROLL_L_pz,LINK_SHOULDER_ROLL_L_qw,LINK_SHOULDER_ROLL_L_qx,LINK_SHOULDER_ROLL_L_qy,LINK_SHOULDER_ROLL_L_qz,LINK_SHOULDER_YAW_L_px,LINK_SHOULDER_YAW_L_py,LINK_SHOULDER_YAW_L_pz,LINK_SHOULDER_YAW_L_qw,LINK_SHOULDER_YAW_L_qx,LINK_SHOULDER_YAW_L_qy,LINK_SHOULDER_YAW_L_qz,LINK_ELBOW_PITCH_L_px,LINK_ELBOW_PITCH_L_py,LINK_ELBOW_PITCH_L_pz,LINK_ELBOW_PITCH_L_qw,LINK_ELBOW_PITCH_L_qx,LINK_ELBOW_PITCH_L_qy,LINK_ELBOW_PITCH_L_qz,LINK_ELBOW_YAW_L_px,LINK_ELBOW_YAW_L_py,LINK_ELBOW_YAW_L_pz,LINK_ELBOW_YAW_L_qw,LINK_ELBOW_YAW_L_qx,LINK_ELBOW_YAW_L_qy,LINK_ELBOW_YAW_L_qz,LINK_WRIST_PITCH_L_px,LINK_WRIST_PITCH_L_py,LINK_WRIST_PITCH_L_pz,LINK_WRIST_PITCH_L_qw,LINK_WRIST_PITCH_L_qx,LINK_WRIST_PITCH_L_qy,LINK_WRIST_PITCH_L_qz,LINK_WRIST_ROLL_L_px,LINK_WRIST_ROLL_L_py,LINK_WRIST_ROLL_L_pz,LINK_WRIST_ROLL_L_qw,LINK_WRIST_ROLL_L_qx,LINK_WRIST_ROLL_L_qy,LINK_WRIST_ROLL_L_qz,LINK_SHOULDER_PITCH_R_px,LINK_SHOULDER_PITCH_R_py,LINK_SHOULDER_PITCH_R_pz,LINK_SHOULDER_PITCH_R_qw,LINK_SHOULDER_PITCH_R_qx,LINK_SHOULDER_PITCH_R_qy,LINK_SHOULDER_PITCH_R_qz,LINK_SHOULDER_ROLL_R_px,LINK_SHOULDER_ROLL_R_py,LINK_SHOULDER_ROLL_R_pz,LINK_SHOULDER_ROLL_R_qw,LINK_SHOULDER_ROLL_R_qx,LINK_SHOULDER_ROLL_R_qy,LINK_SHOULDER_ROLL_R_qz,LINK_SHOULDER_YAW_R_px,LINK_SHOULDER_YAW_R_py,LINK_SHOULDER_YAW_R_pz,LINK_SHOULDER_YAW_R_qw,LINK_SHOULDER_YAW_R_qx,LINK_SHOULDER_YAW_R_qy,LINK_SHOULDER_YAW_R_qz,LINK_ELBOW_PITCH_R_px,LINK_ELBOW_PITCH_R_py,LINK_ELBOW_PITCH_R_pz,LINK_ELBOW_PITCH_R_qw,LINK_ELBOW_PITCH_R_qx,LINK_ELBOW_PITCH_R_qy,LINK_ELBOW_PITCH_R_qz,LINK_ELBOW_YAW_R_px,LINK_ELBOW_YAW_R_py,LINK_ELBOW_YAW_R_pz,LINK_ELBOW_YAW_R_qw,LINK_ELBOW_YAW_R_qx,LINK_ELBOW_YAW_R_qy,LINK_ELBOW_YAW_R_qz,LINK_WRIST_PITCH_R_px,LINK_WRIST_PITCH_R_py,LINK_WRIST_PITCH_R_pz,LINK_WRIST_PITCH_R_qw,LINK_WRIST_PITCH_R_qx,LINK_WRIST_PITCH_R_qy,LINK_WRIST_PITCH_R_qz,LINK_WRIST_ROLL_R_px,LINK_WRIST_ROLL_R_py,LINK_WRIST_ROLL_R_pz,LINK_WRIST_ROLL_R_qw,LINK_WRIST_ROLL_R_qx,LINK_WRIST_ROLL_R_qy,LINK_WRIST_ROLL_R_qz,LINK_HEAD_PITCH_px,LINK_HEAD_PITCH_py,LINK_HEAD_PITCH_pz,LINK_HEAD_PITCH_qw,LINK_HEAD_PITCH_qx,LINK_HEAD_PITCH_qy,LINK_HEAD_PITCH_qz,LINK_HEAD_YAW_px,LINK_HEAD_YAW_py,LINK_HEAD_YAW_pz,LINK_HEAD_YAW_qw,LINK_HEAD_YAW_qx,LINK_HEAD_YAW_qy,LINK_HEAD_YAW_qz
-0.1720461971,0.08424666046,-0.01715305545,0.288972729,0.2863425834,0.002897658848,-0.1032850518,-0.09133367152,-0.00683542504,0.1564124824,0.3592529276,0.01752890588,0.07931702105,0.08662829846,0.7344088011,-0.7559342272,-0.7792520971,0.3073243007,0.3375127084,-0.6668814043,0.4612893429,-0.760213361,-0.3081289298,0.0528782849,-0.04802708024,2,2,2,2,-0.05528246059,0.4532861035,0.1575062297,0.5078435372,0.4987670651,0.4920929951,-0.501169473,0.06766330935,0.4158564025,0.08191298826,0.5378185929,0.4893557203,0.4143548,-0.5473501986,0.07319230421,0.5023087151,0.09917831496,0.5331045063,0.4857840408,0.4185364823,-0.5519426275,0.03693501715,0.3219584195,0.1451177716,0.5579487147,0.4662736231,0.4370366394,-0.5294158252,0.1382359015,0.7863782893,0.08765166312,0.4672869269,0.5601931656,0.490933936,-0.4762461712,0.130065472,1.224212949,0.1361617724,0.3924581085,0.6224136172,0.5525846855,-0.3914435943,0.1321881347,1.259571941,0.1497630691,0.3915559258,0.6229815686,0.5520169708,-0.3922437841,-0.1751870237,0.4198496388,0.08452143297,0.5457575084,0.4420855835,0.4965796083,-0.5100174227,-0.1822337267,0.5049208527,0.1072347815,0.5440112315,0.4403858385,0.4980876266,-0.5118796827,-0.147104586,0.3219361214,0.1426611233,0.5250068963,0.4665390444,0.4727791125,-0.5321550429,-0.2483670772,0.7889193104,0.1127404361,0.5034345689,0.4790311681,0.5390669147,-0.4759092731,-0.245544995,1.229087602,0.1317952643,0.3990237522,0.5563507262,0.6203382536,-0.3826674349,-0.2482412847,1.264360523,0.1455178886,0.3941323794,0.5598265382,0.6169606001,-0.3880895934,-0.05510312558,0.1705922126,0.1466372666,0.5273146472,0.5178854467,0.4719308903,-0.4806403663,0.09486001558,-0.06281387715,0.1758650544,0.5081201031,0.5397835535,0.4924493169,-0.4560058623,0.164661781,-0.05069547949,0.2204332134,0.2804596873,0.6862176678,0.2959104284,-0.6023991157,0.2324836647,0.01054380748,0.1946098698,0.03112089328,0.5447554152,0.5350120402,-0.6450078639,0.3201013195,0.1266156361,0.2294284603,0.2139717722,0.2450225666,0.4979169939,-0.8039021643,0.3688635382,0.224696255,0.1547903147,0.3447070561,0.3006716565,0.479875527,-0.7486608571,0.3895262932,0.3340146066,0.06892265331,0.3447070561,0.3006716565,0.479875527,-0.7486608571,0.377733703,0.3394677034,0.07611439183,0.3447070561,0.3006716565,0.479875527,-0.7486608571,-0.2071586477,-0.06328675446,0.1478021636,0.4343410982,0.584638347,0.5604833518,-0.3942134269,-0.2835008094,-0.06131147191,0.1820576072,0.6017682592,0.4102793544,0.6586374819,-0.1890568197,-0.34366478,0.009659523712,0.1630755716,0.618176559,0.5526874987,0.5574799623,-0.04012931988,-0.4269367797,0.1256664023,0.2074606507,0.7814253725,0.5131769717,0.2742602078,-0.2253999143,-0.4794059797,0.2278337239,0.1413433354,0.7243804203,0.4896543598,0.3318414936,-0.3541085112,-0.5045948544,0.3417670131,0.06302001772,0.7243804203,0.4896543598,0.3318414936,-0.3541085112,-0.4923247339,0.346764362,0.06972771454,0.7243804203,0.4896543598,0.3318414936,-0.3541085112,-0.08755502467,-0.1711461928,0.161179586,0.5146543596,0.5304106876,0.4857060762,-0.4667815336,-0.05571272537,-0.2711363835,0.1606413102,0.5032979792,0.5185953628,0.498301856,-0.4790044406
-0.1720450655,0.08424556174,-0.01715246475,0.2889717921,0.2863536502,0.002899136962,-0.1032859308,-0.09133478095,-0.006834035758,0.1564129821,0.3592635233,0.01752905752,0.07932088209,0.08650694444,0.734433665,-0.7561212586,-0.779204899,0.3081160469,0.3374576485,-0.6669245044,0.4614036966,-0.7601873367,-0.3087124374,0.05288947084,-0.04803347223,2,2,2,2,-0.05528211221,0.4532863664,0.1575088302,0.5078435631,0.4987656886,0.4920925457,-0.5011712578,0.06766340293,0.415856352,0.08191548904,0.5378186287,0.4893541097,0.414354992,-0.547351458,0.07319243466,0.5023087107,0.09918057333,0.5331046944,0.4857825522,0.4185365169,-0.5519437297,0.03693521673,0.3219585562,0.145120602,0.5579484266,0.4662723189,0.4370365934,-0.5294173155,0.1382359134,0.7863782747,0.0876529988,0.467287338,0.5601916282,0.4909337785,-0.4762477387,0.1300654997,1.224213106,0.1361615596,0.3924554802,0.6224144851,0.5525867599,-0.391441921,0.1321881554,1.259571999,0.1497631151,0.3915528358,0.6229827221,0.5520187576,-0.3922425218,-0.1751869119,0.4198496934,0.0845243993,0.545757794,0.4420835397,0.4965793437,-0.5100191463,-0.1822335635,0.5049210072,0.1072373894,0.5440118668,0.4403841417,0.4980870491,-0.5118810293,-0.147104393,0.3219364113,0.1426644467,0.5250070161,0.4665373071,0.4727784743,-0.5321570148,-0.248367009,0.7889194645,0.1127419218,0.5034351127,0.4790297006,0.5390665144,-0.4759106285,-0.245545049,1.229087831,0.1317950546,0.3990210723,0.5563515518,0.6203400708,-0.3826660832,-0.2482413034,1.264360659,0.1455179225,0.3941296499,0.5598273702,0.6169623997,-0.3880883044,-0.05510305519,0.1705924358,0.1466408931,0.5273156718,0.5178849645,0.4719294961,-0.4806411307,0.0948598623,-0.06281366924,0.1758697057,0.5081487536,0.5397531226,0.4924198637,-0.456041762,0.1646621479,-0.05069059203,0.2204357773,0.2804888219,0.6862030384,0.2958625611,-0.6024257264,0.2324860292,0.01054305399,0.1946043048,0.03107569506,0.5447145508,0.5350139545,-0.6450429658,0.3201102424,0.1266131922,0.2294120248,0.2139193691,0.2449911772,0.4979394014,-0.8039117981,0.3688682562,0.2246944485,0.1547719699,0.3449835155,0.3007803698,0.479841916,-0.7485113752,0.3895345733,0.334021068,0.06891569285,0.3449835155,0.3007803698,0.479841916,-0.7485113752,0.3777359537,0.3394695223,0.07610105794,0.3449835155,0.3007803698,0.479841916,-0.7485113752,-0.2071587682,-0.06328640374,0.1478064596,0.4343585819,0.584628438,0.5604689325,-0.3942293591,-0.2835011131,-0.06130868145,0.1820613542,0.6017903778,0.4102513002,0.6586331457,-0.1890624002,-0.3436672068,0.009659049494,0.163073843,0.6181994438,0.5526912466,0.5574535073,-0.04009265212,-0.4269451978,0.1256639799,0.2074527727,0.7814320922,0.5131959897,0.2742376921,-0.2253607099,-0.4794117428,0.2278319476,0.1413343487,0.7242672567,0.4896213979,0.3319253135,-0.3543069485,-0.5046030166,0.3417711527,0.06302040915,0.7242672567,0.4896213979,0.3319253135,-0.3543069485,-0.4923288015,0.346765328,0.06972297635,0.7242672567,0.4896213979,0.3319253135,-0.3543069485,-0.08755524837,-0.1711458904,0.1611844151,0.5146527041,0.5304128365,0.485707588,-0.4667793439,-0.05571292599,-0.2711360699,0.1606454259,0.5032948459,0.5185958823,0.4983050764,-0.4790038204
-0.1720440064,0.08424452738,-0.0171519096,0.2889709145,0.286364079,0.002900530718,-0.1032867637,-0.0913358251,-0.006832725811,0.156413454,0.3592735101,0.0175292009,0.07932451594,0.08639259606,0.7344570675,-0.7562974797,-0.7791604092,0.3088619629,0.3374057279,-0.6669651219,0.4615115083,-0.760162789,-0.3092623327,0.05290000907,-0.04803948829,2,2,2,2,-0.05528178408,0.4532866141,0.1575112826,0.5078435875,0.498764392,0.4920921229,-0.5011729387,0.06766349118,0.4158563043,0.08191784679,0.5378186642,0.4893525914,0.4143551708,-0.547352645,0.0731925576,0.5023087065,0.09918270225,0.5331048729,0.4857811487,0.4185365479,-0.5519447691,0.0369354048,0.3219586852,0.1451232707,0.557948157,0.4662710891,0.4370365482,-0.5294187201,0.1382359247,0.7863782606,0.08765425702,0.4672877256,0.5601901799,0.4909336298,-0.4762492151,0.1300655258,1.224213254,0.1361613588,0.3924530037,0.6224153035,0.5525887144,-0.3914403435,0.1321881748,1.259572054,0.1497631583,0.3915499239,0.6229838098,0.5520204412,-0.3922413318,-0.1751868067,0.4198497445,0.08452719577,0.5457580635,0.4420816132,0.4965790937,-0.5100207712,-0.1822334098,0.5049211526,0.1072398479,0.5440124659,0.4403825422,0.4980865041,-0.5118822988,-0.1471042111,0.3219366843,0.1426675798,0.5250071296,0.466535669,0.4727778726,-0.5321588734,-0.2483669448,0.7889196095,0.1127433221,0.5034356255,0.4790283175,0.5390661366,-0.4759119061,-0.2455450999,1.229088046,0.1317948567,0.3990185467,0.5563523301,0.6203417833,-0.3826648092,-0.2482413209,1.264360787,0.1455179544,0.3941270774,0.5598281546,0.6169640954,-0.3880870897,-0.0551029887,0.1705926462,0.1466443116,0.527316636,0.5178845096,0.471928184,-0.4806418513,0.09485971835,-0.06281347325,0.1758740889,0.508175747,0.539724446,0.4923921107,-0.4560755879,0.1646624943,-0.0506859869,0.2204381928,0.2805162819,0.6861892472,0.2958174649,-0.6024507947,0.2324882561,0.01054234461,0.1945990613,0.03103311368,0.5446760444,0.5350157564,-0.6450760365,0.320118646,0.126610891,0.229396538,0.2138699933,0.244961608,0.4979605103,-0.8039208709,0.3688726995,0.2246927478,0.1547546853,0.3452439248,0.3008827772,0.4798102033,-0.7483704668,0.3895423688,0.3340271594,0.06890913834,0.3452439248,0.3008827772,0.4798102033,-0.7483704668,0.3777380736,0.339471238,0.07608849589,0.3452439248,0.3008827772,0.4798102033,-0.7483704668,-0.2071588813,-0.06328607341,0.1478105092,0.4343750661,0.5846190931,0.5604553372,-0.3942443823,-0.2835013988,-0.06130605078,0.1820648863,0.6018112265,0.4102248527,0.6586290566,-0.1890676699,-0.3436694931,0.009658602676,0.1630722131,0.6182210152,0.5526947802,0.5574285656,-0.04005808903,-0.4269531306,0.1256616973,0.2074453452,0.7814384226,0.5132139178,0.2742164712,-0.2253237518,-0.4794171735,0.2278302743,0.1413258775,0.7241605713,0.4895903147,0.3320042941,-0.3544939201,-0.5046107054,0.3417750568,0.06302077942,0.7241605713,0.4895903147,0.3320042941,-0.3544939201,-0.4923326344,0.3467662403,0.0697185112,0.7241605713,0.4895903147,0.3320042941,-0.3544939201,-0.08755545863,-0.1711456055,0.1611889663,0.5146511435,0.5304148603,0.4857090137,-0.4667772814,-0.05571311442,-0.2711357744,0.1606493046,0.5032918943,0.5185963723,0.4983081102,-0.4790032349
-0.1720430146,0.08424355346,-0.01715138775,0.2889700919,0.286373907,0.002901844955,-0.1032875527,-0.09133680798,-0.006831490657,0.1564138996,0.3592829232,0.01752933649,0.0793279365,0.08628484685,0.7344790949,-0.7564635183,-0.7791184716,0.3095646991,0.3373567696,-0.6670033996,0.4616131496,-0.7601396354,-0.3097805508,0.05290993735,-0.04804515121,2,2,2,2,-0.05528147496,0.4532868475,0.1575135951,0.5078436103,0.4987631706,0.492091725,-0.5011745219,0.06766357443,0.4158562591,0.08192006965,0.5378186992,0.4893511603,0.4143553376,-0.5473537639,0.07319267349,0.5023087024,0.09918470914,0.5331050423,0.4857798253,0.4185365757,-0.5519457492,0.03693558205,0.3219588067,0.1451257869,0.5579479046,0.4662699294,0.4370365042,-0.5294200438,0.1382359355,0.7863782472,0.08765544236,0.4672880912,0.5601888156,0.4909334895,-0.4762506059,0.1300655503,1.224213393,0.1361611696,0.3924506701,0.6224160752,0.5525905562,-0.3914388561,0.1321881931,1.259572105,0.1497631989,0.3915471798,0.6229848353,0.5520220273,-0.3922402099,-0.1751867076,0.4198497924,0.08452983209,0.5457583177,0.4420797972,0.4965788577,-0.510022303,-0.182233265,0.5049212894,0.1072421656,0.5440130311,0.4403810347,0.4980859899,-0.5118834956,-0.1471040397,0.3219369415,0.1426705336,0.5250072372,0.4665341245,0.4727773053,-0.5321606253,-0.2483668843,0.7889197461,0.112744642,0.5034361089,0.4790270141,0.5390657803,-0.4759131102,-0.2455451477,1.229088248,0.13179467,0.3990161664,0.5563530637,0.6203433971,-0.3826636084,-0.2482413374,1.264360908,0.1455179842,0.3941246528,0.5598288941,0.6169656934,-0.3880859449,-0.05510292589,0.1705928445,0.1466475341,0.5273175436,0.5178840805,0.4719269492,-0.4806425304,0.09485958313,-0.06281328851,0.1758782195,0.5082011799,0.5396974221,0.4923659592,-0.4561074605,0.1646628213,-0.05068164774,0.2204404686,0.2805421641,0.6861762462,0.2957749783,-0.6024744107,0.2324903532,0.01054167677,0.1945941206,0.03099299722,0.5446397591,0.5350174528,-0.6451071943,0.3201265607,0.1266087242,0.2293819447,0.2138234693,0.2449337531,0.4979803965,-0.8039294156,0.3688768843,0.2246911469,0.1547383993,0.3454892166,0.3009792445,0.479780285,-0.7482376452,0.3895497081,0.3340329019,0.06890296557,0.3454892166,0.3009792445,0.479780285,-0.7482376452,0.3777400704,0.3394728564,0.07607666067,0.3454892166,0.3009792445,0.479780285,-0.7482376452,-0.2071589876,-0.06328576227,0.1478143263,0.4343906074,0.5846102808,0.5604425192,-0.3942585478,-0.2835016677,-0.0613035708,0.1820682156,0.6018308779,0.4101999203,0.6586252004,-0.1890726455,-0.3436716472,0.009658181674,0.1630706762,0.6182413483,0.5526981117,0.5574050512,-0.04002551022,-0.4269606059,0.1256595464,0.2074383426,0.7814443864,0.513230818,0.2741964707,-0.2252889119,-0.4794222911,0.2278286982,0.1413178923,0.7240599958,0.4895610042,0.3320787152,-0.3546700897,-0.5046179483,0.3417787384,0.06302112954,0.7240599958,0.4895610042,0.3320787152,-0.3546700897,-0.4923362462,0.3467671017,0.06971430331,0.7240599958,0.4895610042,0.3320787152,-0.3546700897,-0.08755565629,-0.1711453371,0.1611932556,0.5146496723,0.5304167664,0.4857103581,-0.4667753386,-0.05571329144,-0.2711354961,0.1606529601,0.5032891139,0.5185968346,0.4983109683,-0.4790026824
-0.1720420855,0.08424263632,-0.01715089706,0.2889693207,0.286383169,0.002903084223,-0.1032882999,-0.09133773331,-0.006830326026,0.1564143203,0.3592917954,0.01752946475,0.07933115669,0.08618331444,0.7344998287,-0.7566199651,-0.7790789392,0.3102267532,0.3373106064,-0.6670394723,0.4617089712,-0.7601177978,-0.3102689154,0.05291929118,-0.04805048229,2,2,2,2,-0.05528118373,0.4532870674,0.1575157757,0.5078436316,0.4987620199,0.4920913506,-0.501176013,0.06766365298,0.4158562164,0.0819221653,0.5378187335,0.4893498112,0.4143554933,-0.5473548186,0.07319278275,0.5023086984,0.09918660098,0.5331052029,0.4857785777,0.4185366006,-0.5519466732,0.03693574912,0.3219589213,0.1451281593,0.5579476682,0.4662688359,0.4370364613,-0.5294212913,0.1382359457,0.7863782345,0.08765655909,0.4672884359,0.5601875303,0.4909333571,-0.476251916,0.1300655735,1.224213524,0.1361609911,0.3924484711,0.6224168027,0.5525922918,-0.3914374539,0.1321882104,1.259572153,0.1497632371,0.3915445938,0.6229858023,0.5520235219,-0.3922391522,-0.1751866144,0.4198498374,0.08453231739,0.5457585576,0.4420780854,0.4965786349,-0.5100237472,-0.1822331286,0.5049214181,0.1072443504,0.544013564,0.4403796136,0.4980855048,-0.5118846237,-0.1471038782,0.3219371838,0.1426733182,0.5250073391,0.4665326683,0.4727767706,-0.5321622764,-0.2483668273,0.7889198745,0.1127458862,0.5034365648,0.4790257856,0.5390654442,-0.4759142452,-0.2455451927,1.229088439,0.131794494,0.399013923,0.5563537554,0.6203449179,-0.3826624765,-0.2482413528,1.264361021,0.1455180123,0.3941223676,0.5598295913,0.6169671992,-0.388084866,-0.05510286654,0.1705930313,0.1466505716,0.5273183979,0.5178836757,0.4719257868,-0.4806431705,0.09485945611,-0.06281311439,0.1758821121,0.508225143,0.5396719557,0.4923413163,-0.4561374931,0.16466313,-0.05067755911,0.2204426128,0.2805665595,0.6861639901,0.2957349496,-0.6024966588,0.2324923284,0.01054104804,0.1945894652,0.03095520267,0.5446055664,0.5350190498,-0.6451365505,0.3201340153,0.1266066841,0.2293681932,0.2137796322,0.2449075124,0.4979991311,-0.8039374631,0.3688808255,0.2246896399,0.1547230539,0.3457202694,0.3010701161,0.4797520624,-0.7481124509,0.3895566182,0.3340383155,0.06889715187,0.3457202694,0.3010701161,0.4797520624,-0.7481124509,0.377741951,0.3394743831,0.07606550999,0.3457202694,0.3010701161,0.4797520624,-0.7481124509,-0.2071590874,-0.0632854692,0.1478179242,0.4344052594,0.584601971,0.5604304343,-0.3942719041,-0.2835019207,-0.06130123293,0.1820713538,0.6018494006,0.4101764169,0.658621564,-0.1890773428,-0.3436736766,0.009657784995,0.1630692272,0.6182605138,0.5527012526,0.5573828831,-0.03999480215,-0.4269676501,0.1256575196,0.2074317409,0.7814500048,0.5132467491,0.2741776206,-0.2252560695,-0.4794271134,0.2278272134,0.1413103654,0.7239651824,0.4895333664,0.3321488403,-0.3548360828,-0.5046247714,0.3417822102,0.06302146053,0.7239651824,0.4895333664,0.3321488403,-0.3548360828,-0.4923396496,0.3467679151,0.06971033787,0.7239651824,0.4895333664,0.3321488403,-0.3548360828,-0.08755584212,-0.1711450843,0.1611972979,0.5146482855,0.5304185618,0.4857116257,-0.4667735085,-0.05571345778,-0.2711352338,0.1606564053,0.5032864947,0.5185972708,0.498313661,-0.479002161
-0.1720412148,0.08424177256,-0.01715043558,0.2889685971,0.2863918975,0.002904252805,-0.1032890073,-0.09133860459,-0.006829227893,0.1564147174,0.3593001577,0.01752958608,0.07933418858,0.08608763907,0.7345193454,-0.756767376,-0.7790416737,0.3108504786,0.3372670802,-0.6670734671,0.4617993041,-0.7600972024,-0.3107291454,0.05292810396,-0.04805550144,2,2,2,2,-0.05528090931,0.4532872745,0.1575178318,0.5078436516,0.4987609359,0.4920909981,-0.5011774176,0.0676637271,0.415856176,0.081924141,0.5378187669,0.4893485395,0.4143556387,-0.5473558126,0.07319288579,0.5023086946,0.09918838435,0.5331053552,0.4857774014,0.418536623,-0.5519475445,0.03693590661,0.3219590293,0.145130396,0.5579474466,0.466267805,0.4370364198,-0.529422467,0.1382359555,0.7863782223,0.08765761124,0.4672887609,0.5601863194,0.4909332321,-0.4762531502,0.1300655953,1.224213648,0.1361608227,0.392446399,0.6224174887,0.5525939272,-0.3914361318,0.1321882266,1.259572198,0.149763273,0.3915421567,0.6229867141,0.55202493,-0.3922381551,-0.1751865265,0.4198498796,0.08453466028,0.5457587838,0.4420764717,0.4965784245,-0.5100251086,-0.182233,0.5049215393,0.1072464101,0.5440140667,0.4403782742,0.4980850471,-0.5118856872,-0.1471037259,0.321937412,0.1426759433,0.5250074356,0.4665312953,0.4727762665,-0.5321638328,-0.2483667735,0.7889199955,0.1127470588,0.5034369946,0.4790246278,0.5390651272,-0.475915315,-0.2455452351,1.229088618,0.131794328,0.3990118088,0.5563544073,0.6203463511,-0.3826614097,-0.2482413673,1.264361128,0.1455180386,0.3941202138,0.5598302486,0.6169686182,-0.3880838493,-0.05510281047,0.1705932073,0.1466534349,0.5273192023,0.517883294,0.4719246925,-0.4806437738,0.09485933676,-0.06281295029,0.1758857804,0.5082477216,0.5396479566,0.4923180948,-0.4561657922,0.1646634214,-0.05067370652,0.220444633,0.2805895537,0.6861524364,0.2956972362,-0.6025176188,0.2324941886,0.01054045615,0.1945850786,0.03091959539,0.5445733453,0.5350205535,-0.6451642098,0.3201410364,0.1266047632,0.2293552349,0.2137383264,0.2448827921,0.4980167812,-0.8039450426,0.3688845373,0.2246882215,0.1547085947,0.3459379106,0.3011557168,0.4797254419,-0.7479944496,0.3895631242,0.3340434189,0.06889167599,0.3459379106,0.3011557168,0.4797254419,-0.7479944496,0.3777437222,0.3394758233,0.07605500405,0.3459379106,0.3011557168,0.4797254419,-0.7479944496,-0.2071591812,-0.06328519314,0.1478213156,0.4344190727,0.5845941354,0.560419041,-0.394284497,-0.2835021588,-0.06129902908,0.1820743117,0.6018668592,0.4101542609,0.658618135,-0.1890817769,-0.3436755886,0.009657411232,0.1630678609,0.6182785785,0.5527042136,0.5573619845,-0.03996585775,-0.4269742882,0.1256556097,0.2074255172,0.7814552981,0.5132617662,0.2741598549,-0.2252251105,-0.4794316577,0.2278258147,0.1413032704,0.7238758029,0.4895073069,0.3322149179,-0.3549924883,-0.504631199,0.341785484,0.06302177336,0.7238758029,0.4895073069,0.3322149179,-0.3549924883,-0.4923428566,0.3467686829,0.06970660088,0.7238758029,0.4895073069,0.3322149179,-0.3549924883,-0.08755601686,-0.1711448461,0.1612011076,0.5146469782,0.530420253,0.4857128208,-0.4667717844,-0.05571361411,-0.2711349867,0.1606596521,0.5032840271,0.5185976822,0.4983161979,-0.479001669
-0.1720403986,0.08424095899,-0.01715000148,0.2889679181,0.2864001236,0.002905354736,-0.1032896768,-0.09133942506,-0.006828192469,0.1564150921,0.3593080396,0.01752970087,0.07933704345,0.08599748215,0.7345377169,-0.7569062739,-0.7790065451,0.3114380931,0.3372260418,-0.6671055035,0.4618844608,-0.7600777795,-0.3111628608,0.05293640712,-0.0480602273,2,2,2,2,-0.05528065071,0.4532874697,0.1575197705,0.5078436703,0.4987599147,0.4920906664,-0.5011787406,0.06766379708,0.4158561378,0.08192600356,0.5378187994,0.4893473408,0.4143557746,-0.5473567494,0.07319298298,0.5023086909,0.09919006544,0.5331054994,0.4857762924,0.4185366431,-0.5519483659,0.03693605511,0.3219591311,0.1451325048,0.557947239,0.4662668329,0.4370363796,-0.5294235751,0.1382359648,0.7863782108,0.08765860256,0.4672890674,0.5601851786,0.4909331142,-0.4762543129,0.1300656159,1.224213764,0.136160664,0.3924444464,0.6224181354,0.5525954684,-0.3914348854,0.1321882419,1.25957224,0.1497633068,0.3915398599,0.6229875737,0.5520262569,-0.392237215,-0.1751864436,0.4198499192,0.08453686889,0.5457589972,0.4420749506,0.496578226,-0.5100263919,-0.1822328788,0.5049216533,0.1072483516,0.5440145407,0.4403770116,0.4980846154,-0.5118866896,-0.1471035823,0.321937627,0.1426784179,0.5250075268,0.4665300009,0.4727757913,-0.5321652997,-0.2483667228,0.7889201093,0.1127481642,0.5034373999,0.4790235366,0.5390648282,-0.4759163232,-0.245545275,1.229088787,0.1317941715,0.3990098163,0.5563550219,0.6203477018,-0.3826604042,-0.2482413809,1.264361228,0.1455180633,0.3941181838,0.5598308683,0.6169699553,-0.388082891,-0.05510275747,0.1705933731,0.1466561339,0.5273199595,0.5178829341,0.4719236623,-0.4806443423,0.09485922461,-0.06281279564,0.1758892373,0.508268996,0.5396253405,0.4922962124,-0.4561924581,0.1646636963,-0.05067007631,0.2204465365,0.2806112272,0.6861415448,0.2956617037,-0.6025373653,0.2324959406,0.01053989892,0.1945809451,0.03088604861,0.5445429818,0.5350219695,-0.6451902705,0.3201476494,0.1266029546,0.2293430239,0.2136994058,0.2448595038,0.4980334098,-0.8039521815,0.3688880332,0.2246868863,0.1546949704,0.3461429196,0.3012363525,0.4797003347,-0.7478832315,0.3895692499,0.3340482299,0.06888651801,0.3461429196,0.3012363525,0.4797003347,-0.7478832315,0.3777453903,0.339477182,0.07604510543,0.3461429196,0.3012363525,0.4797003347,-0.7478832315,-0.2071592693,-0.06328493309,0.1478245121,0.434432095,0.5845867474,0.5604082998,-0.3942963696,-0.2835023829,-0.06129695159,0.1820770998,0.6018833147,0.4101333756,0.6586149016,-0.1890859619,-0.34367739,0.009657059059,0.1630665727,0.6182956056,0.5527070051,0.5573422833,-0.03993857603,-0.4269805436,0.1256538099,0.2074196499,0.781460285,0.5132759217,0.2741431112,-0.2251959274,-0.4794359399,0.2278244971,0.1412965827,0.7237915477,0.4894827363,0.3322771817,-0.3551398611,-0.5046372543,0.341788571,0.06302206894,0.7237915477,0.4894827363,0.3322771817,-0.3551398611,-0.4923458786,0.3467694078,0.06970307917,0.7237915477,0.4894827363,0.3322771817,-0.3551398611,-0.08755618117,-0.1711446217,0.161204698,0.514645746,0.5304218461,0.4857139476,-0.4667701602,-0.05571376104,-0.2711347539,0.1606627121,0.5032817024,0.5185980703,0.498318588,-0.4790012049
-0.1720396331,0.08424019261,-0.01714959308,0.2889672806,0.286407876,0.002906393816,-0.1032903103,-0.09134019776,-0.006827216183,0.1564154458,0.3593154685,0.01752980947,0.07933973187,0.08591252493,0.734555011,-0.7570371514,-0.7789734309,0.3119916861,0.3371873503,-0.6671356944,0.4619647361,-0.760059463,-0.3115715886,0.05294423024,-0.0480646773,2,2,2,2,-0.055280407,0.4532876535,0.1575215985,0.5078436878,0.4987589527,0.4920903541,-0.5011799868,0.06766386314,0.4158561017,0.08192775944,0.5378188309,0.4893462109,0.4143559016,-0.5473576324,0.07319307464,0.5023086873,0.09919165012,0.5331056361,0.4857752469,0.4185366613,-0.5519491402,0.03693619512,0.3219592271,0.1451344928,0.5579470442,0.4662659165,0.4370363409,-0.5294246195,0.1382359736,0.7863781997,0.08765953662,0.4672893565,0.5601841037,0.4909330029,-0.4762554083,0.1300656352,1.224213873,0.1361605143,0.3924426064,0.6224187452,0.5525969207,-0.3914337104,0.1321882563,1.25957228,0.1497633385,0.3915376953,0.6229883841,0.5520275071,-0.3922363289,-0.1751863656,0.4198499563,0.08453895088,0.5457591985,0.4420735167,0.4965780387,-0.5100276017,-0.1822327646,0.5049217607,0.1072501819,0.5440149878,0.4403758215,0.4980842082,-0.5118876345,-0.1471034469,0.3219378295,0.1426807507,0.5250076131,0.4665287806,0.4727753433,-0.5321666823,-0.2483666751,0.7889202165,0.112749206,0.5034377821,0.4790225082,0.5390645462,-0.4759172735,-0.2455453125,1.229088946,0.1317940239,0.3990079384,0.5563556012,0.6203489747,-0.3826594564,-0.2482413937,1.264361323,0.1455180865,0.3941162705,0.5598314525,0.6169712154,-0.3880819879,-0.05510270738,0.1705935293,0.1466586779,0.5273206725,0.5178825948,0.4719226923,-0.4806448781,0.09485911922,-0.0628126499,0.1758924951,0.5082890419,0.5396040275,0.4922755919,-0.4562175852,0.1646639558,-0.05066665563,0.2204483301,0.2806316561,0.6861312776,0.2956282256,-0.6025559689,0.2324975907,0.01053937434,0.1945770503,0.03085444296,0.5445143688,0.5350233029,-0.6452148254,0.3201538781,0.1266012518,0.2293315171,0.2136627324,0.2448375642,0.4980490762,-0.8039589054,0.3688913258,0.2246856295,0.1546821326,0.3463360303,0.3013123113,0.4796766567,-0.7477784098,0.3895750177,0.3340527652,0.06888165925,0.3463360303,0.3013123113,0.4796766567,-0.7477784098,0.3777469613,0.3394784637,0.0760357789,0.3463360303,0.3013123113,0.4796766567,-0.7477784098,-0.2071593521,-0.06328468812,0.147827525,0.4344443712,0.5845797815,0.5603981738,-0.3943075629,-0.2835025938,-0.06129499327,0.1820797276,0.6018988246,0.4101136886,0.6586118528,-0.1890899115,-0.3436790872,0.009656727225,0.1630653581,0.6183116544,0.5527096366,0.5573237112,-0.03991286178,-0.4269864383,0.125652114,0.2074141188,0.7814649834,0.5132892648,0.2741273308,-0.2251684188,-0.4794399751,0.2278232558,0.141290279,0.7237121243,0.4894595702,0.3323358523,-0.3552787237,-0.5046429589,0.3417914817,0.06302234818,0.7237121243,0.4894595702,0.3323358523,-0.3552787237,-0.4923487262,0.346770092,0.06969976035,0.7237121243,0.4894595702,0.3323358523,-0.3552787237,-0.0875563357,-0.1711444103,0.1612080818,0.5146445845,0.5304233469,0.4857150099,-0.4667686299,-0.05571389916,-0.2711345345,0.1606655959,0.5032795123,0.5185984364,0.4983208399,-0.479000767
-0.172038915,0.08423947065,-0.01714920878,0.2889666819,0.2864151822,0.002907373624,-0.1032909096,-0.09134092554,-0.006826295671,0.1564157795,0.3593224704,0.01752991223,0.07934226372,0.08583246727,0.7345712914,-0.757160472,-0.7789422156,0.3125132265,0.3371508724,-0.667164146,0.4620404082,-0.7600421908,-0.3119567677,0.05295160114,-0.0480688678,2,2,2,2,-0.05528017731,0.4532878268,0.157523322,0.5078437042,0.4987580463,0.4920900601,-0.5011811608,0.06766392551,0.4158560675,0.08192941471,0.5378188614,0.4893451459,0.4143560205,-0.5473584646,0.07319316112,0.5023086838,0.09919314389,0.5331057655,0.4857742613,0.4185366777,-0.5519498702,0.03693632714,0.3219593175,0.145136367,0.5579468615,0.4662650525,0.4370363036,-0.5294256037,0.138235982,0.7863781892,0.08766041674,0.4672896292,0.5601830909,0.4909328979,-0.4762564402,0.1300656535,1.224213976,0.1361603732,0.3924408725,0.62241932,0.5525982893,-0.3914326026,0.1321882698,1.259572317,0.1497633684,0.3915356554,0.6229891483,0.5520286852,-0.3922354935,-0.1751862919,0.4198499912,0.08454091348,0.5457593884,0.4420721652,0.4965778619,-0.5100287422,-0.1822326569,0.5049218618,0.1072519071,0.5440154093,0.4403746998,0.4980838242,-0.5118885252,-0.1471033192,0.3219380203,0.1426829498,0.5250076947,0.4665276302,0.472774921,-0.5321679855,-0.24836663,0.7889203173,0.112750188,0.5034381424,0.4790215389,0.5390642802,-0.4759181692,-0.2455453479,1.229089096,0.1317938847,0.3990061687,0.5563561473,0.6203501744,-0.3826585631,-0.2482414057,1.264361412,0.1455181084,0.3941144673,0.5598320033,0.6169724029,-0.3880811369,-0.05510266004,0.1705936765,0.1466610759,0.5273213439,0.5178822749,0.4719217789,-0.4806453829,0.09485902016,-0.06281251257,0.1758955653,0.5083079302,0.5395839425,0.4922561604,-0.4562412625,0.1646642006,-0.05066343237,0.2204500201,0.2806509116,0.6861215991,0.295596683,-0.602573496,0.2324991449,0.01053888049,0.1945733803,0.03082466601,0.5444874053,0.5350245586,-0.6452379617,0.320159745,0.1265996484,0.2293206738,0.2136281766,0.2448168951,0.4980638362,-0.8039652387,0.3688944268,0.2246844465,0.154670036,0.3465179341,0.3013838645,0.4796543282,-0.7476796192,0.3895804485,0.3340570403,0.06887708214,0.3465179341,0.3013838645,0.4796543282,-0.7476796192,0.3777484408,0.3394796728,0.07602699131,0.3465179341,0.3013838645,0.4796543282,-0.7476796192,-0.2071594299,-0.06328445735,0.1478303648,0.4344559439,0.584573214,0.5603886279,-0.3943181153,-0.2835027923,-0.06129314732,0.1820822044,0.6019134431,0.4100951313,0.6586089782,-0.1890936386,-0.3436806863,0.009656414553,0.163064213,0.618326781,0.5527121174,0.5573062038,-0.03988862519,-0.4269919932,0.1256505159,0.2074089047,0.7814694101,0.5133018419,0.2741124585,-0.225142489,-0.4794437777,0.2278220864,0.1412843373,0.7236372572,0.489437729,0.3323911371,-0.3554095685,-0.5046483332,0.341794226,0.06302261193,0.7236372572,0.489437729,0.3323911371,-0.3554095685,-0.4923514096,0.3467707377,0.06969663271,0.7236372572,0.489437729,0.3323911371,-0.3554095685,-0.08755648105,-0.1711442111,0.1612112707,0.5146434898,0.5304247608,0.4857160112,-0.4667671882,-0.05571402902,-0.2711343279,0.1606683137,0.5032774489,0.5185987817,0.4983229616,-0.4790003539
-0.1720382413,0.08423879047,-0.01714884712,0.2889661195,0.2864220678,0.002908297535,-0.1032914764,-0.09134161107,-0.006825427758,0.1564160943,0.3593290699,0.01753000947,0.07934464826,0.08575702653,0.7345866177,-0.7572766726,-0.7789127906,0.3130045694,0.3371164827,-0.6671909585,0.4621117397,-0.760025904,-0.3123197543,0.05295854604,-0.04807281414,2,2,2,2,-0.05527996082,0.45328799,0.1575249469,0.5078437196,0.4987571925,0.4920897834,-0.5011822668,0.06766398441,0.4158560352,0.0819309751,0.5378188908,0.489344142,0.4143561318,-0.5473592489,0.0731932427,0.5023086805,0.09919455194,0.5331058879,0.4857733322,0.4185366926,-0.5519505584,0.03693645164,0.3219594028,0.1451381339,0.55794669,0.4662642381,0.4370362678,-0.5294265312,0.1382359901,0.7863781793,0.08766124605,0.4672898863,0.5601821367,0.4909327988,-0.4762574125,0.1300656707,1.224214072,0.1361602401,0.3924392387,0.6224198619,0.552599579,-0.3914315582,0.1321882825,1.259572352,0.1497633964,0.391533733,0.6229898686,0.5520297953,-0.3922347061,-0.1751862225,0.4198500239,0.0845427635,0.5457595674,0.4420708912,0.4965776952,-0.5100298172,-0.1822325554,0.5049219569,0.1072535334,0.5440158068,0.4403736426,0.498083462,-0.5118893647,-0.1471031988,0.3219382001,0.1426850228,0.5250077718,0.4665265457,0.4727745229,-0.5321692139,-0.2483665875,0.7889204123,0.1127511135,0.5034384822,0.4790206254,0.5390640294,-0.4759190134,-0.2455453812,1.229089237,0.1317937534,0.3990045008,0.556356662,0.6203513049,-0.3826577211,-0.248241417,1.264361496,0.1455181288,0.3941127677,0.5598325225,0.616973522,-0.3880803348,-0.05510261529,0.1705938152,0.1466633361,0.5273219762,0.5178819734,0.4719209187,-0.4806458587,0.09485892705,-0.06281238316,0.1758984586,0.508325728,0.539565015,0.4922378492,-0.4562635737,0.1646644316,-0.05066039513,0.2204516126,0.2806690611,0.6861124757,0.2955669638,-0.6025900089,0.2325006087,0.01053841556,0.1945699222,0.03079661187,0.5444619961,0.5350257413,-0.6452597614,0.3201652711,0.1265981388,0.2293104559,0.213595616,0.2447974226,0.4980777424,-0.8039712042,0.3688973475,0.2246833331,0.1546586378,0.3466892823,0.3014512679,0.4796332737,-0.747586515,0.3895855623,0.3340610703,0.06887277021,0.3466892823,0.3014512679,0.4796332737,-0.747586515,0.3777498342,0.3394808134,0.07601871146,0.3466892823,0.3014512679,0.4796332737,-0.747586515,-0.207159503,-0.06328423996,0.1478330413,0.4344668531,0.5845670221,0.560379629,-0.3943280634,-0.2835029792,-0.0612914073,0.1820845387,0.6019272212,0.4100776392,0.6586062678,-0.1890971553,-0.3436821929,0.009656119931,0.1630631334,0.6183410381,0.5527144559,0.5572897005,-0.03986578157,-0.4269972277,0.12564901,0.2074039895,0.7814735807,0.5133136968,0.274098442,-0.2251180478,-0.4794473609,0.2278209847,0.1412787369,0.7235666861,0.4894171376,0.3324432319,-0.355532859,-0.5046533964,0.3417968135,0.06302286101,0.7235666861,0.4894171376,0.3324432319,-0.355532859,-0.4923539382,0.346771347,0.06969368525,0.7235666861,0.4894171376,0.3324432319,-0.355532859,-0.08755661777,-0.1711440235,0.161214276,0.514642458,0.5304260928,0.4857169552,-0.4667658299,-0.05571415113,-0.2711341331,0.1606708751,0.5032755049,0.5185991073,0.4983249606,-0.4789999642
-0.1720376089,0.08423814962,-0.01714850673,0.2889655911,0.286428557,0.00290916873,-0.1032920123,-0.09134225684,-0.006824609454,0.1564163913,0.3593352899,0.01753010148,0.07934689416,0.0856859365,0.7346010465,-0.7573861641,-0.7788850535,0.3134674627,0.3370840623,-0.6672162264,0.4621789785,-0.7600105469,-0.3126618267,0.0529650896,-0.0480765307,2,2,2,2,-0.05527975675,0.4532881438,0.1575264789,0.5078437339,0.4987563881,0.4920895228,-0.5011833086,0.06766404003,0.4158560047,0.08193244604,0.5378189191,0.4893431958,0.4143562361,-0.5473599881,0.07319331968,0.5023086773,0.09919587918,0.5331060038,0.4857724564,0.418536706,-0.5519512071,0.03693656905,0.3219594831,0.1451397995,0.5579465291,0.4662634703,0.4370362335,-0.5294274054,0.1382359977,0.7863781698,0.08766202751,0.4672901288,0.5601812375,0.4909327054,-0.4762583286,0.1300656869,1.224214164,0.1361601147,0.392437699,0.6224203727,0.5526007944,-0.3914305737,0.1321882945,1.259572385,0.1497634228,0.3915319212,0.6229905478,0.5520308412,-0.3922339638,-0.1751861571,0.4198500547,0.08454450736,0.5457597363,0.4420696903,0.4965775379,-0.5100308305,-0.1822324597,0.5049220465,0.1072550663,0.5440161817,0.4403726461,0.4980831204,-0.511890156,-0.1471030852,0.3219383695,0.1426869768,0.5250078447,0.4665255233,0.4727741477,-0.5321703716,-0.2483665474,0.7889205017,0.1127519859,0.5034388025,0.4790197644,0.539063793,-0.475919809,-0.2455454125,1.22908937,0.1317936297,0.3990029289,0.5563571471,0.6203523704,-0.3826569275,-0.2482414276,1.264361575,0.1455181481,0.3941111659,0.559833012,0.6169745765,-0.3880795789,-0.055102573,0.1705939459,0.1466654666,0.5273225716,0.5178816892,0.4719201087,-0.480646307,0.09485883952,-0.06281226123,0.1759011852,0.5083424982,0.5395471782,0.4922205939,-0.4562845975,0.1646646496,-0.05065753318,0.2204531131,0.280686168,0.6861038756,0.2955389625,-0.6026055664,0.2325019875,0.01053797786,0.1945666636,0.03077018084,0.5444380518,0.5350268552,-0.6452803019,0.3201704763,0.1265967174,0.2293008272,0.2135649356,0.2447790775,0.4980908443,-0.8039768233,0.3689000984,0.224682285,0.1546478975,0.3468506882,0.3015147624,0.4796134217,-0.7474987718,0.3895903775,0.3340648691,0.06886870797,0.3468506882,0.3015147624,0.4796134217,-0.7474987718,0.3777511464,0.3394818893,0.07601090997,0.3468506882,0.3015147624,0.4796134217,-0.7474987718,-0.2071595717,-0.06328403516,0.1478355639,0.4344771366,0.5845611847,0.5603711461,-0.3943374414,-0.2835031551,-0.06128976718,0.1820867389,0.6019402071,0.4100611515,0.6586037124,-0.1891004733,-0.3436836125,0.009655842316,0.1630621155,0.6183544756,0.5527166603,0.557274144,-0.03984425107,-0.4270021605,0.1256475908,0.2073993562,0.7814775102,0.5133248708,0.2740852323,-0.2250950101,-0.4794507376,0.2278199468,0.1412734583,0.7235001654,0.4893977249,0.3324923208,-0.3556490321,-0.5046581666,0.341799253,0.0630230962,0.7235001654,0.4893977249,0.3324923208,-0.3556490321,-0.492356321,0.3467719219,0.06969090759,0.7235001654,0.4893977249,0.3324923208,-0.3556490321,-0.08755674638,-0.1711438467,0.1612171082,0.5146414854,0.5304273477,0.485717845,-0.4667645502,-0.05571426595,-0.2711339497,0.160673289,0.5032736733,0.5185994145,0.498326844,-0.4789995967
-0.1720370152,0.08423754581,-0.01714818631,0.2889650944,0.2864346727,0.002909990208,-0.103292519,-0.0913428652,-0.006823837938,0.1564166715,0.3593411523,0.01753018854,0.07934900959,0.0856189464,0.7346146306,-0.7574893341,-0.7788589078,0.3139035532,0.3370534994,-0.6672400385,0.4622423581,-0.759996067,-0.3129841893,0.05297125506,-0.048080031,2,2,2,2,-0.0552795644,0.4532882886,0.1575279231,0.5078437473,0.4987556302,0.4920892774,-0.5011842901,0.06766409257,0.4158559759,0.08193383261,0.5378189463,0.489342304,0.4143563338,-0.5473606848,0.07319339231,0.5023086742,0.09919713022,0.5331061135,0.4857716308,0.4185367182,-0.5519518185,0.03693667978,0.3219595588,0.1451413697,0.5579463779,0.4662627466,0.4370362006,-0.5294282293,0.138236005,0.7863781608,0.08766276388,0.4672903574,0.5601803903,0.4909326172,-0.4762591916,0.1300657022,1.224214249,0.1361599963,0.3924362482,0.6224208543,0.5526019398,-0.3914296456,0.1321883058,1.259572416,0.1497634477,0.3915302138,0.622991188,0.5520318268,-0.3922332641,-0.1751860953,0.4198500836,0.08454615113,0.5457598955,0.4420685585,0.4965773895,-0.5100317856,-0.1822323694,0.5049221308,0.1072565113,0.5440165351,0.4403717068,0.4980827983,-0.5118909018,-0.1471029781,0.321938529,0.1426888187,0.5250079136,0.4665245595,0.472773794,-0.5321714627,-0.2483665095,0.7889205859,0.1127528081,0.5034391046,0.479018953,0.53906357,-0.4759205588,-0.2455454421,1.229089496,0.131793513,0.3990014476,0.5563576043,0.6203533745,-0.3826561794,-0.2482414376,1.264361649,0.1455181662,0.3941096563,0.5598334734,0.6169755702,-0.3880788666,-0.05510253302,0.170594069,0.1466674746,0.5273231323,0.5178814214,0.4719193458,-0.4806467294,0.09485875723,-0.06281214634,0.1759037547,0.5083583003,0.5395303694,0.4922043335,-0.4563044083,0.1646648552,-0.05065483641,0.220454527,0.2807022921,0.686095769,0.2955125797,-0.6026202239,0.2325032862,0.01053756578,0.1945635932,0.03074527896,0.5444154878,0.5350279043,-0.645299656,0.3201753792,0.1265953791,0.2292917538,0.2135360268,0.2447617943,0.4981031884,-0.8039821161,0.3689026894,0.2246812984,0.1546377772,0.3470027293,0.3015745747,0.4795947046,-0.747416083,0.3895949118,0.3340684498,0.06886488087,0.3470027293,0.3015745747,0.4795947046,-0.747416083,0.3777523822,0.3394829043,0.07600355917,0.3470027293,0.3015745747,0.4795947046,-0.747416083,-0.2071596363,-0.06328384222,0.1478379414,0.4344868303,0.5845556816,0.5603631496,-0.3943462818,-0.2835033207,-0.06128822124,0.1820888124,0.6019524464,0.4100456107,0.6586013032,-0.1891036035,-0.34368495,0.009655580721,0.163061156,0.6183671405,0.5527187383,0.5572594801,-0.03982395839,-0.4270068089,0.1256462536,0.2073949886,0.7814812125,0.513335403,0.2740727828,-0.2250732955,-0.4794539195,0.2278189689,0.1412684829,0.7234374638,0.4893794238,0.3325385776,-0.3557584994,-0.5046626608,0.3418015529,0.06302331825,0.7234374638,0.4893794238,0.3325385776,-0.3557584994,-0.4923585663,0.3467724644,0.06968828994,0.7234374638,0.4893794238,0.3325385776,-0.3557584994,-0.08755686738,-0.1711436801,0.1612197774,0.5146405688,0.53042853,0.4857186838,-0.4667633444,-0.05571437394,-0.2711337768,0.1606755638,0.5032719476,0.5185997042,0.4983286186,-0.47899925
-0.1720364577,0.08423697685,-0.01714788466,0.2889646274,0.2864404363,0.002910764796,-0.1032929979,-0.09134343834,-0.006823110549,0.1564169357,0.3593466775,0.01753027092,0.07935100219,0.08555581996,0.7346274198,-0.7575865473,-0.7788342624,0.3143143924,0.3370246881,-0.6672624787,0.4623020991,-0.7599824146,-0.3132879775,0.05297706429,-0.04808332773,2,2,2,2,-0.05527938307,0.4532884251,0.1575292847,0.5078437599,0.4987549162,0.4920890464,-0.5011852148,0.06766414218,0.4158559486,0.08193513963,0.5378189724,0.4893414634,0.4143564253,-0.5473613413,0.07319346084,0.5023086713,0.09919830944,0.5331062172,0.4857708526,0.4185367293,-0.5519523948,0.03693678421,0.3219596301,0.1451428498,0.557946236,0.4662620643,0.4370361691,-0.5294290057,0.138236012,0.7863781522,0.08766345777,0.4672905731,0.5601795919,0.490932534,-0.4762600048,0.1300657165,1.22421433,0.1361598848,0.392434881,0.6224213082,0.5526030191,-0.3914287706,0.1321883164,1.259572445,0.149763471,0.3915286047,0.6229917916,0.5520327556,-0.3922326045,-0.1751860371,0.4198501107,0.08454770053,0.5457600457,0.4420674916,0.4965772495,-0.5100326859,-0.1822322843,0.5049222102,0.1072578732,0.5440168684,0.4403708216,0.4980824945,-0.5118916048,-0.1471028771,0.3219386793,0.1426905548,0.5250079786,0.4665236511,0.4727734606,-0.5321724912,-0.2483664738,0.7889206652,0.1127535831,0.5034393893,0.4790181882,0.5390633597,-0.4759212654,-0.2455454699,1.229089614,0.131793403,0.3990000515,0.5563580353,0.6203543208,-0.3826554743,-0.248241447,1.264361719,0.1455181832,0.3941082334,0.5598339084,0.6169765067,-0.3880781952,-0.05510249523,0.170594185,0.1466693672,0.5273236604,0.517881169,0.4719186273,-0.4806471275,0.09485867985,-0.06281203809,0.1759061762,0.5083731901,0.5395145295,0.4921890108,-0.456323076,0.1646650492,-0.05065229527,0.2204558593,0.2807174896,0.6860881277,0.2954877218,-0.6026340335,0.2325045094,0.01053717783,0.1945607,0.03072181775,0.5443942248,0.5350288925,-0.6453178922,0.3201799975,0.126594119,0.2292832037,0.2135087874,0.2447455114,0.4981148186,-0.8039871018,0.3689051298,0.2246803698,0.1546282411,0.3471459496,0.3016309186,0.4795770586,-0.7473381587,0.3895991815,0.334071825,0.0688612752,0.3471459496,0.3016309186,0.4795770586,-0.7473381587,0.377753546,0.3394838617,0.07599663302,0.3471459496,0.3016309186,0.4795770586,-0.7473381587,-0.207159697,-0.06328366045,0.1478401822,0.4344959676,0.5845504938,0.5603556119,-0.3943546153,-0.2835034766,-0.0612867641,0.1820907667,0.6019639817,0.4100309627,0.6585990318,-0.1891065563,-0.3436862102,0.00965533422,0.1630602513,0.6183790771,0.552720697,0.557245658,-0.03980483254,-0.4270111892,0.1256449934,0.2073908717,0.7814847008,0.51334533,0.27406105,-0.2250528283,-0.479456918,0.2278180476,0.1412637935,0.7233783628,0.4893621712,0.3325821657,-0.3558616483,-0.504666895,0.3418037211,0.06302352787,0.7233783628,0.4893621712,0.3325821657,-0.3558616483,-0.4923606821,0.3467729762,0.0696858231,0.7233783628,0.4893621712,0.3325821657,-0.3558616483,-0.08755698122,-0.1711435232,0.1612222928,0.514639705,0.530429644,0.4857194743,-0.4667622083,-0.05571447552,-0.271133614,0.1606777077,0.5032703217,0.5185999774,0.4983302905,-0.4789989231
-0.1720359342,0.08423644072,-0.01714760066,0.2889641884,0.2864458681,0.002911495161,-0.1032934505,-0.09134397833,-0.006822424776,0.1564171849,0.359351885,0.01753034886,0.07935287915,0.0854963346,0.734639461,-0.7576781475,-0.7788110317,0.3147014421,0.3369975287,-0.667283626,0.4623584095,-0.759969543,-0.3135742612,0.0529825379,-0.04808643281,2,2,2,2,-0.05527921214,0.4532885537,0.1575305683,0.5078437717,0.4987542435,0.4920888288,-0.5011860859,0.06766418905,0.4158559228,0.08193637165,0.5378189974,0.4893406711,0.4143565112,-0.54736196,0.07319352551,0.5023086685,0.09919942092,0.5331063153,0.485770119,0.4185367394,-0.551952938,0.03693688271,0.3219596973,0.145144245,0.5579461026,0.4662614213,0.437036139,-0.5294297374,0.1382360186,0.7863781441,0.08766411165,0.4672907765,0.5601788397,0.4909324555,-0.4762607709,0.1300657301,1.224214406,0.1361597796,0.3924335927,0.6224217361,0.5526040363,-0.3914279459,0.1321883263,1.259572473,0.149763493,0.3915270883,0.6229923606,0.5520336307,-0.3922319828,-0.1751859822,0.4198501363,0.08454916094,0.5457601874,0.442066486,0.4965771175,-0.5100335344,-0.182232204,0.504922285,0.107259157,0.5440171827,0.4403699872,0.4980822081,-0.5118922673,-0.1471027819,0.3219388209,0.1426921913,0.52500804,0.4665227947,0.4727731463,-0.5321734605,-0.2483664402,0.7889207398,0.1127543135,0.5034396578,0.4790174675,0.5390631614,-0.4759219314,-0.245545496,1.229089725,0.1317932993,0.3989987359,0.5563584415,0.6203552126,-0.3826548098,-0.2482414559,1.264361785,0.1455181992,0.3941068925,0.5598343184,0.6169773891,-0.3880775626,-0.05510245952,0.1705942943,0.146671151,0.5273241578,0.5178809311,0.4719179506,-0.4806475026,0.0948586071,-0.06281193609,0.1759084581,0.5083872203,0.5394996026,0.4921745717,-0.4563406665,0.1646652322,-0.05064990081,0.2204571147,0.2807318137,0.6860809251,0.2954643006,-0.6026470443,0.2325056616,0.01053681257,0.1945579739,0.03069971387,0.5443741878,0.5350298234,-0.6453350752,0.3201843478,0.1265929324,0.2292751468,0.2134831211,0.244730171,0.4981257763,-0.8039917981,0.3689074283,0.2246794956,0.1546192556,0.3472808616,0.3016839953,0.4795604231,-0.747264726,0.3896032022,0.3340750064,0.06885787811,0.3472808616,0.3016839953,0.4795604231,-0.747264726,0.3777546421,0.3394847647,0.07599010697,0.3472808616,0.3016839953,0.4795604231,-0.747264726,-0.2071597541,-0.0632834892,0.147842294,0.4345045804,0.5845456033,0.5603485067,-0.3943624707,-0.2835036234,-0.06128539068,0.1820926085,0.6019748535,0.4100171564,0.6585968905,-0.1891093416,-0.3436873975,0.009655101937,0.1630593985,0.6183903272,0.5527225434,0.5572326295,-0.03978680657,-0.4270153171,0.1256438058,0.2073869911,0.7814879875,0.5133546865,0.2740499926,-0.225033537,-0.4794597436,0.2278171795,0.1412593737,0.7233226562,0.4893459073,0.3326232392,-0.3559588442,-0.5046708844,0.3418057651,0.06302372573,0.7233226562,0.4893459073,0.3326232392,-0.3559588442,-0.4923626759,0.3467734591,0.06968349838,0.7233226562,0.4893459073,0.3326232392,-0.3559588442,-0.08755708833,-0.1711433754,0.1612246634,0.5146388908,0.5304306936,0.4857202195,-0.4667611379,-0.05571457106,-0.2711334606,0.160679728,0.5032687898,0.518600235,0.4983318659,-0.4789986147
-0.1720354423,0.08423593551,-0.01714733326,0.2889637755,0.2864509871,0.002912183818,-0.1032938781,-0.09134448711,-0.006821778254,0.15641742,0.3593567928,0.01753042261,0.07935464722,0.08544028056,0.7346507982,-0.7577644585,-0.7787891346,0.3150660797,0.3369719271,-0.6673035549,0.4624114857,-0.7599574078,-0.3138440487,0.05298769529,-0.04808935744,2,2,2,2,-0.055279051,0.4532886748,0.1575317783,0.5078437827,0.4987536097,0.492088624,-0.5011869066,0.06766423331,0.4158558985,0.08193753295,0.5378190214,0.4893399244,0.4143565917,-0.5473625431,0.07319358653,0.5023086657,0.09920046855,0.5331064081,0.4857694276,0.4185367486,-0.55195345,0.0369369756,0.3219597606,0.1451455601,0.5579459773,0.4662608152,0.4370361102,-0.529430427,0.1382360249,0.7863781364,0.08766472782,0.4672909683,0.5601781309,0.4909323814,-0.4762614928,0.1300657428,1.224214478,0.1361596805,0.3924323788,0.6224221394,0.5526049948,-0.3914271684,0.1321883357,1.259572499,0.1497635137,0.3915256592,0.622992897,0.5520344553,-0.3922313968,-0.1751859303,0.4198501602,0.08455053746,0.5457603209,0.4420655382,0.496576993,-0.5100343342,-0.1822321283,0.5049223554,0.107260367,0.544017479,0.4403692009,0.498081938,-0.5118928916,-0.147102692,0.3219389544,0.1426937337,0.5250080981,0.4665219876,0.4727728501,-0.532174374,-0.2483664084,0.7889208101,0.1127550018,0.503439911,0.4790167882,0.5390629745,-0.475922559,-0.2455455207,1.229089829,0.1317932015,0.3989974961,0.5563588244,0.620356053,-0.3826541834,-0.2482414642,1.264361847,0.1455182142,0.3941056287,0.5598347049,0.6169782207,-0.3880769663,-0.05510242576,0.1705943972,0.1466728322,0.5273246263,0.5178807069,0.4719173132,-0.480647856,0.09485853868,-0.06281184,0.1759106086,0.5084004405,0.5394855364,0.4921609654,-0.456357242,0.1646654048,-0.05064764456,0.2204582978,0.2807453144,0.6860741361,0.2954422332,-0.6026593026,0.2325067468,0.01053646869,0.1945554052,0.03067888879,0.5443553063,0.5350307002,-0.6453512657,0.3201884455,0.1265918152,0.2292675547,0.2134589371,0.2447157184,0.4981361003,-0.803996222,0.3689095933,0.2246786728,0.1546107889,0.3474079478,0.3017339945,0.4795447409,-0.7471955271,0.3896069886,0.334078005,0.06885467747,0.3474079478,0.3017339945,0.4795447409,-0.7471955271,0.3777556743,0.3394856165,0.07598395791,0.3474079478,0.3017339945,0.4795447409,-0.7471955271,-0.2071598077,-0.06328332787,0.1478442844,0.4345126986,0.5845409932,0.5603418094,-0.3943698754,-0.2835037615,-0.06128409618,0.1820943442,0.6019850998,0.4100041435,0.6585948719,-0.1891119687,-0.3436885163,0.00965488305,0.1630585944,0.6184009301,0.5527242837,0.5572203492,-0.03976981736,-0.4270192069,0.1256426868,0.2073833332,0.7814910843,0.5133635052,0.2740395719,-0.2250153545,-0.4794624062,0.2278163616,0.141255208,0.7232701499,0.4893305757,0.3326619434,-0.3560504309,-0.5046746431,0.341807692,0.06302391247,0.7232701499,0.4893305757,0.3326619434,-0.3560504309,-0.4923645547,0.3467739145,0.06968130759,0.7232701499,0.4893305757,0.3326619434,-0.3560504309,-0.08755718911,-0.1711432361,0.1612268973,0.5146381234,0.5304316824,0.4857209218,-0.4667601293,-0.05571466094,-0.271133316,0.160681632,0.5032673465,0.518600478,0.4983333501,-0.4789983239
-0.1720349802,0.08423545943,-0.01714708147,0.2889633871,0.2864558113,0.00291283314,-0.1032942821,-0.09134496649,-0.006821168748,0.1564176416,0.3593614183,0.01753049239,0.07935631275,0.0853874602,0.7346614728,-0.7578457855,-0.7787684951,0.3154096026,0.3369477943,-0.6673223357,0.4624615125,-0.7599459672,-0.3140982903,0.05299255475,-0.04809211217,2,2,2,2,-0.0552788991,0.453288789,0.1575329189,0.507843793,0.4987530127,0.492088431,-0.5011876797,0.06766427512,0.4158558755,0.08193862756,0.5378190443,0.4893392206,0.4143566672,-0.5473630926,0.07319364412,0.5023086631,0.09920145599,0.5331064957,0.4857687759,0.4185367569,-0.5519539326,0.03693706321,0.3219598202,0.1451467998,0.5579458596,0.4662602439,0.4370360828,-0.5294310768,0.1382360309,0.7863781291,0.08766530846,0.4672911492,0.560177463,0.4909323116,-0.4762621729,0.1300657549,1.224214545,0.136159587,0.3924312348,0.6224225196,0.5526058981,-0.3914264356,0.1321883445,1.259572523,0.1497635331,0.3915243125,0.6229934026,0.5520352323,-0.3922308445,-0.1751858814,0.4198501828,0.08455183487,0.5457604469,0.4420646448,0.4965768757,-0.510035088,-0.1822320569,0.5049224217,0.1072615074,0.5440177584,0.4403684597,0.4980816834,-0.5118934801,-0.1471026072,0.3219390801,0.1426951876,0.5250081528,0.4665212268,0.4727725708,-0.532175235,-0.2483663784,0.7889208762,0.1127556506,0.5034401496,0.4790161481,0.5390627983,-0.4759231504,-0.2455455439,1.229089928,0.1317931093,0.3989963277,0.5563591852,0.6203568451,-0.3826535931,-0.2482414721,1.264361905,0.1455182284,0.3941044377,0.5598350692,0.6169790044,-0.3880764045,-0.05510239386,0.1705944942,0.1466744168,0.5273250675,0.5178804956,0.4719167128,-0.480648189,0.09485847434,-0.06281174946,0.1759126351,0.5084128975,0.5394722811,0.4921481438,-0.4563728608,0.1646655676,-0.05064551855,0.2204594125,0.2807580389,0.6860677372,0.2954214413,-0.6026708518,0.2325077691,0.01053614493,0.1945529847,0.03065926853,0.5443375136,0.5350315262,-0.6453665211,0.3201923055,0.1265907632,0.2292604006,0.21343615,0.2447021021,0.4981458273,-0.8040003892,0.3689116325,0.2246778982,0.154602811,0.3475276628,0.3017810948,0.4795299582,-0.7471303191,0.3896105543,0.3340808313,0.06885166189,0.3475276628,0.3017810948,0.4795299582,-0.7471303191,0.3777566465,0.3394864198,0.07597816406,0.3475276628,0.3017810948,0.4795299582,-0.7471303191,-0.2071598581,-0.06328317587,0.1478461601,0.4345203506,0.5845366476,0.5603354966,-0.394376855,-0.2835038916,-0.06128287608,0.1820959801,0.6019947567,0.4099918786,0.6585929689,-0.1891144464,-0.3436895704,0.009654676784,0.1630578365,0.618410923,0.5527259241,0.5572087743,-0.03975380541,-0.4270228725,0.1256416322,0.2073798854,0.7814940021,0.513371817,0.2740297511,-0.224998217,-0.4794649153,0.227815591,0.1412512817,0.7232206606,0.4893161233,0.332698415,-0.3561367325,-0.5046781844,0.3418095084,0.06302408871,0.7232206606,0.4893161233,0.332698415,-0.3561367325,-0.4923663252,0.3467743441,0.06967924302,0.7232206606,0.4893161233,0.332698415,-0.3561367325,-0.08755728395,-0.1711431049,0.1612290026,0.5146374003,0.5304326142,0.4857215837,-0.466759179,-0.0557147455,-0.2711331798,0.1606834263,0.5032659867,0.5186007072,0.4983347485,-0.4789980497
-0.1720345459,0.08423501078,-0.01714684436,0.2889630217,0.2864603577,0.002913445363,-0.1032946637,-0.09134541819,-0.006820594151,0.1564178507,0.3593657775,0.01753055841,0.0793578817,0.08533768726,0.7346715238,-0.757922416,-0.7787490411,0.3157332335,0.3369250465,-0.6673400343,0.4625086647,-0.7599351819,-0.3143378816,0.05299713349,-0.0480947069,2,2,2,2,-0.05527875589,0.4532888965,0.1575339941,0.5078438027,0.4987524501,0.4920882493,-0.5011884082,0.06766431462,0.4158558538,0.08193965931,0.5378190661,0.4893385574,0.4143567381,-0.5473636104,0.07319369846,0.5023086606,0.09920238667,0.5331065786,0.4857681617,0.4185367645,-0.5519543873,0.03693714585,0.3219598764,0.1451479683,0.5579457489,0.4662597054,0.4370360567,-0.5294316892,0.1382360366,0.7863781221,0.08766585562,0.4672913198,0.5601768336,0.4909322457,-0.4762628137,0.1300657662,1.224214609,0.1361594989,0.3924301569,0.6224228779,0.5526067493,-0.3914257447,0.1321883528,1.259572546,0.1497635514,0.3915230433,0.6229938792,0.5520359644,-0.3922303239,-0.1751858353,0.4198502039,0.08455305772,0.5457605656,0.4420638029,0.496576765,-0.5100357985,-0.1822319896,0.5049224841,0.1072625823,0.5440180218,0.4403677612,0.4980814433,-0.5118940346,-0.1471025273,0.3219391985,0.1426965579,0.5250082045,0.4665205097,0.4727723076,-0.5321760464,-0.2483663501,0.7889209385,0.1127562621,0.5034403747,0.4790155448,0.5390626321,-0.4759237078,-0.2455455658,1.229090021,0.1317930224,0.3989952266,0.5563595253,0.6203575915,-0.3826530366,-0.2482414794,1.26436196,0.1455182417,0.3941033152,0.5598354126,0.6169797428,-0.3880758749,-0.05510236371,0.1705945856,0.1466759102,0.5273254831,0.5178802965,0.4719161473,-0.4806485028,0.09485841382,-0.06281166415,0.1759145449,0.5084246352,0.5394597903,0.4921360619,-0.4563875783,0.1646657211,-0.05064351527,0.2204604629,0.2807700315,0.686061706,0.2954018511,-0.6026817331,0.232508732,0.01053584009,0.1945507041,0.03064078341,0.5443207472,0.5350323043,-0.6453808953,0.3201959415,0.1265897727,0.2292536592,0.2134146791,0.2446892739,0.4981549918,-0.8040043147,0.3689135533,0.224677169,0.1545952937,0.3476404345,0.3018254643,0.4795160238,-0.7470688726,0.3896139122,0.3340834952,0.06884882063,0.3476404345,0.3018254643,0.4795160238,-0.7470688726,0.377757562,0.3394871775,0.07597270491,0.3476404345,0.3018254643,0.4795160238,-0.7470688726,-0.2071599055,-0.06328303267,0.1478479279,0.434527563,0.5845325513,0.5603295463,-0.3943834339,-0.2835040141,-0.06128172613,0.1820975217,0.6020038578,0.4099803188,0.658591175,-0.1891167831,-0.3436905636,0.009654482408,0.163057122,0.6184203409,0.5527274703,0.5571978645,-0.0397387146,-0.4270263268,0.1256406384,0.2073766355,0.7814967514,0.5133796509,0.2740204958,-0.2249820647,-0.4794672798,0.2278148649,0.1412475813,0.7231740153,0.4893024999,0.332732783,-0.3562180545,-0.5046815211,0.3418112207,0.06302425501,0.7231740153,0.4893024999,0.332732783,-0.3562180545,-0.4923679935,0.3467747492,0.0696772974,0.7231740153,0.4893024999,0.332732783,-0.3562180545,-0.0875573732,-0.1711429812,0.1612309865,0.5146367187,0.5304334921,0.4857222076,-0.4667582836,-0.05571482505,-0.2711330515,0.1606851172,0.5032647054,0.5186009233,0.4983360662,-0.478997791
-0.1720341378,0.08423458797,-0.01714662106,0.288962678,0.2864646423,0.002914022599,-0.1032950241,-0.09134584382,-0.006820052476,0.1564180477,0.3593698858,0.01753062086,0.0793593597,0.08529078623,0.7346809878,-0.757994621,-0.7787307049,0.316038124,0.3369036047,-0.6673567132,0.4625531068,-0.7599250145,-0.3145636666,0.05300144774,-0.04809715095,2,2,2,2,-0.05527862089,0.4532889978,0.1575350076,0.5078438118,0.4987519202,0.4920880781,-0.5011890944,0.06766435192,0.4158558333,0.08194063177,0.537819087,0.4893379322,0.4143568047,-0.5473640983,0.07319374974,0.5023086583,0.09920326386,0.5331066569,0.4857675827,0.4185367715,-0.5519548159,0.03693722379,0.3219599294,0.1451490696,0.5579456449,0.4662591979,0.4370360318,-0.5294322663,0.1382360421,0.7863781156,0.08766637123,0.4672914807,0.5601762405,0.4909321835,-0.4762634174,0.1300657768,1.224214669,0.1361594158,0.3924291412,0.6224232156,0.5526075514,-0.3914250936,0.1321883607,1.259572567,0.1497635686,0.3915218473,0.6229943285,0.5520366543,-0.3922298333,-0.1751857918,0.4198502239,0.08455421026,0.5457606776,0.4420630093,0.4965766606,-0.510036468,-0.1822319261,0.5049225429,0.1072635954,0.5440182701,0.440367103,0.498081217,-0.5118945572,-0.1471024519,0.3219393101,0.1426978494,0.5250082534,0.4665198338,0.4727720595,-0.5321768111,-0.2483663234,0.7889209972,0.1127568383,0.5034405868,0.4790149763,0.5390624755,-0.4759242331,-0.2455455865,1.229090108,0.1317929405,0.3989941891,0.5563598458,0.6203582949,-0.3826525122,-0.2482414864,1.264362012,0.1455182542,0.3941022573,0.5598357363,0.6169804386,-0.3880753759,-0.05510233522,0.1705946718,0.1466773177,0.5273258746,0.5178801089,0.4719156145,-0.4806487985,0.0948583569,-0.06281158379,0.1759163445,0.5084356952,0.5394480198,0.4921246769,-0.4564014463,0.1646658659,-0.05064162765,0.2204614528,0.2807813344,0.6860560214,0.2953833934,-0.602691985,0.232509639,0.01053555308,0.1945485552,0.03062336777,0.5443049479,0.5350330372,-0.6453944392,0.3201993666,0.1265888399,0.2292473068,0.2133944485,0.244677188,0.4981636264,-0.8040080126,0.3689153624,0.2246764826,0.1545882106,0.3477466661,0.3018672615,0.4795028895,-0.7470109715,0.3896170745,0.3340860059,0.0688461436,0.3477466661,0.3018672615,0.4795028895,-0.7470109715,0.3777584242,0.3394878921,0.07596756114,0.3477466661,0.3018672615,0.4795028895,-0.7470109715,-0.2071599501,-0.06328289775,0.147849594,0.434534361,0.5845286902,0.5603239379,-0.3943896349,-0.2835041294,-0.0612806423,0.1820989746,0.6020124352,0.4099694237,0.6585894839,-0.1891189867,-0.3436914995,0.009654299234,0.1630564484,0.6184292168,0.5527289276,0.5571875817,-0.03972449204,-0.4270295819,0.1256397018,0.2073735724,0.7814993419,0.5133870343,0.2740117735,-0.2249668411,-0.4794695079,0.2278141807,0.1412440937,0.7231300512,0.4892896581,0.3327651686,-0.3562946843,-0.504684665,0.3418128348,0.06302441194,0.7231300512,0.4892896581,0.3327651686,-0.3562946843,-0.4923695657,0.3467751314,0.06967546389,0.7231300512,0.4892896581,0.3327651686,-0.3562946843,-0.08755745719,-0.1711428647,0.1612328561,0.5146360764,0.5304343192,0.4857227956,-0.4667574399,-0.05571489991,-0.2711329306,0.1606867107,0.5032634982,0.5186011271,0.4983373076,-0.4789975472
-0.1720337541,0.08423418951,-0.01714641077,0.2889623546,0.28646868,0.002914566839,-0.1032953644,-0.0913462449,-0.006819541847,0.1564182336,0.3593737576,0.01753067995,0.07936075203,0.08524659168,0.7346898994,-0.7580626556,-0.7787134226,0.3163253593,0.3368833941,-0.6673724311,0.4625949942,-0.7599154299,-0.3147764405,0.05300551277,-0.0480994531,2,2,2,2,-0.05527849361,0.4532890933,0.157535963,0.5078438203,0.4987514209,0.4920879169,-0.501189741,0.06766438716,0.4158558139,0.08194154836,0.5378191069,0.4893373431,0.4143568672,-0.5473645581,0.07319379814,0.502308656,0.0992040906,0.533106731,0.4857670371,0.4185367778,-0.5519552198,0.0369372973,0.3219599793,0.1451501077,0.5579455471,0.4662587196,0.4370360081,-0.5294328102,0.1382360473,0.7863781093,0.08766685712,0.4672916324,0.5601756817,0.4909321249,-0.4762639863,0.1300657869,1.224214725,0.1361593375,0.3924281841,0.622423534,0.5526083073,-0.3914244798,0.132188368,1.259572587,0.1497635848,0.3915207202,0.6229947519,0.5520373043,-0.3922293708,-0.1751857507,0.4198502426,0.08455529651,0.5457607832,0.4420622614,0.4965765622,-0.5100370991,-0.1822318661,0.5049225983,0.1072645502,0.5440185042,0.4403664826,0.4980810036,-0.5118950498,-0.1471023808,0.3219394152,0.1426990666,0.5250082994,0.4665191968,0.4727718257,-0.5321775318,-0.2483662982,0.7889210524,0.1127573814,0.5034407868,0.4790144405,0.5390623278,-0.475924728,-0.2455456059,1.22909019,0.1317928632,0.3989932113,0.5563601479,0.6203589577,-0.3826520179,-0.248241493,1.26436206,0.1455182659,0.3941012604,0.5598360415,0.6169810943,-0.3880749057,-0.05510230829,0.1705947529,0.1466786442,0.5273262434,0.5178799321,0.4719151127,-0.4806490771,0.09485830337,-0.06281150807,0.1759180405,0.5084461165,0.5394369283,0.4921139489,-0.4564145137,0.1646660025,-0.05063984902,0.2204623855,0.2807919869,0.6860506636,0.2953660025,-0.6027016439,0.2325104934,0.01053528284,0.1945465304,0.03060695975,0.54429006,0.5350337277,-0.6454072008,0.320202593,0.1265879616,0.229241321,0.2133753867,0.2446658015,0.4981717616,-0.8040114961,0.3689170666,0.2246758364,0.1545815365,0.3478467374,0.3019066356,0.4794905098,-0.7469564121,0.3896200527,0.3340883721,0.0688436213,0.3478467374,0.3019066356,0.4794905098,-0.7469564121,0.3777592362,0.3394885661,0.07596271454,0.3478467374,0.3019066356,0.4794905098,-0.7469564121,-0.207159992,-0.06328277064,0.147851164,0.4345407682,0.5845250507,0.5603186517,-0.3943954797,-0.283504238,-0.0612796208,0.1821003438,0.6020205189,0.4099591552,0.6585878899,-0.1891210646,-0.3436923813,0.009654126615,0.1630558135,0.6184375818,0.5527303012,0.5571778899,-0.03971108786,-0.4270326493,0.1256388193,0.2073706853,0.7815017828,0.513393993,0.2740035535,-0.224952493,-0.4794716075,0.2278135361,0.1412408067,0.7230886145,0.4892775534,0.3327956864,-0.3563668931,-0.5046876272,0.3418143562,0.06302456,0.7230886145,0.4892775534,0.3327956864,-0.3563668931,-0.4923710471,0.3467754917,0.06967373602,0.7230886145,0.4892775534,0.3327956864,-0.3563668931,-0.08755753624,-0.171142755,0.161234618,0.5146354711,0.5304350986,0.4857233497,-0.466756645,-0.05571497034,-0.2711328167,0.1606882123,0.5032623608,0.5186013193,0.4983384773,-0.4789973172
-0.1720333934,0.084233814,-0.01714621271,0.2889620502,0.2864724851,0.002915079961,-0.1032956857,-0.09134662284,-0.006819060495,0.1564184088,0.3593774065,0.01753073584,0.07936206367,0.08520494771,0.7346982909,-0.7581267604,-0.7786971338,0.3165959617,0.3368643444,-0.6673872433,0.4626344733,-0.759906395,-0.3149769532,0.05300934298,-0.04810162161,2,2,2,2,-0.05527837362,0.4532891832,0.1575368634,0.5078438282,0.4987509504,0.492087765,-0.5011903501,0.06766442044,0.4158557956,0.08194241225,0.5378191259,0.4893367879,0.4143569258,-0.5473649914,0.0731938438,0.5023086538,0.0992048698,0.5331068009,0.4857665228,0.4185367836,-0.5519556005,0.03693736663,0.3219600263,0.1451510861,0.5579454551,0.4662582688,0.4370359856,-0.5294333227,0.1382360522,0.7863781034,0.087667315,0.4672917755,0.5601751551,0.4909320696,-0.4762645223,0.1300657963,1.224214778,0.1361592637,0.3924272822,0.622423834,0.5526090196,-0.3914239012,0.1321883749,1.259572606,0.1497636001,0.3915196581,0.6229951511,0.5520379169,-0.3922289349,-0.1751857119,0.4198502602,0.08455632028,0.5457608828,0.4420615566,0.4965764694,-0.5100376938,-0.1822318096,0.5049226505,0.1072654501,0.544018725,0.4403658979,0.4980808024,-0.5118955139,-0.1471023137,0.3219395142,0.1427002138,0.5250083429,0.4665185964,0.4727716053,-0.532178211,-0.2483662744,0.7889211045,0.1127578932,0.5034409754,0.4790139356,0.5390621886,-0.4759251944,-0.2455456242,1.229090268,0.1317927905,0.3989922899,0.5563604326,0.6203595824,-0.382651552,-0.2482414991,1.264362106,0.145518277,0.3941003209,0.5598363291,0.6169817122,-0.3880744625,-0.05510228285,0.1705948293,0.1466798943,0.5273265907,0.5178797656,0.47191464,-0.4806493396,0.09485825301,-0.06281143673,0.1759196386,0.508455936,0.5394264767,0.4921038398,-0.4564268268,0.1646661313,-0.05063817309,0.2204632644,0.2808020264,0.6860456141,0.295349617,-0.6027107442,0.2325112982,0.01053502839,0.1945446226,0.03059150108,0.5442760311,0.5350343782,-0.6454192251,0.3202056323,0.1265871345,0.2292356807,0.2133574262,0.2446550738,0.4981794265,-0.8040147776,0.3689186717,0.2246752281,0.1545752478,0.347941006,0.3019437273,0.4794788418,-0.7469050021,0.3896228575,0.3340906023,0.06884124476,0.347941006,0.3019437273,0.4794788418,-0.7469050021,0.377760001,0.3394892016,0.07595814796,0.347941006,0.3019437273,0.4794788418,-0.7469050021,-0.2071600315,-0.06328265088,0.1478526437,0.4345468072,0.5845216202,0.5603136694,-0.3944009886,-0.2835043402,-0.06127865806,0.1821016341,0.6020281373,0.4099494774,0.6585863874,-0.189123024,-0.3436932121,0.00965396394,0.1630552149,0.6184454654,0.5527315959,0.5571687553,-0.03969845504,-0.4270355399,0.1256379875,0.2073679641,0.7815040826,0.5134005515,0.2739958069,-0.2249389702,-0.4794735861,0.2278129286,0.1412377088,0.7230495602,0.4892661435,0.3328244442,-0.3564349361,-0.5046904182,0.3418157903,0.0630246997,0.7230495602,0.4892661435,0.3328244442,-0.3564349361,-0.4923724432,0.3467758315,0.06967210772,0.7230495602,0.4892661435,0.3328244442,-0.3564349361,-0.08755761064,-0.1711426516,0.1612362783,0.5146349006,0.5304358329,0.485723872,-0.466755896,-0.05571503663,-0.2711327094,0.1606896274,0.5032612892,0.5186015005,0.4983395793,-0.4789971004
-0.1720831724,0.0843581268,-0.01717777117,0.2890448579,0.2864353622,0.002896500993,-0.1032615981,-0.09123376198,-0.006865676372,0.1563778314,0.3593943463,0.01751138302,0.07935898596,0.08520877629,0.7345847398,-0.7582387784,-0.7786861964,0.3168612791,0.3368087056,-0.6675821767,0.4625833457,-0.7598739632,-0.315148162,0.05302099817,-0.04810515271,2,2,2,2,-0.05529800515,0.4532908343,0.1575374836,0.5078769944,0.4987280971,0.4921076286,-0.50115998,0.06765112489,0.4158669852,0.08194159791,0.5378378542,0.4893425443,0.4143250955,-0.547365538,0.07318097375,0.5023205737,0.09920026154,0.5331168142,0.4857659482,0.4185126689,-0.5519647198,0.03693195354,0.3219714092,0.1451543901,0.5579933893,0.4662285496,0.4370371134,-0.5294080453,0.1382296066,0.7863881025,0.08765163874,0.4672848306,0.5601956185,0.4909289957,-0.4762504355,0.1300652685,1.224223082,0.1361598856,0.3924311043,0.6224348118,0.5525977018,-0.391418591,0.1321881359,1.259580858,0.1497643127,0.3915292515,0.6230024974,0.5520302503,-0.3922184801,-0.1751998823,0.4198405771,0.08455775311,0.5457644988,0.4420803108,0.4965702547,-0.5100236199,-0.1822465014,0.5049124373,0.1072687066,0.544010458,0.440373064,0.498084916,-0.5118941322,-0.1471076749,0.3219312999,0.1426998643,0.525037425,0.4665078689,0.4727960691,-0.5321371888,-0.2483779681,0.7889114706,0.1127672938,0.503443349,0.4790113159,0.5390554296,-0.4759329758,-0.2455532456,1.229080984,0.1317935028,0.398990579,0.5563624868,0.6203567359,-0.3826549639,-0.2482487482,1.264352888,0.1455188938,0.3941040093,0.5598345548,0.6169825911,-0.3880718792,-0.05509162089,0.1705964302,0.1466823544,0.5273577864,0.517856992,0.4719361915,-0.4806184892,0.09489324433,-0.06279369759,0.1759261303,0.5084852141,0.5394034341,0.4921276613,-0.4563957573,0.1646990627,-0.05061286552,0.2204709154,0.2808765763,0.686018678,0.2954172252,-0.6026735313,0.2325314433,0.01057486115,0.1945530935,0.03063450624,0.5441977588,0.5351197427,-0.6454124164,0.3202006132,0.1266450775,0.229247165,0.2134273143,0.2445875011,0.4982410639,-0.803978593,0.3688879954,0.2247495292,0.1545914892,0.3481124247,0.3019295137,0.4795272971,-0.7467997589,0.3895662848,0.3341777397,0.06886761965,0.3481124247,0.3019295137,0.4795272971,-0.7467997589,0.3777001889,0.3395714968,0.07598279367,0.3481124247,0.3019295137,0.4795272971,-0.7467997589,-0.2071245174,-0.06329721108,0.147854072,0.4345907928,0.5844840381,0.5603264675,-0.3943900377,-0.2834697593,-0.06129883758,0.1821013108,0.6020973359,0.409840879,0.6586133214,-0.1890442933,-0.3436773562,0.00961515965,0.1630447236,0.6184943842,0.5526164778,0.5572339003,-0.03962455823,-0.4270560234,0.1255793703,0.2073409626,0.7815669589,0.513326026,0.2740544985,-0.2248190644,-0.4795242985,0.2277318123,0.1411999266,0.7230963625,0.4891705419,0.3329042642,-0.3563966644,-0.5047763942,0.3417209062,0.06297822886,0.7230963625,0.4891705419,0.3329042642,-0.3563966644,-0.4924587985,0.3466844618,0.06962371618,0.7230963625,0.4891705419,0.3329042642,-0.3563966644,-0.08751085184,-0.1711444056,0.1612404136,0.5146626835,0.5304149696,0.4857492419,-0.4667225689,-0.05565752791,-0.2711310395,0.1606937854,0.5032890199,0.5185791532,0.4983653557,-0.4789653396
-0.1727626995,0.08440834893,-0.01610432627,0.2877826325,0.2861473287,-0.005948809053,-0.1042198053,-0.09190602631,-0.00550913415,0.1563839432,0.3507222885,0.02421733977,0.07768636145,0.09267961393,0.7316847677,-0.7528694221,-0.7626613738,0.3180319806,0.3364949391,-0.6682939918,0.4591304061,-0.7471560408,-0.3143019548,0.03108050944,-0.04716624061,2,2,2,2,-0.05561849722,0.4521708337,0.1582333347,0.5075477955,0.4987233611,0.4924070707,-0.5012040713,0.06728836613,0.4147404603,0.08247630125,0.537719367,0.4892143971,0.4144064438,-0.5475348896,0.07283759886,0.5011946127,0.09972591586,0.5332931423,0.4858617053,0.418332201,-0.5518468966,0.03659365548,0.3208520495,0.1457116144,0.5578813082,0.4660915038,0.4371388284,-0.5295628393,0.137874297,0.7852643942,0.08816549112,0.4677949531,0.5599728115,0.4904806702,-0.4764735505,0.1296905994,1.223168143,0.1360456551,0.3930795188,0.6221897171,0.5521701712,-0.3917608325,0.1318083624,1.258549117,0.1495904334,0.3949284212,0.6210177891,0.5533329821,-0.3901167245,-0.1755849653,0.4187181476,0.08523173783,0.5457371962,0.4415886634,0.4968865888,-0.510170641,-0.1826581076,0.5037935394,0.1079212073,0.5443298283,0.4402182823,0.4981010878,-0.5116719734,-0.1474475946,0.3208264701,0.1433816443,0.524875898,0.4661919418,0.4729264205,-0.532457478,-0.2490007395,0.7877449045,0.1133372694,0.503758833,0.4788411082,0.5390980372,-0.4757221222,-0.2465067922,1.227920283,0.132273814,0.4019799167,0.5544936753,0.6187178696,-0.3848858382,-0.2492526992,1.263309395,0.1456838865,0.3952364311,0.5593203491,0.6140121703,-0.39234929,-0.05543970238,0.1694827627,0.1472140315,0.5266284165,0.5174690209,0.4726685167,-0.4811161988,0.09458963141,-0.06393940159,0.1759699389,0.5060254621,0.5408845815,0.4945552208,-0.4547496397,0.1644668207,-0.0520734456,0.2204878041,0.279044166,0.686113877,0.2991465684,-0.6015757906,0.2320461561,0.00954756627,0.1949380964,0.03106577815,0.5441971158,0.5371096432,-0.6437372505,0.3193114708,0.1257286725,0.2302732413,0.2110827005,0.2518586072,0.5014774894,-0.8003322205,0.3694936617,0.2244093284,0.1573877803,0.3460035717,0.3099272608,0.4814108529,-0.7432833996,0.3918784304,0.3347877314,0.07332686794,0.3460035717,0.3099272608,0.4814108529,-0.7432833996,0.3799752579,0.3401751493,0.0803846838,0.3460035717,0.3099272608,0.4814108529,-0.7432833996,-0.207493294,-0.06439621105,0.1486071923,0.4338353808,0.5841201547,0.5608461774,-0.3950216103,-0.2837584939,-0.0623971907,0.1830322708,0.6014101923,0.4095305524,0.6593786597,-0.1892360706,-0.3440446503,0.008488246228,0.1641183228,0.6178559701,0.5515258231,0.5589128738,-0.04110554849,-0.4273610183,0.1244492497,0.2085400018,0.7797661478,0.5131062745,0.2810635609,-0.2229124952,-0.4814591767,0.2264701345,0.1435184188,0.721874067,0.4879265423,0.3397301365,-0.3541312681,-0.5085696314,0.3406485177,0.06620001259,0.721874067,0.4879265423,0.3397301365,-0.3541312681,-0.4962398777,0.3456961201,0.07275908539,0.721874067,0.4879265423,0.3397301365,-0.3541312681,-0.08785951717,-0.1722632007,0.1616499099,0.519219734,0.5248829052,0.4807950535,-0.4730168286,-0.05621574976,-0.2723064942,0.1631570281,0.5079211764,0.513399355,0.4930385887,-0.4851289838
-0.1745046954,0.08400910242,-0.01258803552,0.2819135204,0.2869957281,-0.02985200027,-0.1079140509,-0.09432088863,-0.002493659289,0.1565523847,0.3258501914,0.0426556211,0.07219900522,0.1155163959,0.7210635294,-0.728104096,-0.7190574187,0.3209706354,0.3363979356,-0.6700310088,0.4454360701,-0.7159444504,-0.3101307172,-0.02920213107,-0.04267515034,2,2,1,1,-0.05636641135,0.4489995744,0.1604983491,0.5064135123,0.4990616896,0.4932389387,-0.5011967018,0.06642371929,0.411560617,0.08431204104,0.5372439588,0.4890922291,0.4148442506,-0.5477791233,0.07201625593,0.4980028067,0.1016075614,0.5337856087,0.4864715216,0.4179143685,-0.551149674,0.03574202161,0.3176519787,0.147523629,0.5573081355,0.4661007637,0.4374807831,-0.5298757256,0.1369728505,0.7821000649,0.09027420351,0.4697785634,0.5590779791,0.4887612882,-0.4773387872,0.1286938724,1.220262309,0.1357107741,0.3950543572,0.6215939448,0.5509188237,-0.3924811745,0.1307844842,1.255706758,0.1490928397,0.4042879187,0.6156283426,0.5567154131,-0.3842147466,-0.1765220814,0.4155862728,0.0872910207,0.545729603,0.4401036786,0.4977328181,-0.5106368517,-0.1836756877,0.5006770199,0.1098975316,0.5450925018,0.4394827486,0.4982811654,-0.5113168864,-0.148302729,0.3177479469,0.1454909684,0.5243750427,0.4653416617,0.47310648,-0.5335337019,-0.2506033033,0.7844961596,0.1150401444,0.5044596848,0.4781201241,0.5393796267,-0.4753853085,-0.2490151818,1.224690115,0.1336394957,0.4102889352,0.5488983935,0.6140626556,-0.391536203,-0.2518913584,1.260401989,0.1461354524,0.3984897101,0.5575234594,0.6055730229,-0.4045427754,-0.05638486932,0.1663377311,0.1488242542,0.5241725978,0.5165383561,0.4749056194,-0.4825928584,0.09367407108,-0.06725775936,0.1759733106,0.4982065759,0.5456440793,0.5018833136,-0.4496397292,0.163772178,-0.05641392006,0.2204044863,0.2736886815,0.6863175352,0.3109966726,-0.5977824154,0.2305063443,0.006599039736,0.1960565665,0.03553053606,0.5461042991,0.5413292322,-0.6383340332,0.3163002076,0.1232911166,0.2332617983,0.2071716238,0.2735584385,0.5079865758,-0.790060338,0.3708508064,0.2231468471,0.1652803317,0.3425785406,0.3331131837,0.4839048587,-0.733151852,0.3982628973,0.3356454328,0.08563516737,0.3425785406,0.3331131837,0.4839048587,-0.733151852,0.3862138028,0.3410395345,0.09243557474,0.3425785406,0.3331131837,0.4839048587,-0.733151852,-0.2085957867,-0.06743505575,0.1507557762,0.4310497436,0.5834020788,0.5626061712,-0.3966263092,-0.2846133973,-0.06545742116,0.1857254008,0.5988987841,0.409245786,0.6617325105,-0.1896001519,-0.345086495,0.005412380288,0.1673575226,0.6154280295,0.5479222326,0.5646827871,-0.04650717691,-0.4280918432,0.1214085871,0.2122668674,0.7749254184,0.5110815177,0.3000819983,-0.2196293981,-0.4864951651,0.2228721725,0.1501631576,0.7187463606,0.4833539411,0.3576510416,-0.349082181,-0.5185450919,0.3372495475,0.07506033376,0.7187463606,0.4833539411,0.3576510416,-0.349082181,-0.5061787834,0.3425333232,0.08135943518,0.7187463606,0.4833539411,0.3576510416,-0.349082181,-0.08895135464,-0.1754175422,0.1626986821,0.531050606,0.5094371768,0.467201791,-0.4900831595,-0.05787248181,-0.275399961,0.1697612303,0.5204733263,0.499353013,0.4779647676,-0.5013020706
-0.179380273,0.08325153255,-0.006533990071,0.2702288044,0.2912432554,-0.06465692951,-0.1168515729,-0.09814302675,0.0002399446607,0.1565529547,0.2872672443,0.07027173988,0.06237353504,0.153493396,0.6988150131,-0.6661563343,-0.6560622404,0.3247186269,0.3400645753,-0.673996975,0.4134824675,-0.6811435534,-0.2997160248,-0.1194793912,-0.03190645049,2,2,0,0,-0.05730083363,0.4441002965,0.1650194669,0.5041284391,0.5002430352,0.4950772503,-0.5005096791,0.06536486682,0.4067089342,0.08792917377,0.5366471749,0.4891619741,0.4154359598,-0.5478533893,0.07099533717,0.4931283286,0.1053260047,0.5348544799,0.4878021388,0.4170318297,-0.5496036861,0.03465581135,0.312748352,0.1510502217,0.5565381789,0.4664063492,0.43787433,-0.5300909771,0.1357614402,0.7772889815,0.0945032744,0.4738040587,0.557389909,0.4852778334,-0.4788858191,0.1272527037,1.215920075,0.1351178232,0.3983718103,0.6209803621,0.5488941268,-0.3929357814,0.129273149,1.251454237,0.1482707862,0.4182354984,0.607779382,0.5613081169,-0.3749886512,-0.177776746,0.4107399301,0.09110404617,0.5457416554,0.4374340788,0.4990553641,-0.5116260508,-0.185051543,0.4958684121,0.113529089,0.5458030324,0.4374939485,0.4990028805,-0.5115605732,-0.1493928668,0.3130255526,0.1494320806,0.5236277722,0.4636771333,0.4733584289,-0.5354897479,-0.2528408592,0.7794915171,0.1181765784,0.5051114504,0.4761566048,0.5401548367,-0.4757836302,-0.2525653016,1.219729897,0.1357626161,0.4225921197,0.5393571317,0.606894328,-0.4027270286,-0.2556106008,1.255907793,0.1467919101,0.4033844123,0.5538693267,0.5923724989,-0.423797838,-0.05760890691,0.161513705,0.1516506267,0.5194900465,0.5154371395,0.4792380758,-0.4845467094,0.09251379931,-0.07239227807,0.1755833274,0.4843148545,0.5538979207,0.5143597182,-0.4405341024,0.1629927145,-0.06335381686,0.2198155729,0.2654284095,0.68622995,0.3324669365,-0.5900016536,0.2280428117,0.002205528231,0.197739333,0.05065928088,0.5538839795,0.5441905378,-0.6280946052,0.3106626636,0.1201871347,0.2379407967,0.2083684273,0.3099731874,0.5116525327,-0.7737641161,0.3721087819,0.220877459,0.1774904229,0.344045524,0.3704157312,0.4808506643,-0.7163850237,0.4076150678,0.335385884,0.1041567269,0.344045524,0.3704157312,0.4808506643,-0.7163850237,0.3952493823,0.3408438497,0.1103067662,0.344045524,0.3704157312,0.4808506643,-0.7163850237,-0.2100383737,-0.07211264232,0.1540165287,0.4245902966,0.5832286018,0.5669439426,-0.3976707735,-0.2856162886,-0.07041898595,0.1899410762,0.5935556603,0.4100295111,0.6665463192,-0.1878389804,-0.3464974107,0.0004371663258,0.1729176245,0.6095928039,0.540527625,0.577111435,-0.05629290939,-0.4290731428,0.1162306288,0.2191234641,0.7682014459,0.5045091231,0.327956749,-0.2185896934,-0.4935625918,0.2163573554,0.1609992222,0.7149269604,0.4737200351,0.3825603332,-0.3436806091,-0.532685767,0.3302695288,0.08858921035,0.7149269604,0.4737200351,0.3825603332,-0.3436806091,-0.5202733512,0.3359328325,0.09445278243,0.7149269604,0.4737200351,0.3825603332,-0.3436806091,-0.09037548145,-0.180285779,0.163865651,0.5471758468,0.4855882006,0.4473674489,-0.5144560796,-0.05996125371,-0.2795845977,0.1789314849,0.5388993331,0.4783897585,0.4550568908,-0.5231194643
-0.1270403276,0.07538865059,0.02904764828,0.1856001473,0.3120075479,-0.1008419324,-0.08025720412,-0.1143331856,-0.04024372668,0.1151547103,0.225619646,0.113515965,0.03862483042,0.2380488881,0.6065306659,-0.4281566843,-0.5412955384,0.2445938272,0.3781331825,-0.6623926582,0.2930608548,-0.648180728,-0.1714598495,-0.190078675,-0.008542257697,2,2,0,0,-0.05546979909,0.4361724194,0.1607566796,0.5047331825,0.5010840066,0.4914211114,-0.502657462,0.06634945986,0.4007335613,0.08864589095,0.5237314284,0.4974172651,0.4311796595,-0.5407083839,0.07202636875,0.4863026245,0.1098206823,0.5315290685,0.5036269604,0.4239100366,-0.5330450403,0.0357302657,0.3041916887,0.1477900839,0.5421047658,0.4773268981,0.4512501838,-0.5240751156,0.1347360857,0.7711189427,0.1123131849,0.4899595417,0.5508555851,0.4713411898,-0.4840818677,0.1251068466,1.211066158,0.1340594753,0.4107763966,0.6193786862,0.5417431326,-0.3926158089,0.1267886819,1.246886177,0.1464633863,0.4414707952,0.5978885697,0.5608423305,-0.3648132063,-0.1754228199,0.4051384146,0.08987692037,0.5445063564,0.4457171419,0.5059961709,-0.4988155294,-0.1838466671,0.4894743272,0.1147597719,0.5343597071,0.4354460131,0.5148617923,-0.5096702933,-0.1483077557,0.3055720004,0.1456192403,0.5181506156,0.4760996558,0.4766695382,-0.5269110064,-0.253142356,0.7724259801,0.1287428283,0.5038462062,0.4640536837,0.5447586275,-0.4837677303,-0.2561153417,1.212870752,0.1396396375,0.4393197547,0.5155621014,0.5980143099,-0.4284539156,-0.2593792392,1.249753763,0.1479311825,0.4093657613,0.5396534081,0.5727462011,-0.4616878402,-0.05745045737,0.153522973,0.1489511745,0.5143459866,0.5104805036,0.4816529309,-0.4928167161,0.09166525638,-0.0812061796,0.1710495644,0.4583911267,0.5697859999,0.5342624207,-0.4240107961,0.1627536779,-0.07571362421,0.2148871166,0.2673132829,0.6806776913,0.383256331,-0.5642127915,0.2216895225,-0.003210617308,0.1979524344,0.1358313103,0.5924963688,0.5228056872,-0.5976387885,0.2914449358,0.1217076261,0.2414434894,0.2588801705,0.4015615419,0.4788777929,-0.7364818021,0.3671691478,0.2206900504,0.1963132563,0.3591181753,0.4423440733,0.4448387819,-0.6910023988,0.4203301354,0.333444251,0.1314202186,0.3591181753,0.4423440733,0.4448387819,-0.6910023988,0.4074595547,0.3395637342,0.1355942608,0.3591181753,0.4423440733,0.4448387819,-0.6910023988,-0.2112620842,-0.07910801794,0.1557640669,0.4075209541,0.5864466649,0.5771202071,-0.3961555852,-0.2859628983,-0.07830433009,0.1935080106,0.5760713667,0.4220601844,0.6745757587,-0.1869612979,-0.3461863268,-0.00604820655,0.1805043756,0.5900837621,0.5177293916,0.6118945027,-0.09665685855,-0.4248983209,0.1110999694,0.2299268801,0.7559222243,0.4740071466,0.3808228002,-0.2426371994,-0.4994441969,0.2075675871,0.1779693106,0.7264061803,0.4530717878,0.4099328289,-0.3146666365,-0.5500018764,0.3174342906,0.1063938651,0.7264061803,0.4530717878,0.4099328289,-0.3146666365,-0.5380580867,0.3242047722,0.1120532836,0.7264061803,0.4530717878,0.4099328289,-0.3146666365,-0.09210206632,-0.1879895573,0.163722774,0.5577319206,0.46141029,0.4306697627,-0.5390354391,-0.06234819279,-0.2862032532,0.1856553287,0.5554245505,0.4595666409,0.4326365713,-0.54141266
-0.1713430778,0.07366150608,0.03606111989,0.1965171616,0.3111994597,-0.1424234886,-0.1329038424,-0.1191413596,-0.02290733682,0.137746822,0.1688439564,0.1517253901,0.0330879458,0.3040875851,0.5791537835,-0.2310823536,-0.5277138058,0.2002693037,0.424269133,-0.6751959329,0.1713379388,-0.6975167988,-0.1163930706,-0.3352013444,0.01382940368,2,2,0,0,-0.05592424174,0.4302492064,0.1752980732,0.4945325858,0.5046370293,0.5008575586,-0.49992069,0.06552897829,0.3940018926,0.09686815195,0.5274161974,0.4923139788,0.4271946507,-0.5449438791,0.0712558631,0.479917819,0.1165739896,0.5371555788,0.4999360965,0.4182489961,-0.5353462064,0.03487211756,0.2985266437,0.1577001955,0.5451867121,0.4725593593,0.4469710938,-0.5288439677,0.1336860581,0.7647977077,0.114343293,0.4935341582,0.5500424145,0.4689268316,-0.483719964,0.1231028658,1.204861731,0.1330736751,0.4149008412,0.6183605699,0.5397458945,-0.3926345209,0.1246533747,1.240777212,0.1452158934,0.4578466081,0.5872724971,0.5663144802,-0.3532356255,-0.1776560303,0.3984283174,0.1005738581,0.5436134633,0.4312508876,0.5079902211,-0.5103459706,-0.1856655079,0.4833301016,0.1235999078,0.5377326006,0.4254043764,0.5128961974,-0.5165387279,-0.1491759099,0.3002123123,0.1580055817,0.5169744801,0.4628502052,0.4767054652,-0.5396841428,-0.2561797973,0.7662047012,0.131891598,0.5011607351,0.4599434773,0.5486864101,-0.4860382069,-0.2604379661,1.206641271,0.1426930851,0.4531097023,0.49928901,0.5889910498,-0.4455239897,-0.2639089722,1.243911922,0.148906776,0.413965382,0.532194119,0.5535307565,-0.4888821778,-0.05854099182,0.1480050667,0.1561826145,0.5027352068,0.5128537664,0.4924406966,-0.4916711162,0.09054435676,-0.08741262508,0.1693613558,0.4285635238,0.5871468428,0.5564284935,-0.4024664243,0.1621917382,-0.08583457625,0.2126005198,0.2430623087,0.685075779,0.418338487,-0.5445959983,0.2190135043,-0.01049705014,0.2019964021,0.1753708705,0.6368924666,0.4963290133,-0.5632677466,0.2847993542,0.1144003479,0.2513392739,0.2879125898,0.459067842,0.4454070301,-0.7127240944,0.3691478265,0.210415356,0.2161985856,0.3688934596,0.4889248076,0.4118985721,-0.6746923108,0.4342611367,0.3200971914,0.1571997845,0.3688934596,0.4889248076,0.4118985721,-0.6746923108,0.421299941,0.3268249481,0.1598955675,0.3688934596,0.4889248076,0.4118985721,-0.6746923108,-0.2126121211,-0.08452533887,0.1598305698,0.3798155818,0.5962287878,0.5955703555,-0.3815066291,-0.2864609364,-0.0865236094,0.1991729416,0.5558599841,0.4367703306,0.6883154286,-0.162705953,-0.3477313827,-0.0142945004,0.1924060021,0.5634968011,0.4949083602,0.6519153951,-0.1119972665,-0.426495919,0.09976804513,0.2485107311,0.7545191259,0.442866849,0.40850498,-0.2601797917,-0.5070206962,0.192127372,0.1980311023,0.7345885959,0.4274217558,0.4265585153,-0.3094156919,-0.5649212328,0.29717567,0.1248040661,0.7345885959,0.4274217558,0.4265585153,-0.3094156919,-0.5531713737,0.3046864938,0.1299080732,0.7345885959,0.4274217558,0.4265585153,-0.3094156919,-0.09351803105,-0.1937312283,0.1627136108,0.577838348,0.423648423,0.4016757043,-0.5703345385,-0.06394045696,-0.2889038194,0.1955709539,0.5817681957,0.4264157407,0.3987367225,-0.5663253558
-0.2135931764,0.07165954836,0.04297707252,0.201274539,0.3185702396,-0.1823019602,-0.184325834,-0.1232511471,-0.01260106634,0.1582280461,0.1094894574,0.192401902,0.02735987394,0.3676055481,0.5575094812,-0.02542819981,-0.5495955509,0.159408134,0.4888945883,-0.6806076037,0.02542937298,-0.7860170828,-0.06678226697,-0.4693156221,0.03275261083,2,2,0,0,-0.0559918082,0.4240755326,0.1905759676,0.4848261924,0.5084202251,0.5096944479,-0.4966528038,0.06513032831,0.3872344259,0.1062646992,0.5311121137,0.4877877306,0.4234754504,-0.5483170574,0.0708214529,0.4734464917,0.1246427967,0.5427711203,0.4967742825,0.412896645,-0.536778524,0.03440241791,0.2927391139,0.168573088,0.5482448216,0.4684491041,0.4428455294,-0.5327953543,0.1327725847,0.7583673044,0.1182206437,0.4985421979,0.5481895615,0.4653383772,-0.4841529471,0.1211207828,1.198588808,0.1319479751,0.41842267,0.6180426575,0.5385226064,-0.3910743473,0.1224889406,1.234555556,0.143959656,0.4729428568,0.577390086,0.5718844657,-0.3404319324,-0.179509503,0.3914808431,0.1119923543,0.5429807312,0.4173228245,0.5095898467,-0.5208951659,-0.1872413519,0.4768796473,0.133203823,0.5396880584,0.4141038748,0.5122090711,-0.5243058725,-0.1496275396,0.2946367802,0.1710194627,0.516248532,0.4499709629,0.4765423662,-0.5512902674,-0.2589894926,0.759549146,0.1362394552,0.4975193165,0.4542452964,0.5532593087,-0.489938647,-0.2643901395,1.199993937,0.1461588822,0.4665010694,0.4803729461,0.5796534181,-0.4643495448,-0.2680960824,1.237547316,0.1501299061,0.4182030003,0.5229604819,0.5323712515,-0.51787975,-0.05924598489,0.1424179644,0.1642619571,0.4915747949,0.5153450233,0.5026918167,-0.4899741477,0.08970674973,-0.09340780019,0.1688337829,0.3988957597,0.6032967729,0.5762260051,-0.3806294363,0.161840296,-0.09563270331,0.2112279349,0.2174955772,0.6897684374,0.4492495157,-0.5244902757,0.2170812196,-0.01850675679,0.2071130861,0.2104184555,0.6844924159,0.4581580143,-0.526578997,0.2805489623,0.105370421,0.261777037,0.3163115373,0.5073988996,0.3972963264,-0.6961673629,0.3727214843,0.1964458391,0.2338860176,0.3802355798,0.5272718145,0.3669336031,-0.6654059426,0.4494731627,0.3002781786,0.1783996964,0.3802355798,0.5272718145,0.3669336031,-0.6654059426,0.4366952333,0.3077627482,0.1795079779,0.3802355798,0.5272718145,0.3669336031,-0.6654059426,-0.2135639105,-0.08997715489,0.1645723616,0.3461809823,0.6084689497,0.6163378811,-0.3606270664,-0.2865470431,-0.09560900865,0.2051581644,0.5294194514,0.4580292346,0.7013606961,-0.1342290532,-0.348248047,-0.02343539957,0.2060852718,0.530441361,0.4670087511,0.6959766298,-0.1270878426,-0.4263951493,0.08677164928,0.270189046,0.7593364659,0.4019149824,0.4275059712,-0.281266996,-0.5121119306,0.1736312469,0.2185100209,0.7478612367,0.3926240166,0.4365320769,-0.3098220426,-0.576568656,0.2716033463,0.1410722124,0.7478612367,0.3926240166,0.4365320769,-0.3098220426,-0.565062233,0.279915775,0.1454343573,0.7478612367,0.3926240166,0.4365320769,-0.3098220426,-0.09459389165,-0.1993385818,0.1626093473,0.5949836457,0.387297476,0.3746188769,-0.5963688653,-0.06471664186,-0.2905549658,0.2050261036,0.6046697473,0.3933801427,0.3682264265,-0.5865457006
-0.2458127246,0.07030041586,0.05159297437,0.2012715284,0.3274852225,-0.2175038971,-0.2295058885,-0.1259641677,-0.004749234342,0.1816624507,0.04295813578,0.2310924802,0.02609747802,0.4376848378,0.529672878,0.1906963562,-0.6271435582,0.1053865223,0.5772695133,-0.6637025588,-0.1484553627,-0.928565521,-0.003165737034,-0.523,0.0453459406,2,2,0,0,-0.05567639583,0.4182685289,0.2041358654,0.476467032,0.5104461812,0.5172465155,-0.4948534184,0.06485236938,0.3810743329,0.1149486771,0.5331666563,0.483443373,0.4216002185,-0.5516059077,0.07056666167,0.4674947024,0.1323133037,0.5472171826,0.4941571245,0.4089901899,-0.5376700809,0.03430779059,0.2873190477,0.1784536295,0.5498269527,0.4644076877,0.4407248639,-0.5364488941,0.1319574703,0.7524462589,0.1226781959,0.5033589317,0.5456744874,0.4618976144,-0.4853037538,0.1193412331,1.192776789,0.130986647,0.4213312521,0.6174858847,0.5377728111,-0.3898609519,0.120545072,1.228787286,0.1428843023,0.4858626695,0.5681076555,0.5769104421,-0.3291891552,-0.1810460144,0.3847332035,0.122581519,0.542359666,0.4036937719,0.5107138165,-0.5310826008,-0.1885463995,0.4705852312,0.1419680406,0.5410970202,0.4024798851,0.5116709939,-0.5323689988,-0.149677476,0.2893198136,0.1831472156,0.5158756519,0.437029725,0.4762746365,-0.5621741739,-0.2614837983,0.7529586077,0.139854193,0.4924546217,0.4491099983,0.5586426736,-0.4936669102,-0.267525474,1.19338604,0.1501668566,0.4803428278,0.4596090935,0.5690904665,-0.4839073154,-0.2715188754,1.231087007,0.1517318169,0.4241518689,0.5119227902,0.5095064095,-0.546290644,-0.05954534095,0.137190121,0.1722930901,0.4828834985,0.5171519483,0.5105419905,-0.4885941723,0.08921494548,-0.09879223441,0.1702158011,0.3693918986,0.6194387205,0.5938572749,-0.3566214154,0.1616319914,-0.1048254013,0.211746936,0.1943742101,0.6945310429,0.4798064752,-0.499630907,0.2149723161,-0.0263244477,0.2147987056,0.2442022816,0.7335379474,0.4103512803,-0.483631215,0.2761384459,0.09611471761,0.2750416507,0.3478808157,0.5399210244,0.3313856097,-0.6911206864,0.3754445658,0.1801623168,0.2496899215,0.3902179424,0.5496614437,0.3098332827,-0.6705263542,0.4630861699,0.2743440544,0.1931261853,0.3902179424,0.5496614437,0.3098332827,-0.6705263542,0.4508158214,0.2826979841,0.1927103042,0.3902179424,0.5496614437,0.3098332827,-0.6705263542,-0.2140819102,-0.09504902123,0.170048186,0.3069000852,0.6227316957,0.638235209,-0.3326761051,-0.2862753464,-0.105103967,0.2111878098,0.4930380343,0.4887698066,0.7117974575,-0.1065924595,-0.3467954568,-0.03268186124,0.2216404686,0.4875698684,0.4342072725,0.7433774433,-0.145360396,-0.4220659402,0.07349923409,0.2952732493,0.7726297536,0.3471195311,0.4330184469,-0.3082958312,-0.5119484556,0.1526105144,0.2384822581,0.7720825031,0.3466822802,0.4333619647,-0.3096730735,-0.5815039064,0.2397260576,0.1529092642,0.7720825031,0.3466822802,0.4333619647,-0.3096730735,-0.5704528396,0.2489900517,0.1564553729,0.7720825031,0.3466822802,0.4333619647,-0.3096730735,-0.09525965982,-0.2044397811,0.164340738,0.5984573814,0.3732542967,0.3683454354,-0.6056827824,-0.06489012155,-0.2942132674,0.2094037196,0.6120350166,0.3815091322,0.3597887044,-0.5919594654
-0.2635937775,0.07187294619,0.06751715616,0.1974265575,0.3328554702,-0.23562,-0.2666865626,-0.1253668072,0.009109653248,0.2116782923,-0.03408932145,0.23562,0.03490244268,0.5203197169,0.4788822115,0.411988768,-0.7912575226,0.004170287551,0.6874881338,-0.6042417425,-0.3471290965,-1.145768074,0.1042217219,-0.523,0.05124109874,2,2,0,0,-0.05544858565,0.4137389008,0.2144621328,0.4694332236,0.5094099047,0.523676302,-0.4958801551,0.06391419796,0.3764624749,0.1215117082,0.5318262311,0.4792750648,0.4225223835,-0.5558157137,0.06994775324,0.4629707495,0.1383217734,0.5502831986,0.4932630356,0.4061050726,-0.537548741,0.03407597486,0.2830740125,0.1858870088,0.5487026084,0.4598577773,0.4422193413,-0.5402761575,0.1310159249,0.7479289711,0.126983934,0.5075814196,0.5438387955,0.4583601545,-0.4863192735,0.1179714595,1.188311642,0.1304655271,0.4246359108,0.616888386,0.5361131148,-0.3895071122,0.1190642813,1.22438871,0.1421706601,0.4942001392,0.5627016617,0.5781787652,-0.3237937274,-0.1828846968,0.3789374216,0.1314078939,0.5409498513,0.3900679393,0.5112340838,-0.5420885285,-0.189995171,0.4652313957,0.1488851607,0.5434133506,0.3923924676,0.509452095,-0.539618981,-0.149813828,0.28506019,0.1934505148,0.5154526695,0.4231882375,0.4762723339,-0.5730487982,-0.2638810273,0.7472632173,0.1412701686,0.4865531898,0.447202986,0.5640084221,-0.4951464254,-0.2695960185,1.187608413,0.154783988,0.4960953814,0.4386988325,0.5556337636,-0.5026965562,-0.2739128671,1.22529271,0.153775079,0.4410930198,0.4939678542,0.4926965638,-0.5645199756,-0.05992018855,0.133045987,0.1794550562,0.4780150188,0.5184706647,0.5147071887,-0.4876128808,0.08861369718,-0.1030178589,0.1736969835,0.3400144664,0.6366690191,0.6092568123,-0.3284035009,0.1609783912,-0.1130198579,0.2145476126,0.1793218402,0.6991430146,0.5139910456,-0.4635255417,0.2107817499,-0.03302347619,0.226256909,0.2776144327,0.7824461569,0.3578646988,-0.4273652954,0.2672290361,0.08793373746,0.2936728821,0.3819582276,0.54786485,0.2450652845,-0.7027766536,0.3734759927,0.161478438,0.2641571952,0.3836673136,0.5480865971,0.2442138826,-0.7019686988,0.4707897021,0.2398172512,0.1997850038,0.3836673136,0.5480865971,0.2442138826,-0.7019686988,0.4594641112,0.2493123228,0.1983368475,0.3836673136,0.5480865971,0.2442138826,-0.7019686988,-0.2146740651,-0.09902728899,0.1756024947,0.2639665612,0.6380315179,0.6591889327,-0.2978378548,-0.2862978236,-0.1140057595,0.2162367839,0.4418544029,0.5305914153,0.71795304,-0.08820923452,-0.3425877596,-0.04081430367,0.2384033611,0.4288861526,0.3978611977,0.7931061588,-0.169545735,-0.4104625504,0.06177779523,0.3234311865,0.7957907437,0.2734080097,0.4191742619,-0.340966407,-0.5033194598,0.1289086533,0.2568450002,0.8135634194,0.2865665934,0.4114746491,-0.2944193662,-0.5756814458,0.1986517521,0.1586133402,0.8135634194,0.2865665934,0.4114746491,-0.2944193662,-0.5656242112,0.2092154182,0.1614032405,0.8135634194,0.2865665934,0.4114746491,-0.2944193662,-0.09598961564,-0.2084422069,0.1678553862,0.5948312422,0.3747818741,0.3736276778,-0.6050757792,-0.06539907251,-0.2987474366,0.2116896667,0.6101367034,0.3842303742,0.3639039905,-0.5896389644
-0.2662480692,0.07503308516,0.07901692258,0.1907634935,0.3382800317,-0.23562,-0.2920213969,-0.1215532201,0.02261413409,0.2486273046,-0.1161699486,0.23562,0.04948404572,0.5893616587,0.4050551918,0.5945595581,-1.028087761,-0.1134339769,0.7750608125,-0.5135620084,-0.5190300003,-1.398081056,0.214896968,-0.523,0.05054608542,2,2,0,0,-0.05558111144,0.4109600507,0.2213274152,0.4662144725,0.5060575103,0.5271679066,-0.498642016,0.06266511425,0.3737380384,0.12661101,0.5293275682,0.4759485886,0.424662511,-0.5594166769,0.06904230617,0.4602656539,0.1431931342,0.5510104461,0.4923505763,0.4055320174,-0.5380726541,0.03373771346,0.2804304071,0.1915170591,0.5468068571,0.4557597991,0.4453461484,-0.543094904,0.1299986544,0.7452146823,0.1310510167,0.5098841594,0.5413571764,0.4561654007,-0.4887368195,0.1170990692,1.18561492,0.1304131171,0.4258195941,0.6159033191,0.53548707,-0.390633297,0.1181870256,1.221738702,0.1419737411,0.4952598352,0.5615842954,0.5776894289,-0.3249856898,-0.1846123349,0.3744681973,0.1378503492,0.540556763,0.3786110344,0.509568983,-0.5520792716,-0.191341397,0.4611656809,0.1533722599,0.5467644727,0.3843484399,0.5052555201,-0.545931999,-0.1500427189,0.2821745452,0.2014327936,0.5165621853,0.4107449794,0.4750952969,-0.582010764,-0.2657543847,0.7428388415,0.1398817405,0.4798965861,0.4490745592,0.5691518214,-0.4940622543,-0.2699662949,1.18296468,0.1596474215,0.5121278433,0.4196357548,0.5403328616,-0.5192988582,-0.2745633533,1.220464611,0.1561286876,0.4592549812,0.4769213318,0.4755503253,-0.5792087651,-0.06014109994,0.1302859689,0.1861810241,0.4784079325,0.5189444918,0.5144869482,-0.4869554853,0.08847254537,-0.1057310829,0.180564469,0.3201851062,0.649532121,0.6187209897,-0.3045880142,0.1604987208,-0.1185886434,0.2212138971,0.1829902095,0.7006604468,0.5448085,-0.4228158226,0.204684327,-0.03681765654,0.2406571778,0.3099079954,0.8202493572,0.3123666298,-0.3654792948,0.2529468123,0.08394342651,0.3144768934,0.4102063481,0.5240144659,0.1488409245,-0.7314273516,0.3650127305,0.1421939037,0.2742708437,0.3621528538,0.5228827315,0.1701769639,-0.752647833,0.4684300781,0.1977719589,0.1970268231,0.3621528538,0.5228827315,0.1701769639,-0.752647833,0.4584241299,0.2085147819,0.194791805,0.3621528538,0.5228827315,0.1701769639,-0.752647833,-0.214819267,-0.101830976,0.1819385572,0.2343733571,0.6482987085,0.6722726017,-0.2698656388,-0.2862731828,-0.1203524141,0.2213943179,0.391336242,0.5675191906,0.7187678211,-0.09028141161,-0.3360454403,-0.04608168943,0.2533862716,0.3683114147,0.3628868691,0.8327791444,-0.1978350795,-0.3934594734,0.05504247172,0.3474043013,0.8255377309,0.1891113739,0.3843678683,-0.3674039806,-0.4874587827,0.105015654,0.2684771904,0.8606577341,0.211749487,0.377109688,-0.2687353765,-0.5594161445,0.1510988255,0.1569052617,0.8606577341,0.211749487,0.377109688,-0.2687353765,-0.5507672195,0.16304531,0.1586373575,0.8606577341,0.211749487,0.377109688,-0.2687353765,-0.09608899718,-0.2112069195,0.1743447112,0.5951538594,0.375409549,0.3733133449,-0.6045632314,-0.06554886689,-0.3015253648,0.2181869156,0.6102413251,0.3847234231,0.363707397,-0.5893304186
-0.2616502052,0.07636387608,0.07466554265,0.1846169006,0.3463036523,-0.23562,-0.3048851591,-0.1175820551,0.02649340441,0.2889410326,-0.2049027015,0.23562,0.0553723886,0.6491482603,0.2980905932,0.7213217536,-1.366581792,-0.1807988118,0.8184503672,-0.4075072526,-0.6405550401,-1.669447079,0.267803332,-0.523,0.04481983459,2,2,0,0,-0.05637979328,0.4092210411,0.2258404318,0.4686757621,0.5037103472,0.5259351461,-0.5000111381,0.06189814972,0.3718742057,0.1317820281,0.5300887693,0.4747392667,0.4243101973,-0.5599905193,0.06820881194,0.4584552525,0.1481087404,0.5506205525,0.4902454708,0.4062953277,-0.539815239,0.03325348575,0.2786909378,0.1969914263,0.5478244798,0.4541583579,0.4453772708,-0.5433853254,0.129066185,0.743379533,0.1349333552,0.5108250871,0.5379170728,0.4553203449,-0.492327469,0.1163810366,1.183764808,0.1305661124,0.4247403512,0.6146954681,0.5365207546,-0.3922889183,0.1175156107,1.219896614,0.1420971416,0.4940461052,0.5605116684,0.5789105464,-0.3265083381,-0.1856213643,0.3709745344,0.1416222807,0.5435622211,0.3725629417,0.5045367395,-0.5578347828,-0.1922654982,0.4579722122,0.1554035433,0.5509037861,0.3792135068,0.4995573873,-0.5505856441,-0.1505308757,0.280065929,0.2068923875,0.5207323689,0.4038574423,0.4708882631,-0.5865161635,-0.2667258277,0.7393058359,0.1362696005,0.4732441023,0.4545299438,0.573665917,-0.4902550005,-0.2686304132,1.178963627,0.164845378,0.5294327088,0.4020071264,0.5222581465,-0.5341701092,-0.2734439556,1.216109052,0.1587785388,0.4785119247,0.4614488713,0.4558529642,-0.591852475,-0.06026382846,0.1282859761,0.1927586234,0.4823377847,0.5180765886,0.5117895466,-0.4868453242,0.08885311877,-0.1074613812,0.1897703857,0.3069181681,0.658872903,0.6251415881,-0.284404168,0.1604384642,-0.122323415,0.2305149692,0.2056767308,0.6971437058,0.5759784929,-0.3740808891,0.195793878,-0.03824997117,0.2569451414,0.3386492337,0.8455921862,0.2883455443,-0.2952073818,0.2300523645,0.08329103971,0.3370450531,0.4308773215,0.4568385174,0.0485228961,-0.7767166996,0.3436589509,0.1193276552,0.2790509119,0.3516040152,0.4640210129,0.07602450562,-0.8094932925,0.4453876324,0.1443015024,0.1853583881,0.3516040152,0.4640210129,0.07602450562,-0.8094932925,0.4366518083,0.1557571185,0.1817560575,0.3516040152,0.4640210129,0.07602450562,-0.8094932925,-0.2144487291,-0.1041723481,0.1893302281,0.22399073,0.6520580597,0.677366462,-0.2565601602,-0.2859749349,-0.1242489556,0.2278840157,0.3512990591,0.5932457597,0.7152685305,-0.1141900565,-0.3280009348,-0.04797269477,0.265734387,0.3136766636,0.3358960447,0.857281781,-0.2320533256,-0.3730805035,0.05499244965,0.3643643449,0.8566078639,0.09940264835,0.325891582,-0.3874748478,-0.4644773588,0.08279928328,0.2725162486,0.8991485171,0.119739093,0.3292303241,-0.2623011388,-0.5314026978,0.1002177479,0.1501748739,0.8991485171,0.119739093,0.3292303241,-0.2623011388,-0.523810009,0.1129788117,0.1500049401,0.8991485171,0.119739093,0.3292303241,-0.2623011388,-0.09545673276,-0.2133582132,0.1832481083,0.5982527507,0.3745996316,0.369691662,-0.6042324365,-0.064994892,-0.3032862694,0.2279390578,0.6116422,0.3827896389,0.3612047914,-0.5906750463
-0.2568614229,0.0772135496,0.06479109842,0.1810141378,0.3543460582,-0.23562,-0.3092600332,-0.1121503578,0.02914179829,0.3222617733,-0.2865678887,0.23562,0.05365001851,0.6899733053,0.168236701,0.7763955048,-1.76625028,-0.1645087439,0.8103539977,-0.2970242215,-0.7077362791,-1.938975171,0.2512088326,-0.523,0.03784786611,2,2,0,0,-0.05764238863,0.4075613757,0.2293176303,0.4735996017,0.5024860107,0.5227242915,-0.4999705406,0.06133808794,0.3700049326,0.1368340326,0.5330140219,0.4747487248,0.4219093057,-0.5590189966,0.06737765353,0.4566732254,0.1527963109,0.5508409148,0.488165222,0.4063108784,-0.5414614231,0.03258010582,0.2770433478,0.2023094173,0.5509408114,0.4538221254,0.4431714801,-0.5423179326,0.1281466337,0.7415525037,0.1383054842,0.5118625183,0.5351063845,0.4544348201,-0.4951231301,0.115538364,1.181896427,0.1307267754,0.4237567269,0.6139940065,0.5375355614,-0.3930612124,0.1166916884,1.218022185,0.1422748816,0.4929868507,0.5599306819,0.5800090926,-0.327156001,-0.1862746127,0.3678532891,0.1442176683,0.5474463954,0.3711762806,0.4982636948,-0.5605924575,-0.1928436058,0.4550501513,0.1567164364,0.555556329,0.378396772,0.4928026215,-0.5525564446,-0.1512725096,0.2779499092,0.2109120372,0.5257830485,0.4012749344,0.4660616728,-0.5876369032,-0.2667148977,0.7361876501,0.1329720632,0.4692973546,0.462144345,0.5755495213,-0.4846909798,-0.2663504298,1.175226601,0.1699023047,0.5466733023,0.3881974309,0.5026385969,-0.5457155818,-0.2712360585,1.211903116,0.1614925979,0.4972561731,0.4497613179,0.435012381,-0.6010118831,-0.06045617644,0.1263213182,0.1988198418,0.4868393212,0.5163256341,0.5090586561,-0.4870878766,0.08940160687,-0.1089747815,0.1988029198,0.2997645068,0.6639051778,0.6291721203,-0.2711339123,0.1606699853,-0.1248976119,0.2397021193,0.2429238097,0.6867436693,0.6041670041,-0.3230377478,0.1847307648,-0.03852651672,0.2709753676,0.3631627783,0.8550071134,0.2933567515,-0.2258704249,0.2000847311,0.08396985302,0.3553599171,0.4441392441,0.3524100504,-0.04646501723,-0.8224284105,0.3075585782,0.09197336909,0.2781994966,0.3708356704,0.3675510176,-0.03019005995,-0.8523354476,0.3978959599,0.08205524344,0.171001106,0.3708356704,0.3675510176,-0.03019005995,-0.8523354476,0.3895502169,0.09300115945,0.1654281313,0.3708356704,0.3675510176,-0.03019005995,-0.8523354476,-0.2139023564,-0.106641183,0.1967334758,0.2320078438,0.649809824,0.6754489588,-0.2601696698,-0.2855938574,-0.1262678712,0.2352118413,0.3256042492,0.6083274775,0.7065103098,-0.1573617968,-0.3192768631,-0.04653439332,0.2742622046,0.2685430966,0.3225366699,0.8649308786,-0.2752258655,-0.3506747415,0.06197765404,0.3722477437,0.8795402744,0.007089857328,0.2494221691,-0.4051508622,-0.4356482754,0.06413463083,0.270574129,0.9200476622,0.0171562335,0.2652688723,-0.2878374338,-0.4939488955,0.05030982354,0.1434532091,0.9200476622,0.0171562335,0.2652688723,-0.2878374338,-0.4864766766,0.06285439188,0.1407472341,0.9200476622,0.0171562335,0.2652688723,-0.2878374338,-0.09454328161,-0.2155049325,0.1922909762,0.6018952329,0.3728454968,0.3658898313,-0.6040140689,-0.06404125843,-0.3049196683,0.237973485,0.6132171018,0.3797023994,0.3587690358,-0.5925163736
-0.2453237061,0.08431996067,0.0869118803,0.1767666473,0.349252981,-0.23562,-0.3025947404,-0.1015705687,0.04165100326,0.3285570396,-0.3415371939,0.23562,0.0700236463,0.6994638068,0.05161071575,0.7626971731,-2.145417491,-0.03899987331,0.7575598821,-0.1944178833,-0.7388118772,-2.176606573,0.1384510688,-0.523,0.03658885359,2,2,0,0,-0.05822126223,0.4056852114,0.2309593517,0.4740326133,0.4966939342,0.5237664988,-0.5042389036,0.05975618819,0.3683974972,0.1385220039,0.5288888316,0.4726661562,0.4247459767,-0.5625425885,0.06633012807,0.4550107496,0.1545716602,0.5528276522,0.4906718576,0.4038113027,-0.5390353857,0.03217165263,0.2752315183,0.2042114061,0.5483405538,0.4499548072,0.4480783065,-0.5441407353,0.1271344215,0.7399123381,0.1406799697,0.515026083,0.5363363725,0.4510322771,-0.4936206179,0.1146435998,1.180222075,0.1311672991,0.428830817,0.6139413059,0.5336535502,-0.392930136,0.1157180678,1.216451759,0.1423929297,0.4980195751,0.5592819499,0.5761385834,-0.3274821156,-0.1874511969,0.3651850529,0.1481170943,0.5446850022,0.3700053367,0.4974572139,-0.5647571333,-0.1933244521,0.4524788688,0.1602809025,0.5563273915,0.3802841508,0.4896443541,-0.5532921512,-0.151581512,0.2755855449,0.2147594057,0.5251999924,0.397178384,0.4681468203,-0.5892816422,-0.2658689216,0.7338592399,0.1353521447,0.4687606004,0.4656499687,0.5740341972,-0.4836510587,-0.2635130004,1.172758897,0.173832224,0.5594934824,0.3766852583,0.4860234596,-0.5557485548,-0.2683602468,1.208951838,0.1635203618,0.5113406031,0.4398357969,0.4173331605,-0.6090224073,-0.06036191968,0.1241639959,0.203116483,0.4913928185,0.5147238084,0.5060589004,-0.4873365247,0.09012819279,-0.110708204,0.2061800992,0.3021975894,0.6639172242,0.629111315,-0.2685321016,0.1611708118,-0.1264337047,0.2475457581,0.2849662557,0.6714936313,0.6219730609,-0.2846753374,0.1747686659,-0.03815746558,0.2797840462,0.3867227296,0.8465698049,0.3204380968,-0.1763080313,0.1717138115,0.08537315093,0.3640022849,0.4544652081,0.2298290756,-0.1326044152,-0.8503270193,0.266285754,0.06358740119,0.2737252482,0.4374435175,0.2353785667,-0.1311853222,-0.8579222054,0.3397133669,0.02045121221,0.1619291768,0.4374435175,0.2353785667,-0.1311853222,-0.8579222054,0.3300610836,0.02906429422,0.154637346,0.4374435175,0.2353785667,-0.1311853222,-0.8579222054,-0.2131640431,-0.1092295267,0.2023518386,0.2555771581,0.6428607446,0.6665780328,-0.2776402448,-0.285191354,-0.1265973732,0.2412862348,0.3167639994,0.6150204788,0.6903776999,-0.2116341438,-0.3108932935,-0.04237510384,0.2768238613,0.2370003404,0.3194382391,0.8571209164,-0.3273129767,-0.3290744314,0.07444492864,0.3683901395,0.8880256139,-0.0867035641,0.1680557719,-0.4191065002,-0.4063240777,0.04955528329,0.2636252807,0.9120193074,-0.0864472269,0.1840555629,-0.3561898504,-0.4563713853,0.005353633293,0.1399672967,0.9120193074,-0.0864472269,0.1840555629,-0.3561898504,-0.4476411408,0.01615761205,0.134715685,0.9120193074,-0.0864472269,0.1840555629,-0.3561898504,-0.09348791068,-0.2178012,0.1996213454,0.6055183998,0.371233845,0.3618148425,-0.6038401441,-0.06300788089,-0.3066968653,0.2463202585,0.6164633664,0.3777905493,0.3549631654,-0.5926621044
-0.2317990797,0.09059681897,0.1058353256,0.1708418243,0.3505949731,-0.23562,-0.2887067631,-0.09083685714,0.05098749462,0.3250789491,-0.3756824628,0.23562,0.08241350768,0.5962709322,0.07265332354,0.7201006228,-2.286,0.1296848048,0.6435453526,-0.157059411,-0.7376129296,-2.286,-0.02914371322,-0.523,0.0325951462,2,2,0,0,-0.05876234126,0.4034063794,0.2327943439,0.4764108364,0.4912018747,0.5232357407,-0.5079151434,0.05863071684,0.3663458465,0.1411942709,0.5260670317,0.4711379417,0.426660876,-0.5650159422,0.06557322707,0.4529232232,0.1572822491,0.5552160069,0.4930457973,0.4011437462,-0.5363997785,0.03200775519,0.2730137781,0.2070444547,0.5468618949,0.4468327986,0.4518087797,-0.5451159001,0.1262426051,0.7378763798,0.1438665356,0.5189671989,0.5370121355,0.4470505183,-0.4923787637,0.1137303282,1.17811293,0.1314408122,0.4330477812,0.6146536482,0.5307077714,-0.3911774191,0.1146803552,1.214398885,0.1424946009,0.5022910361,0.5594937025,0.5730072133,-0.3260877879,-0.1880060386,0.3623191965,0.1523096844,0.542688775,0.3717804783,0.4961248054,-0.5666818746,-0.193259607,0.4496526415,0.1644724579,0.556957709,0.3843063794,0.4864865397,-0.5526640605,-0.1516766928,0.2727402983,0.2187303396,0.5252492525,0.3960366817,0.4698842295,-0.5886229526,-0.2641845164,0.7314157201,0.1392082341,0.4708911845,0.468675747,0.5702039419,-0.4831894051,-0.26018947,1.170389159,0.1766987051,0.5690870931,0.3702014938,0.4722403238,-0.5622097572,-0.2648740504,1.206188503,0.1650273305,0.5216298016,0.4345245857,0.4028861289,-0.6138187857,-0.05989916673,0.1215656884,0.208329369,0.4969300334,0.5123396493,0.5025564703,-0.4878581965,0.09142638883,-0.1126902215,0.215137814,0.3393564482,0.6444182951,0.6138144446,-0.3046212231,0.1626011345,-0.1234150511,0.257853109,0.3157281438,0.656318122,0.6023460478,-0.326713178,0.1778739147,-0.03226920335,0.2796723637,0.4254698707,0.817680769,0.3251268089,-0.2113435765,0.1768941784,0.09965749104,0.3500729639,0.4578345784,0.1262721411,-0.1980590848,-0.8574470504,0.2582632316,0.05366556184,0.256092997,0.511851683,0.1032102287,-0.1956559597,-0.8301049625,0.3168053613,-0.01366378481,0.147509919,0.511851683,0.1032102287,-0.1956559597,-0.8301049625,0.3052111943,-0.007979780309,0.1401757567,0.511851683,0.1032102287,-0.1956559597,-0.8301049625,-0.2118396175,-0.1123883962,0.2094228613,0.3006313819,0.6270858225,0.6464050745,-0.3139181789,-0.2844335471,-0.1249214978,0.2491532724,0.3488991399,0.6015689875,0.6690395084,-0.2622408809,-0.3075674126,-0.03622256353,0.2739368673,0.2483864427,0.3137861279,0.8313713769,-0.3855698052,-0.3216745318,0.09168031833,0.3501188801,0.882644208,-0.165661879,0.09907128707,-0.4285793088,-0.3924736257,0.04453304444,0.2484955521,0.8770923915,-0.1647022931,0.09446069081,-0.4412020731,-0.4369346766,-0.02264120035,0.1333406491,0.8770923915,-0.1647022931,0.09446069081,-0.4412020731,-0.4262620431,-0.01461764137,0.1268414225,0.8770923915,-0.1647022931,0.09446069081,-0.4412020731,-0.09175285367,-0.2205379837,0.2087326755,0.6099618848,0.3687958718,0.3569999482,-0.6037277044,-0.06123862489,-0.3087538618,0.256681614,0.6197197411,0.3745648699,0.3509423261,-0.5937070695
-0.2305774737,0.08603594505,0.07499841452,0.1692643507,0.3646601968,-0.23562,-0.2760690401,-0.09126591829,0.02352350574,0.3357608451,-0.4163953703,0.23562,0.05714537696,0.4167611828,0.1851518955,0.6665182586,-2.286,0.2254137559,0.5015209152,-0.17902682,-0.7154744819,-2.286,-0.1327116744,-0.523,0.02515932419,2,2,0,0,-0.05967344433,0.4022165992,0.2362635863,0.4885430623,0.4950266085,0.5136331343,-0.5024493373,0.06063900624,0.3646178337,0.1489207953,0.5374115411,0.4747541113,0.417588844,-0.5580474233,0.06637394856,0.4514248908,0.1642279482,0.5579551658,0.490075934,0.3994965429,-0.5375073247,0.03236243032,0.2719088192,0.2149615226,0.5573310264,0.4512036766,0.4412011853,-0.5395728712,0.1263365969,0.7364000082,0.148330794,0.5221882376,0.5337579997,0.4452312875,-0.4941567999,0.1128147769,1.176456924,0.1314119624,0.4328023535,0.6145116265,0.5325350483,-0.389183769,0.1136166893,1.212704902,0.1426012583,0.5020306168,0.5593815121,0.5745874953,-0.3238931831,-0.1859292369,0.3604412734,0.1532933829,0.5521987032,0.3804530192,0.4874623582,-0.5592070652,-0.1919315475,0.4477537894,0.1652583517,0.558737612,0.3861599834,0.4829539498,-0.5526737106,-0.1515942554,0.270990998,0.2209370158,0.5342686905,0.4052466829,0.4614454908,-0.5808615596,-0.2619340961,0.7296137857,0.138544275,0.4701842036,0.4730788965,0.569525286,-0.4803791428,-0.2565809685,1.168282084,0.1792952777,0.5777496713,0.3635699229,0.4600408179,-0.5677892869,-0.2611589233,1.20367381,0.166402359,0.5310117938,0.4289571614,0.3901153799,-0.617925739,-0.05894798977,0.1200952063,0.2152636851,0.502698028,0.5094984355,0.4992811673,-0.4882871623,0.09342614658,-0.1133392985,0.2258497396,0.3969680616,0.6074496576,0.5836882003,-0.3643204035,0.1649669899,-0.1157234878,0.2692281466,0.3391132706,0.6415457257,0.5475096411,-0.4167186874,0.189868242,-0.02415882952,0.2727980557,0.4692311351,0.7751477568,0.300126707,-0.2981477095,0.2047563485,0.1174836392,0.3183788896,0.4476537883,0.03147355855,-0.2509134288,-0.8577050496,0.2718878783,0.04999828453,0.226142784,0.5375469958,-0.01383709119,-0.2354041055,-0.8095904331,0.3143288002,-0.03789210796,0.1250252595,0.5375469958,-0.01383709119,-0.2354041055,-0.8095904331,0.3015850606,-0.03370225365,0.1186562114,0.5375469958,-0.01383709119,-0.2354041055,-0.8095904331,-0.2097991977,-0.114544687,0.2183690953,0.3537655234,0.6044010007,0.6181430204,-0.3569994273,-0.2830758954,-0.1210351528,0.2582922995,0.4063789432,0.570356704,0.647581769,-0.3003118998,-0.3084913329,-0.0301198811,0.2685573942,0.2919772098,0.3005558675,0.7956131258,-0.4375102667,-0.3267183159,0.1074455207,0.3242834599,0.8716549674,-0.2206156427,0.0455361001,-0.4352847568,-0.3923924599,0.04508292286,0.2275338287,0.8450073734,-0.21257554,0.02090942714,-0.4902417511,-0.4321572264,-0.03746598156,0.1209774699,0.8450073734,-0.21257554,0.02090942714,-0.4902417511,-0.4202757285,-0.03147203967,0.1143876883,0.8450073734,-0.21257554,0.02090942714,-0.4902417511,-0.0892072426,-0.2221244664,0.2197151735,0.6146870228,0.3659403494,0.3523447961,-0.6034075482,-0.05856379762,-0.3095960539,0.268928593,0.6222288499,0.3703436568,0.347713633,-0.5956274538
-0.2255341507,0.08629075104,0.05499955848,0.1551504975,0.3936352573,-0.23562,-0.2845636071,-0.08246849807,0.02262116885,0.3756443586,-0.4285854951,0.23562,0.03950072514,0.3166109934,0.2704838664,0.6275784851,-2.286,0.2512582623,0.444300362,-0.1854433624,-0.6903145636,-2.286,-0.1624168799,-0.523,0.01217607574,2,2,0,0,-0.06272169913,0.4026907596,0.2384535859,0.4978421767,0.4985086563,0.5066488526,-0.4969398624,0.05983373943,0.3653118648,0.1548676349,0.5440260104,0.4799955293,0.4113854675,-0.5517263714,0.06486201263,0.4521749541,0.1701052148,0.558990758,0.4911256291,0.3980318172,-0.5365590568,0.03036381934,0.2726342465,0.2204289547,0.5642228931,0.4560839123,0.4347996818,-0.5334690511,0.1249256473,0.737133422,0.1542910562,0.5264631638,0.5312305597,0.4401551229,-0.4968843903,0.112266753,1.17691839,0.1308793042,0.4302271212,0.6181399863,0.5346069764,-0.3834096534,0.1129464293,1.213006583,0.1425814272,0.4998997039,0.5632874085,0.5759663855,-0.3179155615,-0.1868147105,0.3592068114,0.1519597366,0.5602765547,0.38404099,0.4750974751,-0.5593613228,-0.1927479717,0.4467242237,0.1623598625,0.5665672857,0.3893899407,0.4707234505,-0.5529886237,-0.1536798347,0.2709630575,0.2217524559,0.5439691586,0.4068105876,0.4516353283,-0.5784705961,-0.2608160175,0.7283930723,0.1293680894,0.4687097863,0.4857957564,0.568234276,-0.4705565076,-0.2529740705,1.165939053,0.1804679397,0.5788276652,0.374617314,0.4555629377,-0.5631010673,-0.2570296213,1.201502892,0.1678772631,0.5307838309,0.4400546815,0.3862195808,-0.6127436964,-0.06029487787,0.120432989,0.2195151604,0.5075591859,0.5084172791,0.4967049532,-0.4870110189,0.09303200129,-0.1122284588,0.2329735728,0.429318955,0.5848673751,0.5638226623,-0.3946129673,0.1645606335,-0.1098351045,0.2763716078,0.3465410411,0.6374118907,0.5054685694,-0.4670298853,0.1964207495,-0.02062619662,0.2697680471,0.4845616132,0.7516020546,0.2768959797,-0.3516006413,0.2228390104,0.1232407531,0.3008523412,0.4294534398,-0.02529492199,-0.275996056,-0.8595092129,0.2793275448,0.04349777806,0.2113061634,0.5278427189,-0.07793551018,-0.2511811173,-0.8075990135,0.3096184854,-0.05538075018,0.1161420826,0.5278427189,-0.07793551018,-0.2511811173,-0.8075990135,0.2965581746,-0.05120965511,0.1104365767,0.5278427189,-0.07793551018,-0.2511811173,-0.8075990135,-0.2101183198,-0.1148565068,0.2231756847,0.3773956773,0.594102902,0.6049516667,-0.3723543012,-0.2838810624,-0.1190048142,0.2625115737,0.430781867,0.556608245,0.636828918,-0.3147430283,-0.3101795056,-0.02785021751,0.2665283686,0.3145615336,0.3012506431,0.7766927648,-0.4550246595,-0.3299017693,0.1127313086,0.313536069,0.8649925897,-0.2374534979,0.01714498893,-0.4417122428,-0.3922048733,0.04502128459,0.218161262,0.8315155864,-0.2253394279,-0.01432203902,-0.5075419697,-0.4286201262,-0.04307089817,0.1148969769,0.8315155864,-0.2253394279,-0.01432203902,-0.5075419697,-0.4162398953,-0.03780755321,0.108608127,0.8315155864,-0.2253394279,-0.01432203902,-0.5075419697,-0.08906206387,-0.2218783802,0.2262321586,0.618716889,0.36522587,0.3485994105,-0.6018952784,-0.05840919062,-0.3088509645,0.276316397,0.6223697616,0.367341375,0.346369455,-0.5981173754
-0.2329988083,0.08629045216,0.06219220848,0.1608459334,0.3953182227,-0.23562,-0.2932979238,-0.07715900622,0.02577592252,0.3617768343,-0.4215159571,0.23562,0.05610098773,0.2870571904,0.2895100013,0.6055306602,-2.286,0.2587514384,0.4324567018,-0.1832904619,-0.695424043,-2.286,-0.1777053811,-0.523,0.01482326516,2,2,0,0,-0.06256467699,0.4027875828,0.2416440503,0.4961942567,0.4981674596,0.5078495735,-0.4977039808,0.05975197661,0.3649765502,0.1569011713,0.5447072203,0.4781281407,0.4102162519,-0.5535432701,0.06488031714,0.4519175547,0.1716533071,0.5616541496,0.4906510638,0.3951524085,-0.5363401196,0.03033685323,0.2726830431,0.2230265283,0.5648228569,0.454188964,0.4337098408,-0.5353347544,0.1248414471,0.7368149844,0.1544145803,0.5280936973,0.5321527703,0.4389964198,-0.4951894782,0.1117100126,1.176572483,0.1307484935,0.4316034315,0.6190338166,0.5341528692,-0.3810463544,0.11226884,1.212647035,0.1424989701,0.5013715329,0.5640132748,0.5752376493,-0.3156220186,-0.1872007491,0.3589640638,0.1548969062,0.5588788079,0.3820936401,0.473294136,-0.563605881,-0.1925733704,0.4465868814,0.1646969286,0.5660959234,0.3881615354,0.4683305579,-0.5563564653,-0.1537014732,0.2711664475,0.2250772516,0.5437256216,0.4033652441,0.4512037179,-0.5814414271,-0.2592783168,0.7283637399,0.129893073,0.4726053072,0.4819189017,0.5625320698,-0.4774474487,-0.2496892217,1.166835911,0.1719570781,0.5798301578,0.3713727386,0.4512151306,-0.5677007866,-0.2535999842,1.202243246,0.1588885707,0.5321607345,0.4369504268,0.3813612706,-0.6168005013,-0.06045549202,0.1205609167,0.2222105015,0.5099580709,0.5122150492,0.49367778,-0.4835915206,0.09244910371,-0.1122867417,0.2371691967,0.439875454,0.5815596584,0.5554332738,-0.3997396991,0.1635247892,-0.1088402553,0.2812354136,0.3513849393,0.6389293199,0.4919617005,-0.4756801803,0.1972163429,-0.02049833522,0.2724327081,0.4873561353,0.7460359922,0.272078233,-0.3631635043,0.2260085852,0.1235702297,0.3003094451,0.4254882209,-0.03778460099,-0.2808930517,-0.8594365546,0.2800670516,0.04135750723,0.2114997327,0.5263225089,-0.09237976206,-0.2536314225,-0.806301245,0.3076559371,-0.05964963815,0.1177601109,0.5263225089,-0.09237976206,-0.2536314225,-0.806301245,0.294515458,-0.05548710653,0.1122352861,0.5263225089,-0.09237976206,-0.2536314225,-0.806301245,-0.2105557998,-0.1145767984,0.2235381111,0.3841860008,0.5952120255,0.6000529276,-0.3715645915,-0.2848558046,-0.1182277886,0.2619001024,0.4370457881,0.5575546768,0.6315392904,-0.3150902827,-0.3108828315,-0.02694919162,0.2646776651,0.3191850453,0.3018665271,0.7725964158,-0.4583582495,-0.3308033519,0.114179865,0.309928293,0.8634099376,-0.2404898834,0.01120939952,-0.4433534086,-0.3924044748,0.04547453416,0.2148096455,0.8263817205,-0.2266733785,-0.02347870028,-0.5149380372,-0.4282212383,-0.0435349587,0.112124274,0.8263817205,-0.2266733785,-0.02347870028,-0.5149380372,-0.4156641695,-0.03852362366,0.1059818727,0.8263817205,-0.2266733785,-0.02347870028,-0.5149380372,-0.08965825405,-0.221731804,0.2279231656,0.6202516052,0.3697785707,0.3450549679,-0.5995738687,-0.05973024888,-0.3088295671,0.2782277793,0.6246783499,0.3723258116,0.3423048528,-0.5949603659
-0.2376822911,0.08664653707,0.06856212113,0.1657280997,0.3983185448,-0.23562,-0.2946716495,-0.07249098018,0.02277575301,0.3366143231,-0.4220791711,0.23562,0.07041053795,0.2705469799,0.3003129993,0.5893995876,-2.286,0.2644377485,0.429460434,-0.1799416048,-0.7022395898,-2.286,-0.1895283984,-0.523,0.02028051552,2,2,2,2,-0.06254681794,0.4028044351,0.2436192858,0.4944121765,0.4972471834,0.5092087662,-0.4990072852,0.0593604708,0.3646762452,0.1578069339,0.5444377631,0.476244661,0.4100620755,-0.5555426529,0.06464168627,0.451664218,0.172224458,0.5631587466,0.4900194588,0.3934981739,-0.536556002,0.03015173122,0.2726445355,0.224387094,0.5645529356,0.452218352,0.4337377072,-0.5372617113,0.1245706972,0.7365030951,0.1539382882,0.5286568522,0.532748413,0.4387602071,-0.494156394,0.1111119461,1.176265504,0.1305489315,0.4314003875,0.6199842286,0.5346796165,-0.378986767,0.1115945928,1.212297301,0.1424332045,0.5012816055,0.5649809643,0.5755186664,-0.3135147948,-0.1877078852,0.3590612579,0.1573991487,0.5565042699,0.3818368508,0.4733023414,-0.5661170467,-0.192578135,0.4467190949,0.167148402,0.5629149172,0.3872018842,0.468923435,-0.5597430741,-0.1538740478,0.2712689127,0.2274254249,0.5423019265,0.4017524157,0.4524767811,-0.5828965427,-0.2578423013,0.7288536209,0.1325109353,0.476409704,0.4754952435,0.5565933757,-0.4869721569,-0.2463589433,1.168233515,0.1630497195,0.5824331742,0.3629365117,0.4444479603,-0.5757731295,-0.2502078931,1.203294637,0.149061774,0.5357372825,0.4288786287,0.3736922031,-0.6240214927,-0.06076242791,0.1205936949,0.2239236873,0.5116698752,0.5148621971,0.4913911344,-0.4812957613,0.09178006652,-0.112415984,0.2400136497,0.4461448826,0.580172517,0.5501156111,-0.4021534641,0.1625199209,-0.1084095501,0.284570179,0.3543350435,0.6403843242,0.4837662415,-0.4799216789,0.1973185854,-0.02061920931,0.2746297435,0.4881433409,0.7429622264,0.2700271971,-0.36987636,0.2274369696,0.1234846193,0.3008752494,0.4235166836,-0.04501865274,-0.2826583501,-0.8594830985,0.2800149125,0.04005354449,0.2123132359,0.5262745516,-0.1009072197,-0.2537846259,-0.805261568,0.3059853874,-0.06195331597,0.1191958822,0.5262745516,-0.1009072197,-0.2537846259,-0.805261568,0.2927835013,-0.05780081383,0.1138116942,0.5262745516,-0.1009072197,-0.2537846259,-0.805261568,-0.2110929983,-0.1144004905,0.2236737977,0.3873236773,0.5968664093,0.5975817223,-0.3696308206,-0.2857466226,-0.1178935612,0.2613579806,0.4393852216,0.5596514706,0.6283758507,-0.314443395,-0.3114159499,-0.02650299456,0.2637565651,0.3201542853,0.3021970583,0.7712316032,-0.459760792,-0.3312290753,0.1148232435,0.3084353248,0.8626646433,-0.2417144259,0.009742044619,-0.4441721987,-0.3927490843,0.04584004199,0.213465412,0.8228813248,-0.2267939229,-0.02736845007,-0.5202709004,-0.4286040356,-0.04335596557,0.1109553608,0.8228813248,-0.2267939229,-0.02736845007,-0.5202709004,-0.4159402248,-0.0385128818,0.1048977221,0.8228813248,-0.2267939229,-0.02736845007,-0.5202709004,-0.09034180251,-0.2216762547,0.2290310011,0.6213140476,0.3729292465,0.3424035082,-0.5980405244,-0.0609476129,-0.3088529284,0.2795133662,0.6273462858,0.3763820738,0.3386043707,-0.5917096014
-0.2364382017,0.08639057702,0.07681016152,0.1728563214,0.3986893623,-0.23562,-0.2844547553,-0.07044585263,0.01593929826,0.317038324,-0.4286155169,0.23562,0.08142800951,0.2556061813,0.3065949339,0.5734092194,-2.286,0.2685376122,0.4161048312,-0.1824444091,-0.6980201314,-2.286,-0.1982645176,-0.523,0.02354398812,2,2,2,2,-0.06254762396,0.4033569901,0.2459272783,0.4932855043,0.4940143923,0.5092672126,-0.5032554993,0.0585177105,0.364521888,0.1594080017,0.5433187879,0.4726812442,0.4106695986,-0.5592205441,0.06407905613,0.4515734395,0.1733278606,0.564389784,0.4881006186,0.392217878,-0.5379471107,0.02972722053,0.2728925187,0.2267212259,0.5632232497,0.4487788263,0.4344347194,-0.5409654432,0.1239859652,0.7363011384,0.1533189632,0.5284266662,0.5327146571,0.4394723548,-0.4938060367,0.1101034151,1.176079037,0.1304749043,0.4309345939,0.6199520178,0.5354120544,-0.3785350756,0.1105578654,1.212092376,0.1424161015,0.5008152545,0.5650037251,0.5761929366,-0.3129801452,-0.1883312877,0.3600187641,0.1618511608,0.5533719111,0.3821873975,0.4749898851,-0.5675358405,-0.19278134,0.447662834,0.1719198105,0.5578773511,0.3859607229,0.4719289334,-0.5631076837,-0.1542676638,0.2719046229,0.2313599475,0.5395696998,0.4014376887,0.4547091265,-0.5839108934,-0.256779175,0.7302728869,0.1388306682,0.4763858897,0.4700115835,0.5540762954,-0.4951212522,-0.2432162527,1.170049903,0.1618827758,0.5833240143,0.3539615588,0.4400876632,-0.5837526513,-0.2470919859,1.204790668,0.1471241437,0.5376768426,0.4200705937,0.3684242353,-0.6314332048,-0.06148344705,0.1210241222,0.2280101994,0.5133606049,0.5143335822,0.4887374345,-0.4827603708,0.09053301708,-0.1121962707,0.2459225679,0.4520168569,0.5764668472,0.5447138805,-0.4082321932,0.1612299845,-0.1074518603,0.2904746968,0.3586908334,0.6387285424,0.4759898468,-0.4866214143,0.1968049742,-0.02020025142,0.2787069404,0.4909343044,0.7370794056,0.2691424629,-0.3784967547,0.2279394458,0.1241449484,0.302307047,0.4233108272,-0.05522515438,-0.2859410465,-0.8579020013,0.2788332078,0.03913927297,0.2142600443,0.52706333,-0.1122841682,-0.2552672193,-0.8027671883,0.3030063756,-0.0643388967,0.122289217,0.52706333,-0.1122841682,-0.2552672193,-0.8027671883,0.2897173806,-0.06024745014,0.1170752715,0.52706333,-0.1122841682,-0.2552672193,-0.8027671883,-0.2123042379,-0.1136542636,0.2288786933,0.3936670209,0.594541075,0.592413501,-0.3749579051,-0.2870982006,-0.1162008478,0.2663599002,0.4461903672,0.5562076675,0.6241073959,-0.3194325362,-0.3127234299,-0.0247677546,0.2668501372,0.3255934819,0.3019864335,0.7652901005,-0.4659658148,-0.3325764952,0.1174018751,0.3087489351,0.8599326138,-0.2478197162,0.002354452176,-0.4462014618,-0.3934723517,0.04680996242,0.214562129,0.8180320791,-0.2314918772,-0.0370399736,-0.5252266832,-0.4287646863,-0.04407256085,0.1133463497,0.8180320791,-0.2314918772,-0.0370399736,-0.5252266832,-0.415976494,-0.03946364679,0.1073678382,0.8180320791,-0.2314918772,-0.0370399736,-0.5252266832,-0.09179064644,-0.221144844,0.2351945388,0.6222612374,0.3720399575,0.3394029214,-0.5993186793,-0.06269777734,-0.3080637247,0.2862922212,0.6292731344,0.3760095361,0.3349998534,-0.5919520667
-0.2300623373,0.08338636471,0.0780700967,0.185023925,0.400935478,-0.235233538,-0.2755003656,-0.0728629666,0.002533483492,0.3214499564,-0.4454877407,0.23562,0.08488147938,0.2305972151,0.3215761755,0.5472103582,-2.286,0.2745261421,0.3860602066,-0.1901711397,-0.6740688446,-2.286,-0.2053405175,-0.523,0.02581679562,2,2,2,2,-0.06289151017,0.4054010552,0.2489036193,0.4961998599,0.4899671176,0.5046846689,-0.5089315353,0.05776518615,0.3651215308,0.1633151904,0.5449413049,0.4684187759,0.4086843643,-0.5626721203,0.06341462054,0.4523219031,0.1762319476,0.5664845405,0.4840109111,0.3900929341,-0.5409770846,0.02894177727,0.2743399194,0.2317535853,0.5639919437,0.4452979485,0.4317819985,-0.5451487231,0.1232588081,0.7368016795,0.1528014907,0.5280253422,0.531916688,0.4407567015,-0.4939508125,0.1086475068,1.176574359,0.1303142487,0.4296839875,0.6196235838,0.5370743922,-0.3781393692,0.1090672522,1.212553109,0.1423605215,0.4994255626,0.564921076,0.5777368668,-0.3125034369,-0.1888120031,0.3616249766,0.1665384816,0.55455838,0.3799400411,0.4725745249,-0.5698981372,-0.1931708094,0.449354665,0.1758747679,0.5552798486,0.380538366,0.4720928599,-0.5691951979,-0.1550445204,0.2740009191,0.2368071477,0.5403516835,0.3998868462,0.4515033046,-0.5867327623,-0.2563618117,0.7319223869,0.1409257193,0.4725722829,0.4667243232,0.5548718917,-0.5009601057,-0.2403230591,1.171740166,0.161474586,0.583472203,0.3445285299,0.4367694667,-0.5916863302,-0.2442814473,1.206161158,0.1460057233,0.5389327404,0.4107203683,0.364196533,-0.6389218777,-0.06272900949,0.1227990302,0.2358624718,0.5173459925,0.5109386766,0.4834418891,-0.4874204886,0.08854703783,-0.110540831,0.2579911119,0.4629705605,0.5679005372,0.5348434555,-0.4208202918,0.159297686,-0.1042414103,0.302264421,0.3660801918,0.6346952444,0.4605730138,-0.5010187011,0.1964607184,-0.01823994519,0.286786686,0.4963917724,0.7255377129,0.2653103867,-0.3959805982,0.2299777912,0.1263632244,0.3049081165,0.4209597419,-0.07563165269,-0.2932346247,-0.8550357909,0.2773599876,0.03797558297,0.2182422821,0.5258906516,-0.1346267369,-0.2590968824,-0.7988638619,0.2977479131,-0.06858554183,0.1289127468,0.5258906516,-0.1346267369,-0.2590968824,-0.7988638619,0.2843300585,-0.0645449212,0.1239977579,0.5258906516,-0.1346267369,-0.2590968824,-0.7988638619,-0.2142719961,-0.1113676425,0.2405850361,0.4077970103,0.5872140133,0.581248524,-0.3886276552,-0.2892144703,-0.1117953448,0.2778530579,0.461706378,0.5458442264,0.6155201157,-0.3316870334,-0.315043469,-0.02050614264,0.2738471068,0.3408786909,0.3042672411,0.7500175376,-0.4782226024,-0.3350600065,0.1233694503,0.3093577961,0.8532106207,-0.2589907172,-0.01800214837,-0.4523619876,-0.3937962836,0.04935108117,0.2164384294,0.8091862496,-0.2401397904,-0.05989440612,-0.5328819331,-0.4269440585,-0.04528811808,0.1179779659,0.8091862496,-0.2401397904,-0.05989440612,-0.5328819331,-0.4139128963,-0.04107695956,0.1122353614,0.8091862496,-0.2401397904,-0.05989440612,-0.5328819331,-0.09409754268,-0.2191008608,0.2489093927,0.6247420783,0.3675556881,0.3332570656,-0.6029426839,-0.06533531169,-0.3052135911,0.3015363036,0.6324728375,0.3718267615,0.3284848779,-0.5948282561
-0.2247654283,0.07889987521,0.08523744908,0.2065752236,0.3951687438,-0.2318458625,-0.2664471732,-0.07783690258,-0.007315462355,0.3277445764,-0.4593847045,0.23562,0.09254244973,0.208330428,0.3295938908,0.5211602616,-2.286,0.2773259559,0.3494924012,-0.2022075307,-0.6463579874,-2.286,-0.2064665701,-0.523,0.03187081464,2,2,2,2,-0.06230941778,0.408364803,0.2521404213,0.4979715337,0.4843545073,0.499958953,-0.5171712562,0.05742492998,0.3660473101,0.1669392801,0.546215511,0.461689874,0.4067023251,-0.5684050444,0.06329559297,0.4534295846,0.1784517551,0.5699368905,0.4785985286,0.3866623455,-0.5446169478,0.02870386083,0.2764856549,0.2370086306,0.563999442,0.4397880782,0.4288036189,-0.5519225781,0.1229216762,0.7375266735,0.1502980613,0.5270329975,0.5322000915,0.4433644642,-0.4923690019,0.10686111,1.177363508,0.1301785948,0.4297458375,0.618498073,0.5381954512,-0.3783177304,0.1072149058,1.213347888,0.1422101585,0.4983992164,0.5646411005,0.5783408729,-0.3135290792,-0.1888716851,0.3642307513,0.1722800143,0.5549449751,0.3752114851,0.4709774008,-0.5739622845,-0.1931030914,0.4520631393,0.1806603768,0.5528418677,0.3734862702,0.4723466699,-0.57598828,-0.1552394733,0.2772459523,0.2434026046,0.5399257917,0.396519512,0.4482886791,-0.5918527488,-0.2558852437,0.7344116814,0.1432871461,0.4683768657,0.4624492895,0.5562091504,-0.5073412534,-0.2376715842,1.174268969,0.1609790941,0.5827122115,0.3347933211,0.4349620511,-0.5993062029,-0.2417849396,1.20839048,0.1448992271,0.5393222706,0.4009633121,0.3615060235,-0.6462764933,-0.06373069672,0.1255587214,0.2448807639,0.521360153,0.506961551,0.477020156,-0.4935841848,0.08632699501,-0.1080602462,0.2718340042,0.4732108125,0.5593475267,0.5242419187,-0.4340187576,0.1571857303,-0.1003431801,0.3157082487,0.3750375067,0.6294005062,0.4459376667,-0.5141414871,0.195520699,-0.01561084682,0.2965310453,0.5027159278,0.7132794391,0.2622302321,-0.4120005377,0.2307271514,0.1291828072,0.3090674134,0.419745858,-0.09505578066,-0.3010494374,-0.8509683011,0.275033623,0.03761734216,0.2240902592,0.524506862,-0.1554312016,-0.2639577777,-0.7943928404,0.2921528048,-0.07191627163,0.1377188069,0.524506862,-0.1554312016,-0.2639577777,-0.7943928404,0.2786259401,-0.06793642584,0.1330596966,0.524506862,-0.1554312016,-0.2639577777,-0.7943928404,-0.2164870698,-0.1076748104,0.2543264059,0.4238713099,0.5781269212,0.5671749266,-0.4054811687,-0.2915459153,-0.1054510972,0.2912951445,0.4800580336,0.5323926266,0.605204438,-0.3461646484,-0.3176990881,-0.01465165094,0.2818943277,0.3592931215,0.3052603918,0.7316189897,-0.4924004467,-0.3380568223,0.1308815332,0.3095983355,0.8450748109,-0.2726427437,-0.04241178539,-0.45794731,-0.3941649321,0.05259069083,0.2185758001,0.8003967961,-0.251380728,-0.0858385144,-0.5374052919,-0.4246420323,-0.04665645963,0.1238606198,0.8003967961,-0.251380728,-0.0858385144,-0.5374052919,-0.411401378,-0.04279720028,0.1183548283,0.8003967961,-0.251380728,-0.0858385144,-0.5374052919,-0.09687524846,-0.2158361421,0.2648989662,0.6269595608,0.3621202723,0.3260158701,-0.6078686289,-0.0685754921,-0.3010031291,0.3192861715,0.6365661825,0.3672692712,0.3202041873,-0.5978010172
-0.2235799322,0.07485291157,0.09560381261,0.2350655022,0.384840159,-0.228480413,-0.2543968302,-0.08376124222,-0.01954413737,0.3265550072,-0.4702353576,0.23562,0.1011373624,0.1868108168,0.3352309616,0.4997747828,-2.278460684,0.2773533332,0.3149835333,-0.2148673096,-0.6204143233,-2.286,-0.2024963518,-0.523,0.03963531649,2,2,2,2,-0.06164246604,0.411947779,0.2545779669,0.4988306182,0.4789716301,0.495735986,-0.5253570444,0.05709745478,0.3673996106,0.1692788361,0.5476815026,0.4544962148,0.4038352629,-0.5748001765,0.06325770999,0.4549584514,0.1791866266,0.5745219708,0.4732737912,0.3816564521,-0.5479733353,0.02846035044,0.2792601586,0.2411624714,0.5643041794,0.433684944,0.4250601734,-0.5592870564,0.1227507995,0.7385154676,0.145794306,0.5258044002,0.5342652981,0.4463931845,-0.4886956608,0.1049365365,1.178458616,0.1299243937,0.4307343736,0.6178607115,0.5387068236,-0.3775062897,0.1051770835,1.214449952,0.1419379343,0.498357814,0.5647330773,0.5782280127,-0.3136373796,-0.1888726863,0.3679401746,0.1775148516,0.5543389588,0.3715686415,0.4709033721,-0.5769706037,-0.1929900377,0.4558280786,0.1853524157,0.5486743845,0.3669492736,0.4745118247,-0.5823600077,-0.1554144106,0.2812530604,0.2490815464,0.5382959016,0.3944520997,0.4463336294,-0.5961806393,-0.2553329884,0.7381408764,0.1469871068,0.4642436002,0.456733139,0.5573893897,-0.5149658122,-0.2351208471,1.178060811,0.1604443018,0.5813188341,0.3242018987,0.4339049034,-0.6071969012,-0.2394481045,1.211872278,0.1437764026,0.5391834426,0.3902815307,0.3595287492,-0.6539882419,-0.06479186576,0.1290691325,0.2526401482,0.524748243,0.5034173816,0.4708916331,-0.4994710114,0.08394601,-0.1048422435,0.2840108744,0.4824184842,0.5511806823,0.5138587711,-0.4465662604,0.1549344751,-0.09586220339,0.3274327528,0.3837031503,0.6239388038,0.4321558179,-0.5260357503,0.194266883,-0.01244658764,0.3048119662,0.5091793402,0.7018550788,0.2580469975,-0.4260840233,0.2309652423,0.1323412626,0.3119929081,0.419103217,-0.109203132,-0.3077909407,-0.8471669884,0.2732158638,0.03838429628,0.2285939392,0.5228802473,-0.1703001384,-0.2688337842,-0.7907733597,0.2881703082,-0.07342391568,0.1447727304,0.5228802473,-0.1703001384,-0.2688337842,-0.7907733597,0.2745776508,-0.06949269032,0.1402663257,0.5228802473,-0.1703001384,-0.2688337842,-0.7907733597,-0.2188592976,-0.1030827744,0.2664361094,0.4383537834,0.5693493153,0.5534332223,-0.4211875903,-0.2939949515,-0.09834047563,0.3030094184,0.4968761585,0.5190633539,0.5954051597,-0.3594162121,-0.320489502,-0.008300276376,0.2885974595,0.3767219516,0.3051586048,0.7141840683,-0.504876137,-0.3412400166,0.1383888164,0.3089342066,0.8372939191,-0.2851415398,-0.06545593051,-0.4618968678,-0.3948032734,0.05606984967,0.2199553149,0.7933190215,-0.2621803044,-0.1091984506,-0.538499876,-0.4226688516,-0.04744122855,0.1290774732,0.7933190215,-0.2621803044,-0.1091984506,-0.538499876,-0.4092811298,-0.04382248302,0.1237674697,0.7933190215,-0.2621803044,-0.1091984506,-0.538499876,-0.09985912611,-0.21169732,0.2790646557,0.6286480607,0.3571746727,0.3192197745,-0.6126390491,-0.07204465767,-0.2959847957,0.3350489104,0.6406648939,0.363430311,0.3120791891,-0.6000612322
-0.2187454852,0.07052524246,0.1173552241,0.2705412627,0.3668468542,-0.2203857413,-0.2267325723,-0.09255265318,-0.03313638767,0.3021359221,-0.4723840398,0.23562,0.1140331441,0.1695818027,0.3345649592,0.4804512494,-2.264838063,0.2738674328,0.2845373071,-0.2341791153,-0.5984115547,-2.286,-0.1935913287,-0.523,0.04687729435,2,2,2,2,-0.05984117868,0.4159611011,0.2541703653,0.4979963931,0.4718690762,0.4916060904,-0.5363418866,0.05718318239,0.3688738745,0.1685005957,0.5466239901,0.4459372458,0.402514441,-0.5833732177,0.06392760494,0.456554781,0.1768213566,0.5798945374,0.4687748064,0.3756701789,-0.5503130229,0.02891019177,0.2822189417,0.2423075358,0.5620058323,0.4263886233,0.422831219,-0.5688197839,0.1232843432,0.7395012284,0.1383877543,0.5239348183,0.5387068629,0.4504420762,-0.4820675866,0.1031158509,1.179543049,0.1296926841,0.4329867106,0.6175975792,0.5384498734,-0.3757226003,0.1031852876,1.215550256,0.1416607886,0.4982778138,0.5662362419,0.5765023403,-0.314230473,-0.1879287785,0.3733892197,0.1819772777,0.5505548513,0.3707694182,0.4750825327,-0.5776815571,-0.1918538335,0.4612329506,0.1903877795,0.5409085858,0.362847631,0.4811600265,-0.5867235528,-0.1548034776,0.2860189782,0.2528649291,0.5328137269,0.3958410517,0.4478504893,-0.5990403438,-0.2536040426,0.7440373873,0.1547841486,0.4623364299,0.447013514,0.5570835618,-0.5254349141,-0.2327024644,1.184107501,0.159322295,0.5798588763,0.3116498133,0.4334290633,-0.6154488805,-0.23736523,1.21755932,0.1420308596,0.5392089475,0.377644851,0.358086289,-0.6621270928,-0.06544898177,0.133145253,0.2583835704,0.5277509563,0.4991167965,0.463917446,-0.5070916632,0.08148425382,-0.1012121503,0.2945614891,0.4901368158,0.54328152,0.5034116928,-0.459551694,0.1527033209,-0.09120099739,0.3373760208,0.392836729,0.617307227,0.4198675996,-0.5369565073,0.1926493302,-0.009061492858,0.3114083219,0.5161251032,0.6900868096,0.2546334196,-0.4388130521,0.2302763749,0.1356537428,0.3132959527,0.4206384866,-0.1198651835,-0.3133669945,-0.8429096797,0.2713419585,0.04002078796,0.2312205585,0.522221073,-0.1808583952,-0.2736040908,-0.7872205493,0.2851011987,-0.07352185877,0.1495538125,0.522221073,-0.1808583952,-0.2736040908,-0.7872205493,0.2714578519,-0.06966429563,0.1451378365,0.522221073,-0.1808583952,-0.2736040908,-0.7872205493,-0.2213304755,-0.09741486818,0.2774780836,0.451086103,0.5604673223,0.5394944119,-0.437428266,-0.2964206362,-0.09006095252,0.3137113626,0.5134724682,0.5039328488,0.5869017394,-0.3714082075,-0.3236565767,-0.001154850345,0.2944548885,0.393831436,0.3011630654,0.698164797,-0.5164915529,-0.3454855792,0.1462099915,0.3074531621,0.8306093556,-0.2983828855,-0.08736964223,-0.4619765121,-0.3964456619,0.05960373928,0.2210523231,0.7888956573,-0.2745057008,-0.1303089654,-0.5341440214,-0.4215211512,-0.04822963542,0.1344902123,0.7888956573,-0.2745057008,-0.1303089654,-0.5341440214,-0.4080714665,-0.04470955489,0.12927125,0.7888956573,-0.2745057008,-0.1303089654,-0.5341440214,-0.103173638,-0.2066774652,0.2922526275,0.6297456561,0.3510501275,0.3117063959,-0.618888794,-0.07592335205,-0.2899513901,0.3500032582,0.6440772702,0.358259011,0.303393392,-0.6039597675
-0.2069599498,0.06449587229,0.1443775387,0.3220307986,0.3305894003,-0.2110329332,-0.1738753245,-0.1088755552,-0.06525242765,0.2545657287,-0.478429214,0.23562,0.1228518696,0.1479614014,0.3366012202,0.4540004093,-2.230578258,0.2651155145,0.229889705,-0.2791275438,-0.5576062744,-2.236909859,-0.1771198797,-0.5071008776,0.05422224931,2,2,2,2,-0.05640451827,0.4205591712,0.2508324206,0.4987741,0.4618268108,0.4840055648,-0.5510707825,0.05856414387,0.3701598735,0.1657960548,0.5453849362,0.4351234177,0.4003575705,-0.594084757,0.06601957454,0.4579548272,0.1720511571,0.5868135021,0.4628663734,0.3679310986,-0.5532009949,0.03068106352,0.2854928118,0.2420189271,0.5591307802,0.417312698,0.4193041037,-0.5808674128,0.1251737929,0.7399856194,0.1271238052,0.5202361535,0.5455686883,0.4572501767,-0.4718383482,0.1013706143,1.17992145,0.130132032,0.4379079609,0.6157702439,0.536619043,-0.3756376274,0.1012483113,1.216034183,0.1417774125,0.5003258491,0.5662247083,0.5731969761,-0.3170313093,-0.1848302998,0.3807495134,0.1860866763,0.546248685,0.3738194825,0.48264489,-0.573520077,-0.1889048334,0.4684056538,0.1962090721,0.527249509,0.3578764586,0.494582183,-0.5910337214,-0.1527810172,0.2917370995,0.25540866,0.5250996364,0.402987597,0.4507241742,-0.5989316216,-0.2500872267,0.7521087987,0.1674289306,0.4602023116,0.430006906,0.5575100115,-0.5408238903,-0.2305301625,1.192159622,0.1578388049,0.5791939975,0.2896195517,0.4325943756,-0.6273092816,-0.2359333651,1.224942057,0.1395118669,0.541138063,0.3556891454,0.3558633431,-0.6738071754,-0.06501305136,0.1381224732,0.2645949513,0.5316621773,0.4906676164,0.4547424327,-0.519413072,0.0797903367,-0.09641817968,0.3075399274,0.4997836471,0.5302889219,0.4897602966,-0.4786907325,0.1515415526,-0.08491797996,0.3490727005,0.4038949099,0.6065137561,0.4026562497,-0.5539656217,0.1923188853,-0.004889937932,0.3182567164,0.5243664808,0.6724285968,0.2496774112,-0.4588472146,0.2315120806,0.1393050235,0.3124633054,0.424862913,-0.1312254153,-0.3166836674,-0.8378441683,0.2714131187,0.04246331189,0.231235203,0.5222961933,-0.1907172514,-0.2769675624,-0.7836597386,0.2840562159,-0.07249824452,0.1513934887,0.5222961933,-0.1907172514,-0.2769675624,-0.7836597386,0.2703560364,-0.0687123554,0.147092945,0.5222961933,-0.1907172514,-0.2769675624,-0.7836597386,-0.2230926825,-0.09002137374,0.2925739673,0.4713888736,0.5426275446,0.5170358114,-0.464781505,-0.297914109,-0.07853478089,0.3282849618,0.5422909904,0.4717760105,0.5766648413,-0.3883368879,-0.3278235544,0.007389851053,0.3010951484,0.426098547,0.2876225441,0.6732298421,-0.5314836593,-0.3536853616,0.1546738076,0.3017734865,0.8243847156,-0.3078020592,-0.1065090147,-0.4629293282,-0.4023161755,0.06479604719,0.2173951121,0.7865180923,-0.2844994895,-0.1465528451,-0.5281776165,-0.4249049039,-0.0464012929,0.1344812002,0.7865180923,-0.2844994895,-0.1465528451,-0.5281776165,-0.4114376341,-0.042890817,0.1293012627,0.7865180923,-0.2844994895,-0.1465528451,-0.5281776165,-0.1059490779,-0.1999600512,0.3101382382,0.6287325429,0.344689103,0.3068399263,-0.6258866282,-0.07906223254,-0.2824589695,0.369157608,0.6454679055,0.3528801917,0.297383403,-0.6086130666
-0.182348011,0.06404727257,0.1969303751,0.3711593005,0.2789067255,-0.1921887669,-0.08886511764,-0.1221029888,-0.1050909951,0.1517240953,-0.4422743766,0.23562,0.1365626304,0.07566639809,0.3472180233,0.4037484296,-2.122565444,0.228819631,0.1296490075,-0.3496078351,-0.4810439364,-2.124191117,-0.1253045002,-0.4496241059,0.0681360757,2,2,2,2,-0.0528855828,0.4254580527,0.2470194317,0.4981573478,0.4468116431,0.476168822,-0.5704926514,0.0589385256,0.3718423451,0.1629214087,0.5381264663,0.4234514304,0.40056356,-0.6088165789,0.06790022211,0.4596085806,0.1673304397,0.5953703164,0.4607781877,0.3569954359,-0.5529664609,0.03227245395,0.2889934688,0.2415400332,0.551408699,0.4060045004,0.4198513745,-0.5956791214,0.1275394589,0.7406473768,0.1171366881,0.5192760237,0.5548976821,0.460721137,-0.4584506599,0.09993352559,1.180145905,0.1312126404,0.4501938888,0.6132362754,0.5284288195,-0.3768683001,0.09959312093,1.21653635,0.1419540967,0.5069548246,0.5672125465,0.5621501232,-0.3244286855,-0.1813058133,0.3904269765,0.1938964422,0.5359911775,0.3844333418,0.4948988357,-0.5656850766,-0.1849425616,0.4776122294,0.2076139274,0.5055408766,0.3579100074,0.5144067247,-0.5930552843,-0.1506618646,0.2982340039,0.2596026671,0.5115369391,0.4164198561,0.4594623386,-0.5948267167,-0.2432160657,0.7629523192,0.1919842079,0.4651003401,0.4018278532,0.5512418071,-0.5642238209,-0.2289004933,1.201669495,0.1540173805,0.5746834896,0.2682863667,0.4358035602,-0.6386208336,-0.2351184072,1.233922845,0.1350221635,0.5391662729,0.3339736785,0.3577207495,-0.6854175206,-0.06455227408,0.1439796573,0.2728613311,0.5359202361,0.4782586289,0.4445740381,-0.5351748397,0.07830747103,-0.09016405026,0.3237477481,0.520398686,0.4994423306,0.4630105744,-0.5151347144,0.1511074158,-0.07516997714,0.3622290244,0.4263031501,0.581827344,0.3670670353,-0.5873707157,0.1931068994,-0.000249415319,0.3217338884,0.5403779794,0.6350023167,0.2371402968,-0.4985260042,0.2349790215,0.1416588715,0.3000400967,0.438944358,-0.1391675629,-0.3152329899,-0.8298122692,0.2752125241,0.04535423049,0.2183388364,0.5223735068,-0.1907602168,-0.28069515,-0.7822702166,0.2884563309,-0.0700953535,0.139302757,0.5223735068,-0.1907602168,-0.28069515,-0.7822702166,0.2747591132,-0.06637889108,0.1349327816,0.5223735068,-0.1907602168,-0.28069515,-0.7822702166,-0.2246681979,-0.08097744285,0.3125954981,0.5033079107,0.5095009316,0.4807295338,-0.5059536176,-0.2989926338,-0.06343492739,0.3468533612,0.5842477083,0.4142036546,0.5613964798,-0.4146371188,-0.3336995158,0.01588633513,0.3078601195,0.4784729565,0.2618306956,0.6337002767,-0.5485729451,-0.3667364943,0.1605592712,0.289416782,0.8193354418,-0.3107918565,-0.1245288187,-0.4653927687,-0.4127302433,0.06856778917,0.2058415451,0.793020032,-0.2935201961,-0.1531213326,-0.5113892654,-0.4323214544,-0.04517748925,0.1256666614,0.793020032,-0.2935201961,-0.1531213326,-0.5113892654,-0.4190371412,-0.04132548705,0.1202618809,0.793020032,-0.2935201961,-0.1531213326,-0.5113892654,-0.1084789314,-0.1913957861,0.3332227694,0.6215401955,0.346920879,0.3139177604,-0.6283226312,-0.08159241023,-0.2750057761,0.3906574676,0.6425811196,0.3574120684,0.3019189791,-0.6067874819
-0.1858353317,0.06961374105,0.1733064338,0.4231944611,0.2814748831,-0.2025893388,-0.05930731464,-0.1200281972,-0.141096341,0.1643530129,-0.4755637169,0.23562,0.09006927125,0.0462157466,0.3774825216,0.3994023707,-2.09272925,0.2221356877,0.06404780856,-0.3729644835,-0.4218245872,-2.056119137,-0.1200183235,-0.4217507233,0.06540018141,1,1,2,2,-0.05709431224,0.4329966719,0.2464366257,0.5140040453,0.4452575537,0.4610908506,-0.5700357706,0.05746055433,0.377209249,0.1671145671,0.5524210244,0.4228018187,0.3813885503,-0.6087794408,0.06617778378,0.4650977348,0.1686270613,0.6030350215,0.4542226501,0.3433662598,-0.5586861002,0.02901361434,0.2970263086,0.2478448059,0.5667998609,0.4033215637,0.4023429729,-0.5951384428,0.1280586008,0.7438981694,0.1094650941,0.5174709648,0.561428236,0.4623585472,-0.4508289146,0.09935112728,1.183031897,0.1308339061,0.4474980767,0.6191165561,0.5303744875,-0.3676180959,0.09879710527,1.219200982,0.1422903301,0.5078102533,0.5706913222,0.5648299362,-0.3121014332,-0.1830561812,0.3973097257,0.193130326,0.5471706409,0.3930876393,0.4839510078,-0.5584602221,-0.1875031988,0.4845424089,0.2062964443,0.5064438854,0.3579962933,0.5104558003,-0.5956409328,-0.1544183903,0.3055646918,0.2603510778,0.5226089248,0.4251982058,0.4495843764,-0.5864812751,-0.2444502498,0.7700062481,0.1882275168,0.4628345666,0.4056808219,0.5503041859,-0.5642451042,-0.2267098379,1.208761917,0.1522009044,0.579434481,0.2613596055,0.4258006755,-0.6439259457,-0.2328715078,1.240468278,0.1322886014,0.5446984879,0.3276533511,0.3471636501,-0.6895101441,-0.06779183511,0.1524276628,0.2810862524,0.5391455795,0.4655641526,0.4405781218,-0.5463176571,0.07573914224,-0.08021807461,0.3367318219,0.5298668743,0.4788387319,0.452015052,-0.5344501447,0.1493322321,-0.0631481598,0.3727615034,0.4306160687,0.5697501532,0.3437128416,-0.6097672071,0.1929531723,0.007838905953,0.3272098479,0.547586851,0.617788387,0.2180385164,-0.5205241156,0.2388669095,0.1468125755,0.2965487163,0.4302268817,-0.1535714337,-0.3253723702,-0.8279211712,0.2764258115,0.04710927132,0.2177007958,0.5107363593,-0.2044710738,-0.2902585133,-0.7830006045,0.2866203858,-0.07117989124,0.1425047096,0.5107363593,-0.2044710738,-0.2902585133,-0.7830006045,0.272990202,-0.06729552103,0.1380716172,0.5107363593,-0.2044710738,-0.2902585133,-0.7830006045,-0.2273758922,-0.07098928293,0.3304766067,0.5234051092,0.4816300023,0.4587547141,-0.5325633717,-0.3011907631,-0.05003022873,0.3639063194,0.6036263646,0.3762387266,0.5495400583,-0.4382754349,-0.3381904377,0.02441505917,0.3180170348,0.5069567029,0.2465883494,0.6068920913,-0.5602419806,-0.3739158712,0.1664150226,0.287659814,0.8144840831,-0.3139926274,-0.1346436146,-0.4689300644,-0.4189416179,0.07324587753,0.2048656688,0.7891438219,-0.2969546606,-0.1622355961,-0.5125910352,-0.437694179,-0.04179252003,0.126352457,0.7891438219,-0.2969546606,-0.1622355961,-0.5125910352,-0.4243352115,-0.03805069938,0.1210553523,0.7891438219,-0.2969546606,-0.1622355961,-0.5125910352,-0.1109348961,-0.1808681759,0.3525166571,0.6194224886,0.3408980048,0.3179666932,-0.6316656655,-0.08313542644,-0.2643107009,0.4097599493,0.6397431887,0.3511114474,0.3066512989,-0.6110764149
-0.1999720532,0.08103358932,0.1790356936,0.487255376,0.2509878542,-0.2022082945,-0.03606221769,-0.1173120475,-0.1651967576,0.1439659489,-0.500935401,0.23562,0.0750367279,-0.005823671664,0.3919186643,0.391578586,-2.037033756,0.2158541946,-0.02814115135,-0.3907840208,-0.3520322357,-1.974563903,-0.110513461,-0.3880120742,0.07432028979,1,1,2,2,-0.05981819819,0.4416156109,0.2497950331,0.5178241335,0.4383283224,0.4552372947,-0.5766155166,0.05444328256,0.3827576351,0.1703270504,0.5576663886,0.415233451,0.3669806088,-0.6179924052,0.06405722411,0.4705482676,0.1685833122,0.6106809592,0.4463782927,0.328390021,-0.5656634865,0.02613409117,0.305604647,0.2540044661,0.5740280415,0.3923039988,0.3917116516,-0.602620413,0.1287089019,0.746402441,0.09941907393,0.5134313014,0.5696484598,0.4660037967,-0.4412815342,0.09851934687,1.184783144,0.1315146445,0.4510663921,0.6204016361,0.5266026488,-0.3665113505,0.09794520111,1.221008917,0.1427895303,0.5113813137,0.5717064214,0.5609061805,-0.3114886457,-0.1855338919,0.4063846722,0.1996798384,0.5470565098,0.3946995132,0.4818059372,-0.5592892885,-0.1896517134,0.4936533052,0.2127141355,0.4990475488,0.3536027084,0.5127277947,-0.6025171178,-0.1572331087,0.3146665235,0.267079769,0.5229774669,0.426090483,0.4481904636,-0.5865720567,-0.244197969,0.7795934506,0.1947699032,0.4608793805,0.3960205283,0.5472919185,-0.5755254067,-0.2253044499,1.217310781,0.1482322872,0.582148563,0.2410152889,0.415982329,-0.6557235569,-0.2319139049,1.248021738,0.1269505699,0.5497849806,0.3077690596,0.3360266964,-0.7000719537,-0.07070068387,0.1619424759,0.2910080351,0.5390883203,0.4550956089,0.4384754264,-0.5567863775,0.07296140474,-0.06999420256,0.3492162088,0.540228665,0.4533752383,0.4370151659,-0.5582308014,0.1475061142,-0.05076434571,0.3820607169,0.4416138049,0.5498848648,0.3199595001,-0.6326371797,0.1913990732,0.01574516166,0.3304196786,0.5603856476,0.5926654666,0.2010027624,-0.5425066453,0.2391217682,0.1511831922,0.2886950895,0.431655458,-0.1619756725,-0.3343265985,-0.8219873312,0.276462001,0.04967696881,0.2120751954,0.5090762711,-0.2123467624,-0.2994723918,-0.7785027228,0.2865187573,-0.07049854873,0.1399127859,0.5090762711,-0.2123467624,-0.2994723918,-0.7785027228,0.2728671023,-0.06674524555,0.1354331004,0.5090762711,-0.2123467624,-0.2994723918,-0.7785027228,-0.2301798028,-0.05960665525,0.3484884938,0.5458127641,0.4477365264,0.4303578885,-0.5625055709,-0.3034294167,-0.03461884033,0.3803564398,0.6223553795,0.3332466836,0.5313799577,-0.4682475521,-0.3422983677,0.03358830804,0.3269346015,0.5376078314,0.2294242878,0.5735829645,-0.5738857889,-0.379836554,0.1714530537,0.2828205047,0.807890362,-0.3170727419,-0.1451700829,-0.4750828205,-0.4241985165,0.07731774329,0.2007641975,0.7843371692,-0.3009556151,-0.1707946349,-0.5148496046,-0.4425400212,-0.03896955352,0.1240134992,0.7843371692,-0.3009556151,-0.1707946349,-0.5148496046,-0.4290992267,-0.03538111126,0.1188182442,0.7843371692,-0.3009556151,-0.1707946349,-0.5148496046,-0.1137666859,-0.169456192,0.3708202202,0.6135091595,0.3392143383,0.3263179858,-0.6340794241,-0.08526618344,-0.2536224756,0.426641525,0.6366426789,0.3511033918,0.3134903562,-0.6108488391
-0.2423716505,0.1018487138,0.1728293692,0.5557275666,0.2277932618,-0.2014318142,-0.044333825,-0.1040831051,-0.176100501,0.1316806156,-0.5262104493,0.23562,0.05785945154,-0.08027067276,0.3983639148,0.3889019482,-1.984912534,0.2077132913,-0.1393367308,-0.3844510749,-0.2800742194,-1.887305887,-0.09405485831,-0.3666063317,0.08707082982,1,1,2,2,-0.06530563832,0.4523034788,0.2612343868,0.5191931283,0.4348116494,0.4555460159,-0.5778020011,0.04920667287,0.3900657968,0.1787757099,0.5666358274,0.407777731,0.3465308071,-0.6265441413,0.05974320129,0.4775784248,0.1730150524,0.6185967223,0.4361642334,0.3100436093,-0.575301501,0.02118425219,0.3166466306,0.2658404774,0.5866581051,0.3784060073,0.3779741456,-0.6080926792,0.1283741683,0.7490881722,0.0915822356,0.5098239981,0.5772408944,0.467833769,-0.4335942867,0.09793513432,1.186722914,0.1324291933,0.4533511808,0.6227790518,0.5227443461,-0.3651811991,0.09741678556,1.222974888,0.1436222718,0.5136715651,0.5740405593,0.5568127143,-0.3107709136,-0.1912743612,0.4157725631,0.2111948392,0.5466256467,0.391816881,0.4768956835,-0.5659067425,-0.194578155,0.5032559941,0.2229591033,0.4947441927,0.3483624665,0.5095032415,-0.6117828231,-0.1621603872,0.3250824041,0.2796314913,0.5255040383,0.4197208257,0.4468126618,-0.5899477768,-0.2461582351,0.7894895711,0.2013052119,0.4601506163,0.3878585468,0.5409498864,-0.5875375549,-0.2244988675,1.225601794,0.1425159565,0.5850058018,0.2217043166,0.4026581442,-0.6681929562,-0.231370442,1.255181519,0.1197655576,0.5548921809,0.2889277759,0.3213292451,-0.7108888268,-0.07494429509,0.1728249835,0.3040464114,0.5356892014,0.447806692,0.4427781721,-0.5625422085,0.06999283806,-0.05877828976,0.3603914313,0.551156626,0.4235221774,0.422437555,-0.5817231738,0.1454519836,-0.03712628631,0.3894185034,0.4564582951,0.5242046222,0.2989813184,-0.6538084659,0.1882445994,0.02476171828,0.3314912199,0.5779970486,0.5629165765,0.1860088836,-0.5607539878,0.2354914942,0.1561494865,0.2779483178,0.4377409923,-0.1717840799,-0.347378928,-0.8112958362,0.2736348191,0.05264622844,0.2044597005,0.5109172654,-0.2216206844,-0.3131285697,-0.7692842901,0.2848193914,-0.06987954716,0.1365402897,0.5109172654,-0.2216206844,-0.3131285697,-0.7692842901,0.2710978662,-0.06645703664,0.132009427,0.5109172654,-0.2216206844,-0.3131285697,-0.7692842901,-0.233100773,-0.04847477037,0.365970215,0.5682536593,0.410158759,0.4020337453,-0.5892592288,-0.305935876,-0.02011681655,0.3959091036,0.6361456083,0.2940428438,0.5072032717,-0.5015998527,-0.3454157826,0.04159165529,0.3354913518,0.5651458642,0.2155444787,0.5368271409,-0.5881898934,-0.3825499895,0.1744974304,0.2778809126,0.7992585719,-0.3174760346,-0.153881313,-0.4865339086,-0.426991337,0.08039874465,0.1958255538,0.7788275302,-0.3035448256,-0.1758178173,-0.5199772228,-0.4459066971,-0.03649594227,0.1201442668,0.7788275302,-0.3035448256,-0.1758178173,-0.5199772228,-0.4323731873,-0.03311922446,0.1150487353,0.7788275302,-0.3035448256,-0.1758178173,-0.5199772228,-0.1162042486,-0.1581799062,0.3864061211,0.6074236722,0.3377652816,0.3377157276,-0.6347434003,-0.08658116196,-0.2432397314,0.4402536733,0.6344732172,0.3521431938,0.3226956294,-0.6077058816
-0.3398480457,0.1466981931,0.162602095,0.6416806165,0.212576055,-0.1857922867,-0.06221398385,-0.07222505569,-0.2197574466,0.06151093531,-0.4855648524,0.23562,0.01992414293,-0.2504739751,0.4138755985,0.3566284738,-1.826577246,0.1517698281,-0.3341111771,-0.3485204385,-0.1771318862,-1.68472847,0.009617152034,-0.3532913374,0.104863819,1,1,2,2,-0.07464106694,0.4674137663,0.297018476,0.5261430532,0.4367399536,0.4566914978,-0.5690910089,0.04329539999,0.3993688271,0.2099643549,0.5902126041,0.4018132691,0.2994833042,-0.6328545878,0.05539702268,0.4859127522,0.1970661603,0.639658145,0.4248075276,0.2658622146,-0.5828321412,0.01397753402,0.3331599298,0.3022289116,0.6180718372,0.3574801048,0.3450557419,-0.6092058057,0.1328608066,0.748160687,0.09565393662,0.5231734717,0.5869342517,0.4540206803,-0.4191216106,0.09982045357,1.185908928,0.1331237662,0.4720549167,0.6280858109,0.5069609604,-0.3544897099,0.09881626415,1.22236639,0.1435929772,0.528282403,0.5815886285,0.5376584578,-0.305934229,-0.1995935844,0.4279164825,0.2435172549,0.5496893679,0.3961675901,0.4650536636,-0.5697525159,-0.2018537878,0.5156026112,0.2539430866,0.483896631,0.3427817221,0.505691962,-0.6265942715,-0.1696657036,0.3385367075,0.3133132545,0.5350274742,0.4157556524,0.4441797231,-0.5861716583,-0.2468731263,0.8026205836,0.228389243,0.4681174494,0.3618877784,0.5203329352,-0.6157571972,-0.2251859985,1.232059254,0.132309732,0.5794792036,0.2032439058,0.3925355558,-0.6846981852,-0.2321566623,1.260678935,0.1083914744,0.5515736844,0.2699457414,0.3093368359,-0.7260898631,-0.08034479817,0.187590768,0.3382563171,0.5317861769,0.4412678002,0.4523180737,-0.563821382,0.06777216985,-0.04308525076,0.3899433384,0.5782901225,0.3630806741,0.386984642,-0.619673983,0.1440062988,-0.01644209616,0.411942491,0.4913521067,0.4741520314,0.2514075032,-0.6859644492,0.1847926027,0.03489081214,0.3432525122,0.6081081789,0.5024130955,0.1573046391,-0.5941723443,0.2299526101,0.1560118628,0.268071917,0.4622087626,-0.1709487109,-0.3555283842,-0.7941908877,0.2730231432,0.05370157114,0.1956430005,0.5148237658,-0.2084908785,-0.3312991368,-0.7627115613,0.2899999058,-0.06954396127,0.130274545,0.5148237658,-0.2084908785,-0.3312991368,-0.7627115613,0.2763459804,-0.06659958448,0.1252323712,0.5148237658,-0.2084908785,-0.3312991368,-0.7627115613,-0.2351995087,-0.03543441491,0.4022984629,0.6068708242,0.3477065756,0.3519962947,-0.6220181256,-0.3082187576,-0.003155491977,0.4274325679,0.6579650387,0.2372215585,0.4545105948,-0.5515687257,-0.3466724689,0.04667873079,0.3563356933,0.6095989916,0.1927050377,0.4694968575,-0.6089552847,-0.380861257,0.1686347154,0.2768390162,0.787750509,-0.2999184609,-0.1514672587,-0.5162903466,-0.4273182875,0.07975579049,0.19020785,0.78989766,-0.3012708141,-0.1492593773,-0.5128539964,-0.4490405117,-0.03455295351,0.1113949582,0.78989766,-0.3012708141,-0.1492593773,-0.5128539964,-0.435785382,-0.03088928543,0.1057912431,0.78989766,-0.3012708141,-0.1492593773,-0.5128539964,-0.1169492605,-0.1442460318,0.4194609607,0.6029960299,0.3353216424,0.3518294555,-0.6325908776,-0.08547935734,-0.2300778736,0.4709857134,0.6353201227,0.3532994699,0.3337724587,-0.6001197982
-0.4670487408,0.1725659562,0.1342137934,0.7117634265,0.2322540401,-0.1845270043,-0.121950908,-0.05483393515,-0.2700544041,0.04481942794,-0.4613788532,0.23562,-0.0335424926,-0.4286677553,0.4376065487,0.2885342844,-1.628497413,0.1150360693,-0.5199579197,-0.3000527371,-0.1130439561,-1.452724372,0.07633621454,-0.3533184814,0.09999932034,1,1,2,2,-0.0835266649,0.4841211716,0.3473718131,0.5400891654,0.45063631,0.4508049818,-0.5495502506,0.04246298995,0.4082426796,0.2590384737,0.6271355973,0.3980925728,0.2378094507,-0.6258353707,0.05553129137,0.4930518143,0.2380791362,0.6676903811,0.413143216,0.210579473,-0.5823731825,0.007231959617,0.351446219,0.3554171039,0.6591086198,0.3425676303,0.2908567466,-0.6030137635,0.1430219138,0.7431658853,0.1162292338,0.5524832067,0.5901642142,0.4300191457,-0.4019353691,0.1028500602,1.181501928,0.1353841666,0.4989374588,0.6327600791,0.4911370192,-0.3308481871,0.1004727596,1.218098895,0.1451191424,0.5551132169,0.5841003526,0.5195300095,-0.2841912451,-0.205708876,0.4390076943,0.282338015,0.5679925927,0.3949193236,0.4411221571,-0.5716943108,-0.2083893447,0.5270693072,0.2887122657,0.4858626117,0.3319419789,0.490269877,-0.64295217,-0.1768075599,0.3533156985,0.3570206741,0.556952995,0.410341588,0.4252842132,-0.5835721725,-0.2499433511,0.813111493,0.2498253951,0.4747547297,0.3462658008,0.5010339074,-0.6353526308,-0.2258246439,1.235388678,0.1264582897,0.5767387693,0.191820291,0.379208942,-0.6976947371,-0.2325519082,1.263119985,0.1014487346,0.5501949508,0.2582792059,0.2945750121,-0.7374299493,-0.0860510392,0.2036883234,0.3845880413,0.5307969999,0.4430127282,0.4582989615,-0.5585305089,0.06398906073,-0.0264764478,0.4328970108,0.6062886662,0.3066432863,0.3428341693,-0.6487285106,0.1402055466,0.004236106284,0.4488108136,0.5252730002,0.4309342491,0.1938462476,-0.7076775964,0.1808832162,0.04327942126,0.3724049893,0.6232892214,0.4469807443,0.1246375658,-0.6294316786,0.2258781157,0.1514023338,0.2794170767,0.4855144734,-0.1562237331,-0.3433090982,-0.7886752845,0.2733099926,0.05404365575,0.2029977112,0.5255402708,-0.1843894789,-0.3261312564,-0.7638365974,0.2954910129,-0.06607629069,0.1335001752,0.5255402708,-0.1843894789,-0.3261312564,-0.7638365974,0.2818825717,-0.06333180393,0.1282275409,0.5255402708,-0.1843894789,-0.3261312564,-0.7638365974,-0.239026765,-0.0214919255,0.4455297581,0.641905356,0.2944602232,0.2977575949,-0.6423325507,-0.3128965402,0.01316134183,0.4641810364,0.6787061843,0.1952107182,0.3904186486,-0.590613215,-0.3475336343,0.05076014591,0.3841591338,0.6459197648,0.170514446,0.3980534745,-0.6287017676,-0.3755176032,0.1591530661,0.2850141419,0.7764330287,-0.2701090269,-0.1384065444,-0.55230109,-0.4244707369,0.07931665391,0.1912462587,0.7945283009,-0.2799968546,-0.1216391689,-0.5249099477,-0.4502430615,-0.02877195834,0.1052087374,0.7945283009,-0.2799968546,-0.1216391689,-0.5249099477,-0.4369861138,-0.02505270325,0.0996460913,0.7945283009,-0.2799968546,-0.1216391689,-0.5249099477,-0.1198758917,-0.1295619736,0.4610724279,0.603078115,0.3379606548,0.3578829144,-0.6276935578,-0.08766761577,-0.2158568063,0.5113525316,0.6336958242,0.3554248671,0.340544782,-0.5967679765
-0.6800135993,0.1844516228,0.09354841152,0.928031348,0.1540001018,-0.2319929416,-0.2185697636,-0.06407823444,-0.2686247632,0.06849029677,-0.4470321759,0.23562,-0.0464026721,-0.5833848619,0.569943576,0.1623836035,-1.425885792,0.1873300522,-0.6881175886,-0.2646744055,-0.08848933317,-1.250959709,0.1301560541,-0.3680975523,0.0854289017,1,1,0,2,-0.08669687797,0.4999674526,0.3990851646,0.5403371191,0.4677905029,0.4496702825,-0.5357279908,0.04696129887,0.406449223,0.3045903529,0.6692243065,0.3704562608,0.1525055731,-0.6258138994,0.06275788607,0.4863887375,0.2704904188,0.6977536423,0.3771818139,0.135017296,-0.5938384155,0.003642881034,0.3669525647,0.4061749603,0.7004974626,0.3072496028,0.2094918679,-0.6091093036,0.1654775191,0.710806884,0.1151062859,0.5635489202,0.6030676529,0.4330155078,-0.3622424472,0.1039137038,1.145867589,0.1475293532,0.5285698243,0.629145872,0.4750828942,-0.3147787417,0.1002758397,1.182730741,0.1557533014,0.5978329623,0.5637431478,0.5083217093,-0.2576789717,-0.2081736967,0.4500523359,0.3216309875,0.5817528379,0.3774247147,0.4221870073,-0.5838427452,-0.2110814442,0.5383335663,0.322426616,0.4983316147,0.3174908883,0.4689251755,-0.6564863421,-0.1803487755,0.3690995539,0.401807821,0.5693639914,0.3958666758,0.4032677312,-0.5970672971,-0.2531965202,0.8212296145,0.2653722337,0.4819841653,0.3397818192,0.4857123458,-0.6452310414,-0.2263859194,1.238054529,0.1251675309,0.5776571857,0.1883077821,0.3667933947,-0.704496246,-0.2326849198,1.265159195,0.09937181485,0.5515198532,0.2548989927,0.2814460906,-0.7427250185,-0.090664496,0.2185638835,0.4278999489,0.5277632033,0.457232587,0.4604016497,-0.548119224,0.05763272309,-0.01350066565,0.4723475566,0.6248012762,0.2701832602,0.3002169282,-0.6682021903,0.1337997403,0.01891645916,0.4847240798,0.5236460592,0.4349372755,0.1002571209,-0.7256534164,0.1845051898,0.04292820456,0.4081127443,0.5812041761,0.4374070177,0.06170615342,-0.6834245804,0.2477569475,0.135114124,0.3088009703,0.4479432977,-0.1178718767,-0.3120393864,-0.8295085557,0.2928227644,0.04216062581,0.2257519855,0.5171060797,-0.16025821,-0.2860686808,-0.7906221085,0.3110837432,-0.07116031456,0.1446618639,0.5171060797,-0.16025821,-0.2860686808,-0.7906221085,0.2976593598,-0.06735024352,0.1395832971,0.5171060797,-0.16025821,-0.2860686808,-0.7906221085,-0.2455585447,-0.007739816722,0.4790475679,0.6664586689,0.258599496,0.2436032228,-0.6554514575,-0.320035091,0.02868644897,0.4905294683,0.6947538219,0.1683982887,0.3279608567,-0.61757657,-0.3493967172,0.05550080767,0.4042984511,0.6678653829,0.1518118437,0.3328720936,-0.6481552003,-0.36924063,0.1502150608,0.2902928089,0.7629520669,-0.2415094609,-0.126526782,-0.586146993,-0.4197551842,0.07944558729,0.190279613,0.7956315993,-0.2570890821,-0.09925094068,-0.5394671563,-0.4488886588,-0.02212053334,0.09762228905,0.7956315993,-0.2570890821,-0.09925094068,-0.5394671563,-0.4355444529,-0.01843587468,0.09224846268,0.7956315993,-0.2570890821,-0.09925094068,-0.5394671563,-0.1270923112,-0.1166755806,0.4937578148,0.6031084718,0.3491981869,0.3560391117,-0.6225407203,-0.09613818932,-0.2038109455,0.5433716286,0.629141762,0.3640830661,0.3408030866,-0.5962192722
-0.890291072,0.1687756316,0.05116088537,1.10461178,0.1065053421,-0.2317650655,-0.3530664444,-0.09894534646,-0.2310094563,0.1969765346,-0.4751683926,0.23562,-0.05644911804,-0.6757813367,0.634037231,0.09723923903,-1.322367419,0.210543767,-0.7837568078,-0.2569598647,-0.0989025824,-1.130954196,0.1372641155,-0.3778676466,0.07544512254,1,1,0,2,-0.08527483907,0.5139791408,0.446750134,0.5454272251,0.4864017516,0.4433133639,-0.5190334667,0.05821234579,0.4018611164,0.3526566518,0.7089147079,0.3334703058,0.06721544822,-0.6178345859,0.07684726528,0.47450931,0.305991425,0.7244855368,0.3350804205,0.05866407014,-0.5995000797,0.00481331352,0.3808572558,0.4549468516,0.7344994499,0.2725308534,0.1190521113,-0.6099705623,0.1944122448,0.6672353034,0.1213452138,0.5859886497,0.5997883727,0.4300442636,-0.334564107,0.1110511602,1.099164485,0.1459884145,0.5622677757,0.6167461324,0.4606253517,-0.3021645941,0.1059765029,1.136280443,0.1520227214,0.6298069707,0.547598414,0.492473279,-0.2468789705,-0.2048711272,0.4553776794,0.3534172982,0.6061688807,0.3410874879,0.3961363469,-0.5994118854,-0.2096791979,0.5431799155,0.3450319861,0.5330487592,0.2931607852,0.4328064622,-0.6652776417,-0.1787727474,0.3830594503,0.4419884679,0.5885595919,0.3706467227,0.3660092519,-0.6182684217,-0.2597906232,0.8170293243,0.2581159199,0.4879080983,0.3571562802,0.4831232773,-0.63322743,-0.227969718,1.236717514,0.1278529945,0.5879081179,0.1980900618,0.3547202536,-0.6994983302,-0.2335330184,1.26361835,0.1016775487,0.5605499439,0.2658183366,0.2700440788,-0.7363426973,-0.09020823133,0.2319737044,0.468718246,0.530562443,0.4736973613,0.4568634505,-0.5342191418,0.056289268,-0.001242273735,0.5131074367,0.6373210822,0.2582445419,0.2683104307,-0.6746414659,0.1321571647,0.03191003607,0.5253732193,0.5250588659,0.44405134,0.0446308191,-0.7246652225,0.1892902581,0.04792459458,0.4512365428,0.5597224219,0.4431720709,0.0212277364,-0.6998990707,0.2637409273,0.1311047008,0.3517376742,0.4240438047,-0.07982557486,-0.3066079607,-0.8484139837,0.3121631499,0.04067209838,0.2677993199,0.5044453004,-0.1266239508,-0.280557346,-0.806714875,0.3332707715,-0.06897531645,0.1824610551,0.5044453004,-0.1266239508,-0.280557346,-0.806714875,0.3202466875,-0.06464958682,0.1767879741,0.5044453004,-0.1266239508,-0.280557346,-0.806714875,-0.2469407212,0.004690229671,0.5087027275,0.6806309327,0.2484071452,0.2057383956,-0.6578047858,-0.3218144346,0.04166960884,0.5143520971,0.7068486377,0.1591526931,0.2883250496,-0.6260224352,-0.346798252,0.06232286573,0.4250987773,0.676137725,0.1425298955,0.2933214154,-0.6606705328,-0.3605631952,0.1484550899,0.303634283,0.7529602562,-0.2215139852,-0.1191593569,-0.6080982278,-0.4114499371,0.08397246844,0.1996380862,0.789079647,-0.2372153527,-0.09145545033,-0.559212024,-0.4424569606,-0.01257747437,0.1023422028,0.789079647,-0.2372153527,-0.09145545033,-0.559212024,-0.428870749,-0.009202469638,0.09738773526,0.789079647,-0.2372153527,-0.09145545033,-0.559212024,-0.1291247429,-0.1046935747,0.5252017907,0.6069254484,0.3649352754,0.3490876946,-0.6136786833,-0.1000530659,-0.1925400492,0.5747002202,0.6296377165,0.3778410153,0.335076321,-0.5903527524
-1.168082584,0.1308128038,-0.0112078193,1.315691883,0.005316674138,-0.2248220589,-0.465100689,-0.1257205291,-0.2495784318,0.2596977348,-0.4635552503,0.23562,-0.05871431341,-0.7920440995,0.6663313156,0.05852262714,-1.287150556,0.2343419216,-0.8729635027,-0.2873088963,-0.1428843091,-1.034208606,0.1460882713,-0.39439108,0.05568888689,0,2,0,2,-0.0879805985,0.5325788537,0.4963518294,0.5563668968,0.5090789315,0.4373083027,-0.4899550653,0.07093312972,0.3981406468,0.4101710346,0.7505613309,0.2757946327,-0.04339724326,-0.5989254447,0.09437205604,0.4578464909,0.3494380736,0.7471932392,0.2760334952,-0.04185104173,-0.6031220963,0.003761241422,0.4007102357,0.5062815877,0.7669823292,0.2261483973,-0.004158816123,-0.6004812348,0.2334606641,0.6012655136,0.1369659594,0.6168505966,0.5871855026,0.4237270205,-0.3084865299,0.1258412357,1.028482624,0.1417382476,0.6157220091,0.5880034881,0.4253653182,-0.3069245047,0.1201619486,1.065984813,0.142782677,0.6777948586,0.5152240524,0.4571097215,-0.257272245,-0.2012556745,0.4659468643,0.386307468,0.6309389658,0.3212231548,0.3705484275,-0.6011868005,-0.2080214755,0.5527475499,0.3713900761,0.5512056664,0.2726047703,0.4076482448,-0.675042118,-0.1785348971,0.4004221235,0.4808917077,0.6095139489,0.3602235971,0.3320506952,-0.6232768583,-0.2617459234,0.8184777248,0.26387164,0.4937812863,0.3577171852,0.4755889185,-0.6340612252,-0.2284707556,1.236327513,0.1281753125,0.5898239443,0.2025027631,0.3494459798,-0.699276664,-0.2336099769,1.263167258,0.1018508785,0.561933832,0.2704256327,0.2648324182,-0.7355026417,-0.08924030573,0.2499442654,0.5086035709,0.541745542,0.4960232899,0.4520628341,-0.5060749525,0.05820043819,0.01768153118,0.5548297466,0.657981725,0.2490568149,0.2241138992,-0.6743913647,0.1330019117,0.05267229017,0.5684623972,0.5403498856,0.4505455012,-0.008760142008,-0.7106011627,0.1960190822,0.06202030734,0.4980468162,0.5608371975,0.4486105545,-0.02303463341,-0.6954707858,0.279155725,0.1369671965,0.3988847292,0.4050205943,-0.05639900285,-0.334854506,-0.8489110262,0.3323911845,0.0433471059,0.3216210311,0.4947239448,-0.1113073368,-0.3079636196,-0.80499522,0.3584328379,-0.06893227176,0.2412103332,0.4947239448,-0.1113073368,-0.3079636196,-0.80499522,0.3457528523,-0.06482372432,0.2346635511,0.4947239448,-0.1113073368,-0.3079636196,-0.80499522,-0.2441474477,0.01898639059,0.5306001029,0.6986077809,0.2515894342,0.1645749386,-0.6492803821,-0.3196537607,0.05505708331,0.528821157,0.7274294858,0.148984624,0.2558312662,-0.6190317344,-0.3409144254,0.06978486323,0.4374538768,0.6828052666,0.1272304533,0.2620736977,-0.6700050422,-0.3514723611,0.1473259607,0.3100263866,0.7464417498,-0.2105206526,-0.1133795795,-0.6210079226,-0.4028128698,0.08673718059,0.2039328909,0.7858367668,-0.2266437842,-0.08450453049,-0.5691679501,-0.4351787048,-0.006717720939,0.1040907656,0.7858367668,-0.2266437842,-0.08450453049,-0.5691679501,-0.421494222,-0.003504505535,0.09930195284,0.7858367668,-0.2266437842,-0.08450453049,-0.5691679501,-0.1257194621,-0.08902937389,0.551216779,0.6198145986,0.3872600981,0.3371630193,-0.5934480416,-0.0984926219,-0.1772765473,0.601050458,0.6360964343,0.3964968875,0.3262506758,-0.57596184
-1.474849441,0.05807115201,-0.04460913298,1.511982659,-0.1225149714,-0.2223439754,-0.5792457547,-0.1582212507,-0.2691752271,0.3256085374,-0.4538637491,0.2256549862,-0.05324820948,-0.9203807502,0.6562221814,0.06457600908,-1.281406365,0.249400498,-0.9344558306,-0.3514414688,-0.2086859823,-0.9788850074,0.1519629089,-0.4230512431,0.0346727943,0,2,0,2,-0.09380721096,0.5527583112,0.5438184071,0.5695644287,0.5327223577,0.430747515,-0.4541583749,0.08151103695,0.3960933945,0.4757267914,0.7749974722,0.196902335,-0.1606495727,-0.5786191349,0.1116348445,0.4370641842,0.4035006585,0.7618999231,0.2004362801,-0.1562181562,-0.5957597606,0.0003912067069,0.422834353,0.5561033929,0.7803871781,0.1743200038,-0.1437836792,-0.5830391429,0.2737059625,0.5164077965,0.174379293,0.6615194284,0.554533127,0.4090081308,-0.2959685892,0.1443408166,0.9356829324,0.1344769696,0.6853177905,0.5353740604,0.3677432954,-0.329361519,0.1391668915,0.9726384559,0.1276009912,0.7404832306,0.4560377656,0.4020135241,-0.2865296981,-0.1973519524,0.4777463629,0.4164281238,0.6570547809,0.3024322244,0.3434790939,-0.5990291116,-0.206171932,0.563012366,0.3951072343,0.5707341466,0.2536086575,0.3809537861,-0.6817766464,-0.1792994588,0.4191727208,0.5164238223,0.6310991135,0.3534121454,0.295064672,-0.6243000911,-0.2631998166,0.81904267,0.2676107243,0.5014398328,0.3607615646,0.4684243241,-0.6316548426,-0.2288836648,1.235757209,0.1287202254,0.5939739333,0.209396628,0.3435960126,-0.6966274463,-0.2335285446,1.262591639,0.1022986857,0.5666216829,0.2749397202,0.2629792619,-0.7308829773,-0.08842530454,0.2699119774,0.5455472791,0.5572724431,0.5210666484,0.4447764382,-0.4691597725,0.06095866845,0.0396722439,0.5955042981,0.6794850534,0.2433255943,0.1703668077,-0.6708709773,0.1343182344,0.07668357131,0.6114416299,0.5648233878,0.449312612,-0.05491363169,-0.6899834856,0.2017809988,0.08090707501,0.5447494963,0.5866195638,0.445717669,-0.0706564436,-0.6724737272,0.2904429127,0.1481310635,0.4448402501,0.3994109303,-0.04060798794,-0.3873543532,-0.8299268071,0.350872346,0.04941135757,0.3802560585,0.4923727074,-0.1051658993,-0.3605540877,-0.785181508,0.3849118767,-0.06871785481,0.3121568203,0.4923727074,-0.1051658993,-0.3605540877,-0.785181508,0.3725375205,-0.06564981186,0.3045420339,0.4923727074,-0.1051658993,-0.3605540877,-0.785181508,-0.2382410209,0.03458941617,0.5459388548,0.7141792465,0.2706503655,0.1280888685,-0.6326844595,-0.3139139913,0.06911054107,0.536592396,0.7504959621,0.1416313077,0.2367209192,-0.6005494068,-0.3325441085,0.07984738664,0.4441016282,0.6857875573,0.1117966241,0.2445584132,-0.6763047565,-0.3426161183,0.1511139323,0.313023441,0.7426864654,-0.2102485561,-0.1094986643,-0.6262766173,-0.3950556272,0.09177083151,0.2067635133,0.7839635494,-0.2266196156,-0.07941664544,-0.5724837984,-0.4289336662,-0.0008104692528,0.1066096461,0.7839635494,-0.2266196156,-0.07941664544,-0.5724837984,-0.4152483496,0.002297459357,0.1017541914,0.7839635494,-0.2266196156,-0.07941664544,-0.5724837984,-0.1190280424,-0.071243293,0.5724971666,0.6382334099,0.4109520617,0.3178628166,-0.568101881,-0.09408045197,-0.15937637,0.6237069164,0.6479858481,0.4164006273,0.3106909796,-0.5569523978
-1.795643458,-0.08638208722,-0.02296329085,1.659342073,-0.258411003,-0.2228347905,-0.6983861303,-0.209007542,-0.3009640136,0.3847291898,-0.440788034,0.2171147334,-0.05327744839,-1.093414759,0.6030106965,0.1133453226,-1.280010918,0.257675551,-0.9846268052,-0.455162592,-0.288952191,-0.9513959723,0.1464866199,-0.4748937203,0.01540631126,0,2,0,2,-0.1006797976,0.5742270748,0.5906369091,0.5829942608,0.5605781533,0.4222962658,-0.4093112384,0.08808626625,0.3986234065,0.5508809118,0.7699150942,0.0925645393,-0.2661075086,-0.5725813022,0.123876057,0.4155224249,0.4719114385,0.7632903155,0.09561372299,-0.2650271986,-0.5813832594,-0.003865849019,0.4465372074,0.6056986093,0.7652003644,0.1257213132,-0.2905820356,-0.5605574318,0.298919575,0.4169979049,0.2386376808,0.7108244295,0.4934424408,0.3841616223,-0.3219674454,0.1630716153,0.8209236182,0.1267961593,0.7543972122,0.4478450719,0.289372369,-0.3828619463,0.1601158399,0.854603218,0.1095709672,0.7995141309,0.3611890317,0.3301473941,-0.3483135599,-0.1900148788,0.4919520829,0.4445494556,0.6845090431,0.2842286422,0.317227813,-0.5916316113,-0.2012670374,0.5751953335,0.4172252206,0.5880790794,0.2334594398,0.3562528545,-0.6875635171,-0.1788501571,0.4398315157,0.5490228936,0.651125739,0.3540816617,0.2537819017,-0.6214951289,-0.2617751118,0.8205051853,0.2715512497,0.5091233453,0.3606019337,0.4621109382,-0.6302484791,-0.2282251455,1.235701625,0.1280051173,0.597832337,0.2140982526,0.3396315604,-0.6938363195,-0.2325730922,1.262528594,0.1015255329,0.5711168376,0.2776096589,0.2624591051,-0.7265491403,-0.08628817752,0.2919059516,0.5796066245,0.5718851806,0.5491311625,0.4370777602,-0.4246944055,0.06518551298,0.06373284805,0.632657222,0.6973155907,0.2307891441,0.09991246386,-0.6711965714,0.1373674065,0.1022892273,0.6502254512,0.5973253859,0.4274518048,-0.1039117145,-0.6705890646,0.2073713395,0.09980878459,0.5861146094,0.633832102,0.4181790812,-0.1303138163,-0.637496221,0.2990140723,0.1549546282,0.4816043108,0.4035479076,-0.03875586255,-0.464224005,-0.7874916778,0.3675510054,0.05067009359,0.4369294947,0.4934892814,-0.1148006545,-0.4372477677,-0.743036694,0.4109175928,-0.07463540614,0.3903615062,0.4934892814,-0.1148006545,-0.4372477677,-0.743036694,0.398845082,-0.07351164147,0.3817874647,0.4934892814,-0.1148006545,-0.4372477677,-0.743036694,-0.2277545462,0.05275895597,0.5547552464,0.7259943661,0.3003938079,0.094915231,-0.6112993044,-0.3027930862,0.08577170243,0.5378780753,0.7750499759,0.1288479499,0.2303903165,-0.5741219754,-0.3208600287,0.0931902828,0.4449509344,0.6868995686,0.08851036458,0.2385151196,-0.6807682687,-0.3344367223,0.1587583331,0.3112409451,0.7418762023,-0.2244731378,-0.1046313254,-0.6231242225,-0.3897187832,0.09780773445,0.2073583373,0.781270377,-0.2398946848,-0.07469585105,-0.5713909941,-0.4263649215,0.003761361486,0.1095720593,0.781270377,-0.2398946848,-0.07469585105,-0.5713909941,-0.4127767553,0.006708044586,0.1043565681,0.781270377,-0.2398946848,-0.07469585105,-0.5713909941,-0.1081643686,-0.05088950152,0.5875092869,0.6586493106,0.4338260518,0.2902941851,-0.5419458723,-0.08653274914,-0.1384510606,0.6411498165,0.6628044212,0.4360493397,0.2869437757,-0.5368561653
-2.07886853,-0.1490162505,0.06892287735,1.770123099,-0.386808452,-0.23562,-0.7729407974,-0.2484982749,-0.2956336271,0.4550586692,-0.4442853536,0.2133833943,-0.03125216233,-1.218214653,0.5740969146,0.1710601347,-1.206392445,0.2535925588,-0.9794458026,-0.5439158092,-0.3541847157,-0.9218703467,0.1439356171,-0.5002202237,0.01267785654,0,2,0,2,-0.1067158613,0.5889572957,0.6173611384,0.5949427074,0.5734360148,0.4124004553,-0.3835885509,0.08511833634,0.3979881683,0.6087878982,0.7331508856,0.008603049925,-0.3731361881,-0.5684937569,0.1284282224,0.3914437858,0.5320800858,0.7523028223,-0.004258322868,-0.3732110583,-0.5428957876,-0.008680137995,0.4627444736,0.6364351571,0.7304763935,0.06315435118,-0.4144191657,-0.5391405397,0.316506222,0.3211115448,0.3205638969,0.7652378213,0.4174797986,0.3459148846,-0.3470800876,0.1763664115,0.690561288,0.125661622,0.8174555458,0.3429870938,0.192386229,-0.4208489313,0.1760193389,0.7173555192,0.09879699822,0.8521031952,0.2445278319,0.2405182926,-0.3953191559,-0.1858336944,0.5004225132,0.461591005,0.7022018296,0.2662837594,0.2967114783,-0.5898879966,-0.1984132591,0.5816669193,0.4292836578,0.6076661224,0.2196805263,0.3326938656,-0.6868749099,-0.1797412265,0.4538983886,0.5690818951,0.6637880916,0.3512546363,0.2213194907,-0.6221119135,-0.2617693453,0.8165502218,0.2684268992,0.516958385,0.3689578453,0.4611912322,-0.6196182566,-0.229633224,1.233772817,0.1305437909,0.605865207,0.2233772814,0.3359623125,-0.6856816066,-0.233638893,1.260759519,0.1041727489,0.5786328469,0.2866253433,0.2610341546,-0.7175591343,-0.08652325665,0.3071371145,0.6030906543,0.5888763321,0.5669220663,0.4213103005,-0.3928379653,0.0642697718,0.08075797907,0.6650225491,0.7052172028,0.2216020079,0.0357226427,-0.672521479,0.1357525353,0.1198394173,0.6842141755,0.6136217689,0.4121978624,-0.1561450831,-0.6551182794,0.2089240603,0.1102811975,0.624452385,0.6662458044,0.3933851366,-0.1944443432,-0.6029561011,0.3067251472,0.1521010976,0.5193433918,0.4141944644,-0.009318536345,-0.5211539627,-0.7461599411,0.3866204435,0.05013630193,0.4912660588,0.4978986712,-0.09134332685,-0.4990562509,-0.703346407,0.4432547792,-0.07504426091,0.46171804,0.4978986712,-0.09134332685,-0.4990562509,-0.703346407,0.431921373,-0.07579611576,0.4521518929,0.4978986712,-0.09134332685,-0.4990562509,-0.703346407,-0.2209620956,0.06603015283,0.562900586,0.7320193266,0.3319929644,0.07430002461,-0.5902608605,-0.2950195913,0.09799875737,0.5405632077,0.7942945362,0.1231576743,0.2301238923,-0.5486085774,-0.3126517502,0.1040540013,0.4474538943,0.6883703446,0.07388474365,0.238161165,-0.6811509178,-0.3292894167,0.1666735468,0.3126806119,0.7438507411,-0.2284433161,-0.09443750546,-0.6209519174,-0.3867760476,0.1064572483,0.2095692032,0.7823239707,-0.2429246477,-0.06479952754,-0.569875286,-0.4255110229,0.01314215743,0.1118875193,0.7823239707,-0.2429246477,-0.06479952754,-0.569875286,-0.4120238302,0.01610339288,0.1064240709,0.7823239707,-0.2429246477,-0.06479952754,-0.569875286,-0.102580558,-0.0360702415,0.6038757191,0.6748323322,0.4520508059,0.2624481421,-0.5209341274,-0.08464673969,-0.1229844402,0.6598807209,0.6781209161,0.4537053526,0.2595773708,-0.5166459762
-2.334573287,-0.2312868308,0.1668299025,1.814335263,-0.4343820922,-0.23562,-0.8190098715,-0.2826949699,-0.2959958218,0.4913257529,-0.4403001343,0.2085961829,-0.004819013787,-1.341608056,0.5722407575,0.2190931611,-1.116928594,0.2482251739,-0.9631570652,-0.6389800317,-0.4092638959,-0.8965355663,0.1370770239,-0.5206538674,0.01741589585,0,2,0,2,-0.1094874824,0.6001965644,0.6370301734,0.6034860671,0.5827594591,0.4036351757,-0.3650679725,0.0785543701,0.3991613731,0.6582986991,0.6779357518,-0.07815660202,-0.4531884735,-0.5735110021,0.1238949894,0.3706988593,0.5880364958,0.7233624956,-0.1156437215,-0.4451008612,-0.5150324776,-0.0110369217,0.474845917,0.6593729571,0.6824258131,0.0005896050365,-0.5163365569,-0.5173888499,0.3061480341,0.2339146897,0.4060118412,0.7962100754,0.3344889724,0.2956646624,-0.4083491773,0.1833466187,0.5565762661,0.1322811424,0.8412164333,0.2386365383,0.1171451624,-0.4708338623,0.1849804393,0.5751726495,0.09924685033,0.8634342611,0.1381077907,0.1716738775,-0.4538012723,-0.1806069008,0.5079712365,0.4750953827,0.7141784736,0.2545068433,0.2837569607,-0.5870752607,-0.1942124893,0.5877403393,0.4396772819,0.619802201,0.2098823487,0.3181841381,-0.6859690122,-0.1787250615,0.4648639019,0.5841555503,0.6712017841,0.3525801901,0.1982215,-0.6211953086,-0.2596199709,0.8154163118,0.2695462467,0.5238112859,0.3704081294,0.4593665756,-0.6143304515,-0.2302722549,1.232855784,0.1316978707,0.6114836056,0.2273131439,0.3338917701,-0.680391667,-0.2341924892,1.259879091,0.105351487,0.5844953651,0.2897389056,0.2612423989,-0.7114555107,-0.0855434522,0.3187651082,0.6209982884,0.6026046823,0.5817852067,0.4050381656,-0.3665210152,0.06291694449,0.09325510745,0.6911863229,0.7047286354,0.2084314474,-0.02710307464,-0.6776277042,0.1344031072,0.1318778983,0.7112729199,0.6172525111,0.398855181,-0.2172497609,-0.6424300923,0.2108893089,0.1138963151,0.6579491272,0.681910004,0.3677521164,-0.2642666237,-0.5743868723,0.3171157315,0.1401774415,0.5560319715,0.4168741546,0.01831152247,-0.5705929762,-0.7073219089,0.4052150287,0.04191299336,0.5437426831,0.4944955585,-0.06789637859,-0.553061759,-0.6670733956,0.4716811486,-0.08120099468,0.5304796681,0.4944955585,-0.06789637859,-0.553061759,-0.6670733956,0.4612813739,-0.08354882197,0.5201426016,0.4944955585,-0.06789637859,-0.553061759,-0.6670733956,-0.2140217941,0.07676158578,0.5685652758,0.7346830864,0.3614436043,0.05914523914,-0.5710526457,-0.286894012,0.1081381159,0.5419078933,0.8110280604,0.1124019652,0.2355098364,-0.5235784568,-0.3054717448,0.1126749756,0.4488961306,0.6914058741,0.05471515688,0.2415953329,-0.6786721329,-0.3270824717,0.1721299274,0.3133972662,0.7485652585,-0.2365915923,-0.08286190401,-0.6138471936,-0.387209772,0.1116627797,0.2119521591,0.7846346197,-0.2497235826,-0.05421156445,-0.5648431217,-0.4281578105,0.01835388121,0.1151713579,0.7846346197,-0.2497235826,-0.05421156445,-0.5648431217,-0.414836735,0.02138591919,0.109350856,0.7846346197,-0.2497235826,-0.05421156445,-0.5648431217,-0.09776761758,-0.02457621172,0.6168690824,0.6865558463,0.4678412446,0.2362824341,-0.5039208779,-0.08372881415,-0.1110047596,0.6747074616,0.6909178776,0.469881016,0.2321995899,-0.4979233552
-2.543539275,-0.2923053545,0.234725878,1.803473562,-0.385103881,-0.2302747088,-0.8231020705,-0.2963585252,-0.2896989186,0.4968413757,-0.4298476084,0.1968570509,0.0332711996,-1.425568772,0.6120288167,0.2278803255,-1.007197073,0.2438849995,-0.9421480757,-0.715979115,-0.4310670861,-0.8620647674,0.1240384614,-0.5223320476,0.02906213799,0,2,0,2,-0.1089105069,0.6050194724,0.6455823581,0.6076050805,0.5833702062,0.3972138518,-0.3643026553,0.07066736988,0.3980596016,0.6905957081,0.6193365316,-0.1580551885,-0.5096935641,-0.5758934699,0.1135146182,0.3516780485,0.6288257438,0.6825095318,-0.2166498104,-0.4876800504,-0.4994114207,-0.01125880162,0.4794629414,0.6701628309,0.6357516339,-0.06617432991,-0.5881286102,-0.495525535,0.2777913026,0.162004001,0.4801785678,0.805864387,0.2573642455,0.2328812622,-0.4797004822,0.1836754512,0.4270537025,0.1410472685,0.8355364311,0.1608103738,0.07436373328,-0.5200855037,0.1858025003,0.4392438333,0.1051775644,0.8484787559,0.06375660641,0.1336204249,-0.5080988861,-0.1784168004,0.5113625798,0.4833764865,0.7173469042,0.2495948769,0.2794504676,-0.5873867999,-0.1922572879,0.5905797501,0.4468286481,0.6250491466,0.2066441818,0.3125513535,-0.6847798171,-0.1780410985,0.4695376193,0.5929503671,0.6726362902,0.3527670685,0.1896677436,-0.6222073317,-0.2584624384,0.8154388372,0.2732938526,0.529013276,0.3686697732,0.4566396151,-0.612950091,-0.231297526,1.232006651,0.1323949519,0.6142309754,0.2294619615,0.3333093055,-0.6774750357,-0.2351904374,1.259074767,0.1060905488,0.588708837,0.2887116003,0.2651207808,-0.7069501317,-0.08592263896,0.323373157,0.6321319516,0.6135811208,0.5898970721,0.3874546243,-0.3541448386,0.05785952696,0.09770527404,0.7110135423,0.6981848275,0.1951183412,-0.07589059628,-0.6846220833,0.1298834628,0.1351284152,0.7314469459,0.6069669758,0.39638909,-0.278614526,-0.629952955,0.2096017244,0.1095148423,0.6866602638,0.6722049532,0.3571024201,-0.3266934842,-0.5602586276,0.3253532131,0.1224769651,0.5928762923,0.4121687488,0.05436275434,-0.5973766681,-0.6857862129,0.4189677505,0.02866386517,0.5909179256,0.4867006805,-0.0334765202,-0.5848245712,-0.6480601755,0.4923203796,-0.09115355052,0.5871916116,0.4867006805,-0.0334765202,-0.5848245712,-0.6480601755,0.4829549851,-0.09433017353,0.5761136604,0.4867006805,-0.0334765202,-0.5848245712,-0.6480601755,-0.2126139111,0.08156690434,0.5746805134,0.7349181628,0.3795401108,0.04620978276,-0.5600975399,-0.2842969327,0.1129558257,0.5449863585,0.8213144746,0.09796905429,0.239533901,-0.508397589,-0.3042673041,0.1153273259,0.4521829992,0.697521911,0.03683069824,0.242331848,-0.673336438,-0.330242232,0.1712360203,0.3159428506,0.7548262946,-0.2399051025,-0.0716183629,-0.6062620034,-0.3921528245,0.1110303127,0.2154190762,0.7870578798,-0.2512693604,-0.04560257495,-0.5615371827,-0.4344414636,0.01836661585,0.1185948737,0.7870578798,-0.2512693604,-0.04560257495,-0.5615371827,-0.4212327187,0.02149280181,0.1125717041,0.7870578798,-0.2512693604,-0.04560257495,-0.5615371827,-0.0993703123,-0.01993612082,0.6293674746,0.6928178923,0.4784506514,0.2158847975,-0.4944513085,-0.08869919176,-0.1059925228,0.6884663991,0.6999294019,0.4815370659,0.2089098509,-0.484332077
-2.671679209,-0.4007068356,0.2806079718,1.687251404,-0.3049661351,-0.1456031352,-0.8219933128,-0.3348842259,-0.2771136276,0.5138445717,-0.4098160828,0.1810065849,0.05387728187,-1.444241834,0.7593275605,0.1197955076,-0.960857614,0.270045384,-0.926020806,-0.8447975594,-0.373262987,-0.8166001206,0.07786177319,-0.5055524152,0.05632498754,0,2,0,2,-0.09640778686,0.6065954983,0.6488480351,0.6096646722,0.5858204304,0.385141915,-0.3698501265,0.07270914129,0.3955530501,0.7107134261,0.5621735169,-0.2306037552,-0.5217766786,-0.5987753691,0.1067085736,0.336965821,0.6540191685,0.6403845509,-0.301305135,-0.4844008773,-0.514274861,-0.001746844627,0.4793209074,0.6761423972,0.5968217341,-0.1141094765,-0.6305049103,-0.4829559018,0.2345053593,0.109554223,0.5235929328,0.7875767991,0.1838980964,0.156394912,-0.5669611161,0.178110813,0.304819959,0.1326835783,0.8021937877,0.09564697804,0.03495296816,-0.5883154534,0.1805904327,0.3111622874,0.09535549701,0.8070259861,0.03704423146,0.07765284588,-0.5842147021,-0.1660219009,0.5124806674,0.4870601987,0.7189974042,0.237980714,0.2805652044,-0.5896533546,-0.1808883246,0.5909678713,0.4493585816,0.6306674592,0.1969500349,0.3107448116,-0.6833058625,-0.1678053183,0.4719493514,0.5971053514,0.6692796638,0.3544810561,0.178369211,-0.6281658516,-0.2516122466,0.8120098282,0.272730055,0.5310049907,0.364116951,0.4608009136,-0.610831453,-0.230340775,1.228971788,0.131984099,0.6136586526,0.2322092867,0.3431134509,-0.6721421465,-0.2346270928,1.256538046,0.1062646856,0.5901601484,0.2867212826,0.2809611468,-0.7004018413,-0.07928351276,0.3243765947,0.639191318,0.6194055265,0.5959818261,0.369222879,-0.3532943849,0.0570694401,0.0967204538,0.7252271464,0.6893392996,0.1948881601,-0.09943477633,-0.6906103534,0.1295170959,0.1325917178,0.7469078382,0.5680238085,0.4364848427,-0.3482998247,-0.6045801577,0.214391767,0.1019135774,0.7173774275,0.6016131676,0.4123179582,-0.3761682853,-0.5714480896,0.345024197,0.1096990863,0.6450143763,0.3412214312,0.1146477363,-0.5972902659,-0.7167064738,0.4335707626,0.01114688915,0.6489367091,0.4297935994,0.01863200713,-0.5892072178,-0.6839335967,0.5016826935,-0.1117210737,0.6450720906,0.4297935994,0.01863200713,-0.5892072178,-0.6839335967,0.4938647091,-0.1135043952,0.6325732333,0.4297935994,0.01863200713,-0.5892072178,-0.6839335967,-0.2091743126,0.08459448419,0.5804160714,0.7312244873,0.3891693752,0.03323751084,-0.5592434304,-0.2794958551,0.1170274981,0.5486600786,0.826495662,0.05519940384,0.2595778135,-0.4964648077,-0.3060441078,0.1140920308,0.4575366647,0.7237037943,-0.000386769889,0.2543217132,-0.6415396595,-0.3442887765,0.1637951448,0.3217839378,0.7831451496,-0.2472065636,-0.05318428925,-0.5681056424,-0.4069922382,0.1004041612,0.2237403913,0.8021456657,-0.2540888177,-0.03686116635,-0.539112658,-0.4477083031,0.006820637659,0.1271270275,0.8021456657,-0.2540888177,-0.03686116635,-0.539112658,-0.4348481219,0.01063510635,0.120756147,0.8021456657,-0.2540888177,-0.03686116635,-0.539112658,-0.09992421763,-0.01858583831,0.6398793231,0.6920619832,0.4886862038,0.2025807297,-0.4911181666,-0.09225542361,-0.1049525301,0.6989914551,0.7056168392,0.4941968461,0.1887395959,-0.4714358052
-2.692391178,-0.5172883644,0.3476171838,1.515527215,-0.2791383891,-0.0716659352,-0.7997291993,-0.4352927619,-0.3004876468,0.5592315328,-0.3775569258,0.1857811014,0.02363342101,-1.356193349,1.022368324,-0.07436517355,-1.059848461,0.5039065478,-0.892299735,-1.017348043,-0.2495992519,-0.757976395,-0.07400379145,-0.4837018784,0.1023867607,0,2,0,2,-0.07118521955,0.6028020273,0.643886514,0.6190615505,0.5951187369,0.3557923057,-0.3687930596,0.08631047501,0.3877824354,0.7204192798,0.5151786629,-0.265563973,-0.5077267785,-0.6374011609,0.1121284169,0.3246994239,0.6642353746,0.6176454514,-0.3493664238,-0.4541517447,-0.5387052915,0.01760938993,0.4731075936,0.6785184198,0.5659659222,-0.1249634084,-0.6538667275,-0.4863383844,0.2050024084,0.08139222009,0.5329529215,0.7607800567,0.11648045,0.09462249323,-0.6314210908,0.1655829425,0.2069135369,0.1124654892,0.7665457979,0.0275066972,-0.01213468131,-0.6414855188,0.1678226872,0.2068327715,0.07458757588,0.7670391633,2.730672497e-05,0.01085451937,-0.6415084572,-0.1354585565,0.5097552894,0.4814058058,0.7318060427,0.2208362621,0.2863904958,-0.5776432681,-0.1544084022,0.5868296899,0.4426359232,0.6371007736,0.1754817518,0.3162187938,-0.6806720455,-0.1443761867,0.4694907577,0.5912017399,0.6668559047,0.3736468134,0.1549023375,-0.6258566346,-0.2367041782,0.8021160948,0.2639232337,0.5250846953,0.3565225121,0.4797684692,-0.6058052303,-0.2276009045,1.222635737,0.132776228,0.6057891129,0.2365036799,0.3727080251,-0.6619473454,-0.2330230897,1.251525551,0.1087816902,0.5812400423,0.2916752529,0.3097009324,-0.6936648272,-0.06314673798,0.3200315417,0.6406868548,0.6233761492,0.5992813847,0.3487352833,-0.3614522109,0.06350399564,0.08978255566,0.7343170107,0.6853420314,0.2231435451,-0.08805806651,-0.6875747488,0.1350444128,0.1249694431,0.7597986604,0.4885677538,0.5298946043,-0.4131699363,-0.5566002713,0.2240481167,0.09254196762,0.7531878527,0.4686900795,0.5463275764,-0.3919379235,-0.5729227284,0.3696970963,0.1045155343,0.721488239,0.1860968745,0.196707697,-0.5547393537,-0.7867263087,0.4403661246,-0.00761847033,0.7209705563,0.3721705249,0.03209485594,-0.5457669305,-0.7500649827,0.4941237741,-0.1359056304,0.7008900586,0.3721705249,0.03209485594,-0.5457669305,-0.7500649827,0.4868554947,-0.1348646006,0.6879822732,0.3721705249,0.03209485594,-0.5457669305,-0.7500649827,-0.1999665816,0.08358626114,0.5841574845,0.7248582475,0.3972263174,0.02574339741,-0.5622535471,-0.2691398788,0.1175300573,0.5514720679,0.8265417012,-0.006086246119,0.2963125381,-0.4785296788,-0.3059398568,0.1075546917,0.4645056551,0.7633374794,-0.04708704845,0.2858964085,-0.577375048,-0.3634032464,0.1499581787,0.333121637,0.8299491132,-0.24925395,-0.01484271669,-0.498835275,-0.4266438595,0.08300437103,0.2378300297,0.8133683175,-0.2431914962,-0.02994893856,-0.5276295455,-0.4653692778,-0.00876765646,0.1386934934,0.8133683175,-0.2431914962,-0.02994893856,-0.5276295455,-0.4526609041,-0.004408365928,0.1323676437,0.8133683175,-0.2431914962,-0.02994893856,-0.5276295455,-0.09557259178,-0.02193906519,0.6480632034,0.6887557578,0.4952722592,0.1892871559,-0.4944605829,-0.09113788527,-0.1083258504,0.7074763056,0.7131554759,0.5043094228,0.1636955839,-0.4585684563
-2.698967598,-0.5865310056,0.3498221559,1.453411859,-0.309475025,-0.03375586008,-0.770218346,-0.4751604558,-0.3051066569,0.5564911998,-0.3093287044,0.2138964107,0.03417696929,-1.263521578,1.220481948,-0.1826211573,-1.203915672,0.7657754321,-0.8670887226,-1.11922119,-0.1741194863,-0.6907657427,-0.1901573805,-0.4628506185,0.1382400299,0,2,0,2,-0.04456648427,0.5954126954,0.6390317921,0.6193408143,0.5932185454,0.347659655,-0.3790006299,0.1083748728,0.3784612766,0.7191016716,0.495169999,-0.2948877315,-0.4886215427,-0.6550548724,0.1272886331,0.3135877356,0.6622126832,0.6016077278,-0.3754185404,-0.4298496316,-0.5588902894,0.04163912119,0.4644682222,0.6754548097,0.5592748102,-0.1391538314,-0.6571230009,-0.4858366594,0.1958070779,0.0637376943,0.5282752508,0.7352187857,0.09075760466,0.07845955101,-0.6671285433,0.1572562557,0.1669994093,0.1016957994,0.7385266511,-0.01314511908,-0.03579035528,-0.6731453349,0.1586910472,0.1633355515,0.06395620728,0.7381996117,-0.0256074562,-0.02442449722,-0.673653498,-0.1110552826,0.5040276026,0.4793236995,0.7337168493,0.2117087209,0.2982799305,-0.5725976647,-0.1324955522,0.5807897109,0.4412375181,0.6381824169,0.1639226931,0.3269875382,-0.6774449817,-0.1206867539,0.4628300208,0.5887124457,0.6632810069,0.378443263,0.1551396131,-0.6267142116,-0.2232744611,0.7949154774,0.2652591043,0.5238237651,0.3436912653,0.4897002252,-0.6063651265,-0.2250631613,1.2153564,0.1335571421,0.5930086028,0.2461791052,0.403160569,-0.6520722358,-0.2312160371,1.245735556,0.1116708833,0.5633421903,0.3080729322,0.3312520184,-0.6913817653,-0.0424031816,0.3125211131,0.6403261239,0.6257266189,0.5990726203,0.3374721824,-0.3683622132,0.07887472111,0.08129793935,0.7385560797,0.6861656072,0.2506196363,-0.06763288463,-0.6795530519,0.1491370278,0.1166019851,0.7672317737,0.4186982099,0.5986027494,-0.4448538624,-0.5181424501,0.2372973989,0.08256031854,0.7764955292,0.3727288589,0.6399466166,-0.3858278363,-0.5501621637,0.3862195568,0.09611266879,0.7771133836,0.06702135713,0.2323467563,-0.5026218845,-0.8299966046,0.441129389,-0.02380300591,0.763939324,0.3698109418,0.005598443199,-0.4853900487,-0.7922152646,0.4846643471,-0.1515345053,0.7246954939,0.3698109418,0.005598443199,-0.4853900487,-0.7922152646,0.4764564821,-0.1485655275,0.7126813908,0.3698109418,0.005598443199,-0.4853900487,-0.7922152646,-0.1835968025,0.07800917677,0.5865662585,0.7215583495,0.4007708238,0.02405218688,-0.5640547734,-0.252342416,0.1126830281,0.5537451149,0.8242448945,-0.0434057458,0.3198153037,-0.4652466728,-0.2951313891,0.09837467866,0.4701910716,0.7827618273,-0.07387034794,0.309715554,-0.5346993258,-0.3644248437,0.1360506578,0.3431446437,0.8540673847,-0.2425739762,0.02888241637,-0.4592304154,-0.4313418227,0.07086675022,0.2491454201,0.8129307583,-0.2296425373,-0.008769363953,-0.5350990428,-0.4736999541,-0.01550957439,0.1467016055,0.8129307583,-0.2296425373,-0.008769363953,-0.5350990428,-0.4609996911,-0.01114845344,0.1403607463,0.8129307583,-0.2296425373,-0.008769363953,-0.5350990428,-0.08182472553,-0.02856109155,0.6529203297,0.6864493697,0.4986122006,0.1849555038,-0.4959481806,-0.07865557875,-0.1151064266,0.7121834843,0.7190628966,0.5101955459,0.1500772133,-0.4473543179
-2.75066771,-0.5448001208,0.2344126555,1.591386773,-0.3893950533,0.01083121607,-0.7476953107,-0.3618339722,-0.2075753571,0.4904250188,-0.2213031546,0.2355471877,0.1260182457,-1.228418102,1.186642632,-0.2253436139,-1.276995075,0.807114827,-0.869334138,-1.054967147,-0.125032062,-0.6257329591,-0.2096519912,-0.4590799863,0.1027745067,0,2,0,2,-0.0171196646,0.5833362091,0.6293280067,0.5906914556,0.5542789931,0.3906241236,-0.4373456255,0.1424991,0.3660990028,0.6922014276,0.5180737407,-0.3602385565,-0.477724466,-0.6112340928,0.1535974253,0.2968470188,0.638501767,0.5859959305,-0.4136312519,-0.4323212584,-0.5464579457,0.07221605271,0.4516645595,0.6535396565,0.5958912406,-0.2075713076,-0.6245585129,-0.4601678449,0.2090614216,0.03594929903,0.5205391408,0.7189021254,0.1009068335,0.116071681,-0.6778826668,0.1548038699,0.1687258727,0.1039510042,0.72777572,-0.03214949065,-0.02520719002,-0.6845973336,0.1545938811,0.1645404002,0.06623897669,0.7279391558,-0.02820769043,-0.02891431307,-0.6844507828,-0.110927037,0.4920430898,0.4863103456,0.6942408031,0.2031964551,0.3227591055,-0.61038305,-0.1288746683,0.5708452908,0.4506626346,0.6272684508,0.1686647225,0.3420737507,-0.6790228649,-0.1025823244,0.4511110657,0.5959043188,0.6463486991,0.3247960148,0.2076641492,-0.6584956409,-0.2199248251,0.79132353,0.28285837,0.5254615174,0.3284605215,0.48411812,-0.6177649436,-0.2248042347,1.206892741,0.1365791913,0.57570717,0.2582345143,0.4231328571,-0.6502574685,-0.2307707606,1.238454413,0.1163796679,0.5413761282,0.3240921131,0.343795451,-0.6954716945,-0.01871730201,0.3005389696,0.636889183,0.6170578106,0.5777756723,0.3549474336,-0.3992834211,0.1080387228,0.07043503111,0.7307331899,0.6897248085,0.2263990782,-0.03769443615,-0.6867330453,0.180095567,0.1060444093,0.7540836975,0.4452589868,0.5733422091,-0.4152166599,-0.5482866689,0.2692406862,0.07334069941,0.753363747,0.3842854377,0.6206790981,-0.344706646,-0.5901351436,0.4170232562,0.0903121703,0.7380621693,0.07851579072,0.162274565,-0.4787926483,-0.8592204816,0.4636677844,-0.03076047345,0.710967567,0.4014452198,-0.06407820943,-0.4315090394,-0.8053171223,0.4955043633,-0.1573818426,0.6589659533,0.4014452198,-0.06407820943,-0.4315090394,-0.8053171223,0.4853663424,-0.1536524924,0.6487760058,0.4014452198,-0.06407820943,-0.4315090394,-0.8053171223,-0.1658355453,0.06634141094,0.6004291226,0.7221524565,0.3684358997,0.04341682897,-0.5838371317,-0.2366543056,0.100969143,0.5723028684,0.8094510469,-0.04514626585,0.3313960415,-0.4826256117,-0.2823937871,0.0881614706,0.4900789874,0.7792750496,-0.06786495389,0.3243196949,-0.5319224386,-0.353872457,0.1295086595,0.365407151,0.8527167321,-0.2207334635,0.0708320135,-0.4681172275,-0.4275709649,0.07407260599,0.2702333529,0.8058546471,-0.2108466674,0.03112267825,-0.5524249718,-0.4781448404,-0.002451611076,0.1637620272,0.8058546471,-0.2108466674,0.03112267825,-0.5524249718,-0.4654519778,0.001678676534,0.1572539925,0.8058546471,-0.2108466674,0.03112267825,-0.5524249718,-0.05999223882,-0.03970293144,0.661004963,0.6816341517,0.4717724889,0.2052386546,-0.5202717526,-0.05268175437,-0.1250347002,0.7216457582,0.7074579427,0.4816917427,0.1807353083,-0.4845730829
-2.796311689,-0.5422951866,0.1054690061,1.691796118,-0.45455835,0.05637514498,-0.7107129342,-0.2436019257,-0.1267478082,0.3754765291,-0.1041897002,0.23562,0.1251098301,-1.189310181,1.07619577,-0.2487614284,-1.328881642,0.8427183833,-0.9250061182,-0.8969165379,-0.03411795168,-0.5804229575,-0.2306467167,-0.5229999922,0.02496152094,2,0,0,0,0.003821493619,0.5689598457,0.6275561489,0.5578710514,0.5139521239,0.4361799266,-0.4841282639,0.1705557856,0.3526669653,0.6694274285,0.5411978421,-0.4215321606,-0.450354918,-0.5714857663,0.1729310072,0.2806546873,0.618327,0.5705685521,-0.444684408,-0.4275098734,-0.5421647468,0.09576589736,0.4372461427,0.6376667744,0.6343267522,-0.2611781733,-0.5869660159,-0.4299842199,0.2137504327,0.01234835803,0.5115349383,0.6983405129,0.1109944441,0.1436443268,-0.6923633936,0.1522165518,0.1694666803,0.1045378987,0.7127483619,-0.04786850895,-0.01740509013,-0.6995680391,0.1506401825,0.1648525941,0.0669083283,0.7138143458,-0.02776150775,-0.03711468972,-0.6987995981,-0.1118063389,0.4803885404,0.5040693686,0.6553734498,0.2017298882,0.3479789586,-0.6392975347,-0.1261525799,0.5613079438,0.4716826556,0.6135701513,0.1792868982,0.3600562616,-0.6795199526,-0.08617594093,0.4367038996,0.6098551835,0.6260078826,0.2798632476,0.267726266,-0.6768407051,-0.21547795,0.7904515315,0.3149240809,0.5355890743,0.3029604488,0.4682447924,-0.6341183836,-0.2268204288,1.194888272,0.1405066299,0.5592445886,0.2695300813,0.4397207435,-0.6490336611,-0.2324582777,1.227429746,0.1218243818,0.5236882045,0.3333941197,0.360386881,-0.6962185874,0.003133856652,0.2862350429,0.6375669215,0.5870447549,0.540214281,0.4031975256,-0.4483065264,0.1434590811,0.05652265907,0.7107971207,0.6912845826,0.1790240098,0.03044011215,-0.6993921857,0.2180313063,0.09250336978,0.7230378116,0.5018453038,0.5080110838,-0.3323025443,-0.6161582985,0.3049141234,0.06389050184,0.6975508909,0.4246707677,0.5506718647,-0.2624213673,-0.6689919749,0.4424133788,0.08840929234,0.6441220527,0.1434336542,0.03363463441,-0.4435070374,-0.8840797509,0.4777894709,-0.03126583021,0.5994587378,0.4733187484,-0.1838864315,-0.3439441509,-0.7898465445,0.4919684737,-0.1551605901,0.5346532514,0.4733187484,-0.1838864315,-0.3439441509,-0.7898465445,0.4790572189,-0.1512513847,0.5284451789,0.4733187484,-0.1838864315,-0.3439441509,-0.7898465445,-0.14832812,0.05216104548,0.6280672713,0.7207341409,0.2985011383,0.08041645673,-0.6204615718,-0.2221986106,0.08692881246,0.6096331775,0.778888681,-0.04350924082,0.3414823311,-0.5242415342,-0.2715918513,0.07736717067,0.5290987996,0.7702721225,-0.04995242818,0.3397424187,-0.5373645887,-0.3428874708,0.1258690477,0.4069253179,0.8460261622,-0.1942886819,0.1067045011,-0.484877088,-0.4221774387,0.08164121048,0.310386842,0.7917705405,-0.1877788044,0.06535383328,-0.5775529485,-0.4800239242,0.01634210818,0.2002068654,0.7917705405,-0.1877788044,0.06535383328,-0.5775529485,-0.4671808936,0.01999238507,0.1937065119,0.7917705405,-0.1877788044,0.06535383328,-0.5775529485,-0.03400457447,-0.05369697587,0.6709840134,0.6713257468,0.4059481466,0.2377215402,-0.5727270845,-0.01829862729,-0.1350603552,0.735370221,0.6784213455,0.4088833985,0.2326366155,-0.5643040401
-2.804929488,-0.5386574039,0.0354270787,1.757947297,-0.5166672036,0.0916504871,-0.6966485279,-0.1902429506,-0.04312033639,0.3329224837,-0.00625241148,0.23562,0.1094523243,-1.150044746,0.9335130871,-0.2823608161,-1.193609328,0.8461410345,-0.9883641871,-0.774098602,0.03449043104,-0.4903735407,-0.241061841,-0.523,0.001458074054,2,0,0,0,0.02400293697,0.5570504868,0.6269852498,0.5361349715,0.4873291217,0.4578221103,-0.5152363873,0.1919557149,0.3397071365,0.6557680296,0.555823192,-0.4565356309,-0.4280185199,-0.5472074045,0.1888702498,0.2665950163,0.6062931731,0.5654284671,-0.4640453357,-0.4198649331,-0.5372764772,0.1152311654,0.4244802418,0.6296382016,0.657262628,-0.2921815206,-0.5581916924,-0.4135913822,0.2202914306,-0.004907537827,0.5045182804,0.6840419771,0.1177143611,0.1675783013,-0.700105289,0.1512437196,0.1714921866,0.106730992,0.7041546319,-0.06504751226,-0.01273451432,-0.7069461844,0.1484358242,0.1662342211,0.0692579508,0.7063951904,-0.03272246073,-0.04510578965,-0.7056206794,-0.1039925608,0.4695078266,0.5174746969,0.6301381733,0.1887528226,0.3610341677,-0.6610238909,-0.1165015007,0.5508819562,0.4854678052,0.6157410398,0.1809255999,0.3650194865,-0.6744550939,-0.06858419707,0.4255691936,0.6202927307,0.6093621635,0.2477488631,0.2966192729,-0.6923259792,-0.208144319,0.7809485169,0.3314222672,0.5467484551,0.2901775772,0.4619982473,-0.6351540916,-0.2279599047,1.179762026,0.145211892,0.5481900825,0.2881905401,0.4602867444,-0.6360581412,-0.2334532408,1.213475873,0.1286904197,0.5105170167,0.3506259113,0.3823354395,-0.6857502881,0.02161735528,0.2745043154,0.6409842685,0.5635151599,0.5116418825,0.4304803614,-0.4851390596,0.1669655886,0.04398958069,0.7006370818,0.6850948399,0.1475889452,0.07808401809,-0.709059553,0.2426046565,0.07953175211,0.7052140106,0.5453981004,0.4400890234,-0.2493396625,-0.6683504292,0.3214783479,0.05519190444,0.658273454,0.4486760253,0.4774295912,-0.1796046357,-0.7338208123,0.4405756088,0.08747738792,0.5738024703,0.2409499674,-0.009237791982,-0.3808852114,-0.8926277119,0.481821229,-0.02154101092,0.5106977789,0.5648461155,-0.2076954368,-0.2711950529,-0.7511755551,0.4992114199,-0.1359986768,0.4310251318,0.5648461155,-0.2076954368,-0.2711950529,-0.7511755551,0.4849673836,-0.133498674,0.427651711,0.5648461155,-0.2076954368,-0.2711950529,-0.7511755551,-0.1324931461,0.04225296634,0.6524242953,0.7180730286,0.2374366884,0.0930929686,-0.6475559002,-0.2072189915,0.07770389921,0.6395891013,0.7545771982,-0.0511693983,0.3306315079,-0.5645155008,-0.2577430174,0.06799764665,0.5597767294,0.7637671495,-0.04477884864,0.3323928045,-0.5515157473,-0.3257863351,0.117446407,0.4361369943,0.8309736921,-0.1712018707,0.1383082628,-0.5109241303,-0.4103255567,0.08508447563,0.339345965,0.7707377379,-0.168816674,0.09698808122,-0.6066774943,-0.4754614552,0.0311140625,0.2271215242,0.7707377379,-0.168816674,0.09698808122,-0.6066774943,-0.4624708335,0.03402712739,0.2205427439,0.7707377379,-0.168816674,0.09698808122,-0.6066774943,-0.01512838299,-0.06448353049,0.6832540395,0.6556495093,0.3688248048,0.2701599488,-0.6009206157,0.007060882811,-0.1452169117,0.7465155415,0.6560874284,0.3690216633,0.2698909901,-0.6004424633
-2.768603659,-0.5441199019,0.007106696636,1.749783924,-0.5297545236,0.1125609758,-0.7638452704,-0.1784817469,0.04106638783,0.437499514,-0.01430144129,0.23562,0.1124620143,-1.106998379,0.7696727674,-0.3230424116,-1.013478753,0.828420844,-1.030962903,-0.7184447356,0.07303007384,-0.4516626719,-0.2421180518,-0.523,0.03342652293,2,0,0,0,0.04113920261,0.5535081479,0.6357384749,0.528888984,0.4751379439,0.4602608922,-0.5316768644,0.2077573845,0.3338808701,0.6585495184,0.5650261951,-0.4685646768,-0.4062093076,-0.5442302279,0.2010498337,0.2616682181,0.6081212991,0.5669564635,-0.4700051188,-0.4045417732,-0.5422190614,0.1309116306,0.4199322191,0.63743556,0.6701551064,-0.2994988996,-0.5375121582,-0.4150580951,0.2240621753,-0.008872350419,0.5016445919,0.6739397161,0.1148283878,0.1757809339,-0.7083224998,0.1508713474,0.1719662189,0.1066006823,0.6964536593,-0.07460861627,-0.006780715321,-0.7136805144,0.1471697051,0.166557908,0.06922679686,0.6995477372,-0.03531442384,-0.04691506574,-0.7121691031,-0.09366508703,0.4589620267,0.5309922465,0.6210623859,0.1503469048,0.3451668014,-0.6874134129,-0.1059528218,0.537638913,0.4927610708,0.6350452679,0.1574020907,0.3420071555,-0.6745170088,-0.05310220232,0.4230377422,0.6350114849,0.6051916896,0.205099239,0.2825292898,-0.7154400893,-0.2036316661,0.753537365,0.3227441362,0.5456930901,0.3000276179,0.47166772,-0.6242852247,-0.2249764974,1.158257873,0.1499295399,0.5490518741,0.2955558961,0.4677535956,-0.6264146595,-0.2306601277,1.192338323,0.1342458371,0.510507128,0.3580415067,0.3908840061,-0.6770512872,0.03612146071,0.2713144183,0.6551169107,0.5579340231,0.5002542629,0.4328300208,-0.5011122342,0.1809482716,0.0402754771,0.714005046,0.6802948717,0.1447444991,0.09695110849,-0.711932862,0.2568742474,0.07536841702,0.7170373016,0.5761998455,0.3895456592,-0.1774048389,-0.696258171,0.326691116,0.05619216724,0.655598067,0.4590541915,0.4209381241,-0.1059841397,-0.7751436687,0.4266100654,0.09745644606,0.5522766272,0.3231628825,-0.003519784925,-0.3002810257,-0.8974322638,0.476015057,0.006292996287,0.4697127926,0.6388150133,-0.1742712516,-0.2044118087,-0.7209443267,0.5009544038,-0.09168339128,0.3720943355,0.6388150133,-0.1742712516,-0.2044118087,-0.7209443267,0.4862662628,-0.09074762129,0.3701181274,0.6388150133,-0.1742712516,-0.2044118087,-0.7209443267,-0.120013493,0.04110523861,0.6762644824,0.7179226319,0.2061311399,0.08265913833,-0.6597457954,-0.1945385665,0.07703884362,0.6636054039,0.7445626237,-0.05940918776,0.3093142671,-0.5885760205,-0.243999139,0.06505575665,0.583437077,0.7646910551,-0.04657010717,0.3132147861,-0.5612266148,-0.3079094792,0.1114309351,0.4564462572,0.8242136642,-0.1657196195,0.1352184183,-0.5243327405,-0.392060942,0.08156342769,0.3585220965,0.7619917704,-0.1632850263,0.09408748262,-0.6195595917,-0.4572578659,0.02953491622,0.2454194396,0.7619917704,-0.1632850263,0.09408748262,-0.6195595917,-0.4440945599,0.03204536923,0.2390204123,0.7619917704,-0.1632850263,0.09408748262,-0.6195595917,-0.002811594395,-0.06639221719,0.7049986512,0.6508655701,0.3536947847,0.2738726179,-0.6134067151,0.02069486058,-0.1461986413,0.7689567723,0.6610262176,0.3582224781,0.2679232497,-0.6024434647
-2.718233344,-0.5441517415,-0.03342509613,1.720071328,-0.5225736524,0.1286817735,-0.9155610173,-0.133745515,0.1642336104,0.688291943,-0.05056640482,0.23562,0.1336221586,-1.078267496,0.639650328,-0.3478890866,-0.8647755688,0.8004160138,-1.062130685,-0.6675398701,0.1029976463,-0.4329838401,-0.2377520496,-0.523,0.05119218546,2,0,0,0,0.05579241851,0.5542164367,0.6497260271,0.5221228058,0.4599382955,0.462150861,-0.549782795,0.2209150435,0.332264972,0.6658494109,0.5779204344,-0.47852636,-0.3812521788,-0.5400622839,0.2105657274,0.2614184032,0.6141162592,0.5688143303,-0.4720881344,-0.3891959589,-0.5496449369,0.1442104508,0.4197352473,0.6509745935,0.6852568188,-0.3056183861,-0.512359624,-0.4177416785,0.2259535702,-0.00713960826,0.5014270182,0.6660587263,0.1085618894,0.1771694384,-0.7163735614,0.150200298,0.1721870299,0.106177003,0.6892187037,-0.08017930187,-0.0009028804513,-0.7201028002,0.1458266999,0.1668468627,0.06886596506,0.6929478481,-0.03569904525,-0.04720110441,-0.7185547396,-0.08862630103,0.443590934,0.5511767776,0.609772959,0.08445720867,0.2938039901,-0.7312476555,-0.1000546089,0.5146927652,0.5000241918,0.6676984715,0.1082717536,0.2858863972,-0.6787672256,-0.03970383149,0.4248167968,0.6561054559,0.6027663473,0.1250152478,0.2442831859,-0.74924605,-0.203769833,0.6967751376,0.2971739559,0.5320912372,0.3309343323,0.4943998343,-0.6024368737,-0.2193771844,1.115686231,0.1615676038,0.5444198585,0.315598654,0.4807902854,-0.6106105213,-0.2248449084,1.150588981,0.1477234252,0.5035514405,0.3774009003,0.4056879127,-0.6628889988,0.04875138848,0.2726438963,0.6762086789,0.5576621955,0.4897659914,0.4304136704,-0.5136985708,0.1930547152,0.04198948273,0.7378260579,0.677668616,0.1396932129,0.1041489393,-0.7144256795,0.2691665961,0.07676438381,0.7396010668,0.599384683,0.3456688424,-0.1257482706,-0.7109419284,0.3303877272,0.06078320798,0.6687951464,0.4691689071,0.370957139,-0.05676261073,-0.7994056189,0.4133078475,0.1072374613,0.5533476991,0.3783150041,0.004392073041,-0.2365221052,-0.8949389706,0.466094877,0.03203885482,0.4578117705,0.6818993926,-0.1419325126,-0.1543197227,-0.7007523125,0.4942706973,-0.0512032251,0.348141419,0.6818993926,-0.1419325126,-0.1543197227,-0.7007523125,0.4794784888,-0.0513066113,0.3468366461,0.6818993926,-0.1419325126,-0.1543197227,-0.7007523125,-0.108610523,0.04426859765,0.7062679835,0.7190009366,0.1804658485,0.06971963168,-0.6675394398,-0.1829826263,0.08028833875,0.6929701895,0.7384440704,-0.06504324852,0.2845628347,-0.6078599541,-0.2305202758,0.06569293147,0.6120748916,0.76762792,-0.04810916847,0.2902429322,-0.5693785425,-0.289521086,0.1081920452,0.4814051292,0.8206396653,-0.1645208498,0.1197385043,-0.5339907492,-0.3712524181,0.07777242228,0.3816187883,0.7583924412,-0.1605438766,0.07939267073,-0.6267083633,-0.4339148649,0.02457217251,0.2676320914,0.7583924412,-0.1605438766,0.07939267073,-0.6267083633,-0.4205539312,0.02683252829,0.2615576537,0.7583924412,-0.1605438766,0.07939267073,-0.6267083633,0.008363412273,-0.0634110658,0.7352477875,0.649978285,0.3403091364,0.2716086911,-0.6228536262,0.03259987378,-0.1417990281,0.800670882,0.6657062551,0.3471490262,0.2628100893,-0.6060145151
-2.660252282,-0.5276831225,-0.0638398613,1.683569246,-0.5214256812,0.150902525,-1.079070766,-0.08888836913,0.2408623329,0.9481938674,-0.1302636907,0.23562,0.1417583708,-1.108948668,0.5853884498,-0.3601328464,-0.7339620326,0.772635627,-1.085278732,-0.6114945103,0.1322112917,-0.4236454003,-0.234606173,-0.523,0.07494132155,2,0,0,0,0.07272957267,0.5539404123,0.6668182887,0.5148959746,0.4466712406,0.4611805657,-0.5680487867,0.2345359913,0.3287200186,0.6765519045,0.5930066635,-0.4818150195,-0.3577385858,-0.536861703,0.2214501884,0.2597014675,0.6229994534,0.5755709088,-0.4701525322,-0.3729332451,-0.5555137443,0.1590811671,0.4181246878,0.6682285384,0.6981388867,-0.3104910802,-0.4853678846,-0.4249887064,0.2314608128,-0.005394222689,0.5018255341,0.661552653,0.1011364904,0.1808567491,-0.7207012793,0.1501331067,0.1725830292,0.1070736146,0.685815787,-0.08805598174,0.004216952473,-0.722416132,0.1450397887,0.1671351253,0.06986961273,0.6905022079,-0.03610887014,-0.05025055179,-0.720678661,-0.08196021266,0.4270046886,0.5778059234,0.5962660158,0.01353698967,0.2338980114,-0.7678380744,-0.09379799204,0.4873610482,0.5144052886,0.6841954854,0.04153950862,0.2305775337,-0.6906410124,-0.02441608636,0.4262947942,0.6800021727,0.5950757725,0.04001545552,0.1995523382,-0.7774718339,-0.2049583476,0.6279795024,0.2843425104,0.503465641,0.3522598361,0.5175053715,-0.595502768,-0.2093131562,1.056335402,0.181330693,0.536080382,0.3127541522,0.4836396233,-0.6171672213,-0.2145927143,1.091297795,0.1675641864,0.4956041058,0.3735959128,0.4077468409,-0.6697351551,0.06240632049,0.2732632397,0.7006968627,0.5538322649,0.4782104432,0.4283894062,-0.5301576285,0.2052147958,0.04213756051,0.7640077605,0.6732890238,0.1102481549,0.09374764083,-0.7250783506,0.2819100469,0.07555508345,0.7614444743,0.6128438067,0.299825339,-0.1194484138,-0.7212900326,0.3370568739,0.05570908089,0.6867325817,0.4756159455,0.3255515088,-0.0561100522,-0.815265202,0.4101025524,0.09610047791,0.5626571168,0.4029521791,0.01354617369,-0.2142364003,-0.8896902873,0.4654805811,0.02804947822,0.463305469,0.6951600225,-0.1223169853,-0.1414615123,-0.6941035505,0.4965113207,-0.04911855305,0.3500231012,0.6951600225,-0.1223169853,-0.1414615123,-0.6941035505,0.4817332997,-0.04960413906,0.3486458385,0.6951600225,-0.1223169853,-0.1414615123,-0.6941035505,-0.09718231545,0.04805371947,0.741116527,0.7167366402,0.1543659569,0.06196919934,-0.6772145585,-0.1713320015,0.08463199568,0.7281043565,0.729961094,-0.06853511016,0.2629407593,-0.6271538065,-0.2173395372,0.06809405693,0.6466997713,0.7684470737,-0.04809865935,0.2703296687,-0.5780116643,-0.2716987641,0.1075364715,0.5130912856,0.8166495241,-0.1641715565,0.1038640767,-0.5434551577,-0.3510049442,0.07628819677,0.4116183678,0.7541081849,-0.1586337786,0.06400243658,-0.6340819016,-0.4111742686,0.0216543927,0.2969683972,0.7541081849,-0.1586337786,0.06400243658,-0.6340819016,-0.3976259109,0.02364245057,0.2912227744,0.7541081849,-0.1586337786,0.06400243658,-0.6340819016,0.01907401113,-0.06056943596,0.7694558484,0.6457552267,0.3248912814,0.2706433966,-0.6357656756,0.04411474399,-0.1376334115,0.8361369204,0.669118929,0.3348020401,0.2582823779,-0.6111281912
-2.589331693,-0.507748364,-0.07678654216,1.627437108,-0.5110165632,0.1767173613,-1.256444407,-0.06939827072,0.2580301494,1.166275854,-0.08433585318,0.23562,0.1260301808,-1.145865581,0.562621603,-0.3725257294,-0.6402313318,0.7491210622,-1.110380949,-0.5593085278,0.1634950995,-0.4001832505,-0.2379024807,-0.523,0.09705118685,2,0,0,0,0.09152148597,0.553847279,0.686559697,0.5122074726,0.4364533822,0.4558559406,-0.582535245,0.2497742957,0.3257134945,0.6917835008,0.6080700612,-0.4768685313,-0.3359292983,-0.538515284,0.2348348899,0.2592097218,0.6355987516,0.5869516712,-0.4636228558,-0.3539857867,-0.561458499,0.1761096582,0.4169593814,0.6898826934,0.7083477025,-0.3088629597,-0.4604129003,-0.4368834692,0.2407534392,-0.0003919942473,0.502817066,0.6604118134,0.08967756987,0.1835059624,-0.7225923691,0.151110619,0.1728810199,0.1077730137,0.6853503039,-0.09585980374,0.01063778702,-0.7217982381,0.1452622557,0.1673821279,0.07068773181,0.69113572,-0.03500796358,-0.05309789694,-0.719921157,-0.0720917,0.4097001053,0.6095206465,0.5826059354,-0.06716412954,0.17200149,-0.7915016053,-0.08715708344,0.456331161,0.5360275005,0.679596542,-0.04447665892,0.1792131682,-0.7099669058,-0.006966712078,0.4279434262,0.7053424654,0.5845853027,-0.04691183408,0.1444390425,-0.7969922626,-0.2111532932,0.5493570159,0.2889846165,0.4686026402,0.3538140357,0.5238133113,-0.6171278706,-0.1951920985,0.9784969836,0.1904792649,0.4902676587,0.3274842265,0.5035935289,-0.631494467,-0.1985707389,1.014479086,0.1789193174,0.4483775982,0.3828391637,0.4258784434,-0.686308426,0.07828718705,0.2743694182,0.7284044239,0.547875068,0.464293908,0.4274662096,-0.5491235895,0.2196859323,0.04264873508,0.7926969572,0.6674964541,0.07484820322,0.08334590606,-0.7361383635,0.2967866139,0.07427920513,0.7849212851,0.6204797512,0.2572132348,-0.1242933966,-0.730340593,0.3468810007,0.04907129407,0.7082921986,0.4764891435,0.2853929503,-0.06641729958,-0.8289135675,0.4125121724,0.08099575876,0.5777731007,0.4127873007,0.01221703669,-0.2061784802,-0.8871007962,0.4678758282,0.01520047064,0.4769055627,0.6959237672,-0.1174291742,-0.1365313402,-0.695168823,0.4988851182,-0.06036701636,0.3625434818,0.6959237672,-0.1174291742,-0.1365313402,-0.695168823,0.4841069474,-0.06082949262,0.3611598869,0.6959237672,-0.1174291742,-0.1365313402,-0.695168823,-0.0832222082,0.05302564566,0.7807805596,0.713391372,0.1241138286,0.05577603223,-0.6874282088,-0.1571834644,0.0902303233,0.7684920547,0.7199350945,-0.07762056238,0.2433554294,-0.6453267722,-0.2025819302,0.07117321178,0.6872965558,0.7686704228,-0.0537730962,0.2530678842,-0.5849879325,-0.2539281289,0.106548074,0.5513773,0.8118181086,-0.1650780942,0.0963936512,-0.551732585,-0.3324225378,0.07525882666,0.4492876888,0.7473610078,-0.1587697245,0.05573981568,-0.6427571638,-0.3920082037,0.0201645796,0.334553264,0.7473610078,-0.1587697245,0.05573981568,-0.6427571638,-0.3783449904,0.02181517562,0.3289752101,0.7473610078,-0.1587697245,0.05573981568,-0.6427571638,0.0322788482,-0.0567392828,0.8077769844,0.6397618812,0.3065445959,0.2712916988,-0.6504890163,0.05856254693,-0.1324090135,0.8755672421,0.6705617737,0.3193431761,0.2561029305,-0.6186906598
-2.505916229,-0.4877437431,-0.08111285945,1.555154203,-0.4964638121,0.1987219311,-1.431412542,-0.06275819762,0.2522860622,1.346017163,-0.06391865246,0.1520178511,0.09711532917,-1.173761661,0.5574100667,-0.3837247567,-0.5810973315,0.7308626756,-1.132659974,-0.5148617888,0.1932852576,-0.3621054324,-0.2499190725,-0.523,0.1144513975,2,0,0,0,0.1092642882,0.5522990878,0.7089808081,0.5137911608,0.427686564,0.4481007623,-0.5935558549,0.2645605231,0.3222347797,0.7107108225,0.6237848397,-0.4651731201,-0.3145776979,-0.5436426345,0.2484015184,0.2589797368,0.6512099841,0.6012297413,-0.4520359575,-0.3331796105,-0.5684871489,0.1927758971,0.4148645137,0.7154651508,0.7176487666,-0.3007886395,-0.4365383432,-0.4515979595,0.25137433,0.00708485747,0.5042433606,0.6621893706,0.07669714095,0.1843667327,-0.7222407451,0.1527951476,0.1732449532,0.1082734838,0.6871893121,-0.103101404,0.01602198509,-0.7189466224,0.1462992214,0.1676465365,0.07131107085,0.694027336,-0.03442538386,-0.05537478586,-0.7169899462,-0.06122751219,0.3919709359,0.6464531536,0.5665797218,-0.1473930578,0.1103975102,-0.803165671,-0.08074293492,0.4234226733,0.5662496615,0.6631232502,-0.1323329736,0.1280636866,-0.725503433,0.009967639566,0.4278310196,0.7324834305,0.5709251063,-0.129544655,0.08514468412,-0.8062338917,-0.2191722634,0.4675323914,0.3133648852,0.4387017224,0.3487585531,0.5134915301,-0.6497959056,-0.1789218235,0.8914830156,0.2003828236,0.4548857466,0.3278169533,0.4992110879,-0.6606082746,-0.1801313025,0.9275075524,0.1885283219,0.4286793316,0.3614125454,0.4476059315,-0.6966088808,0.09421886552,0.2742928727,0.7591822238,0.5419959206,0.4489326303,0.426813289,-0.5679175396,0.2347550211,0.04235030358,0.8245568641,0.6616763556,0.04137756637,0.07616084797,-0.7447629305,0.3119045873,0.07220571498,0.81182652,0.6247605029,0.2218152758,-0.1316703955,-0.7369770718,0.3579716401,0.04203914773,0.7344656246,0.4749191772,0.2528364249,-0.07854748004,-0.8392590844,0.417876594,0.06598509531,0.5995588229,0.4153792923,0.004034179916,-0.2057823043,-0.8860572285,0.471772567,-0.0003574630724,0.4982557943,0.6914685127,-0.1220716057,-0.1354275005,-0.6990201794,0.501116287,-0.07688209077,0.3840908516,0.6914685127,-0.1220716057,-0.1354275005,-0.6990201794,0.4863254264,-0.077157746,0.3827958582,0.6914685127,-0.1220716057,-0.1354275005,-0.6990201794,-0.06821276501,0.05695263694,0.823995782,0.710078775,0.09348086066,0.05099486117,-0.6960236965,-0.1420750641,0.09463908435,0.8126135473,0.7104796723,-0.09038347946,0.2265199496,-0.6601046693,-0.1875369109,0.07275976269,0.7321684168,0.7691336286,-0.06360623479,0.2390634736,-0.5892676505,-0.2374317311,0.1035142054,0.5945946975,0.8070850478,-0.1653238747,0.09783502614,-0.5583099944,-0.3165659469,0.07334485884,0.4926620513,0.7383414221,-0.1589943687,0.05492463291,-0.6531125629,-0.3772459617,0.01924208217,0.3780294153,0.7383414221,-0.1589943687,0.05492463291,-0.6531125629,-0.3635259794,0.02049581544,0.3724875033,0.7383414221,-0.1589943687,0.05492463291,-0.6531125629,0.04670407697,-0.05374465976,0.849644728,0.6339138062,0.2868467543,0.2721809105,-0.6646726848,0.07453988224,-0.1278831389,0.9184990224,0.6708917272,0.3019444454,0.2553293176,-0.6273282888
-2.418997434,-0.4621263216,-0.09141235069,1.472319734,-0.4716395571,0.2056980866,-1.587741733,-0.03148310398,0.2416034786,1.485843836,-0.1834050555,0.02784740362,0.070960531,-1.197887399,0.5649874296,-0.3953607996,-0.5335036691,0.716016208,-1.154521677,-0.4737005856,0.2186763987,-0.3118119079,-0.2705569503,-0.523,0.1289617235,2,0,0,0,0.1209807485,0.551213313,0.7334443059,0.5165473162,0.4172335057,0.4416706468,-0.6033424497,0.274196386,0.3204172829,0.7312103946,0.6418223949,-0.4496753258,-0.2941458486,-0.5471145534,0.2573811633,0.2607696721,0.6682653831,0.6161543026,-0.4357661082,-0.3143844428,-0.575868211,0.2041853481,0.4137723392,0.7430083528,0.7277462783,-0.2907391264,-0.4116245757,-0.4652110526,0.259696194,0.01804199791,0.5065960506,0.667695195,0.06373950942,0.1807396721,-0.7193424584,0.1539960149,0.1737577707,0.108225311,0.6914435299,-0.1060918828,0.01973695662,-0.714325423,0.1471885416,0.1681642378,0.07131826566,0.6986819553,-0.03454226307,-0.05370557164,-0.7125770617,-0.05445625617,0.3775844554,0.6879704522,0.551718464,-0.2132730947,0.04354810806,-0.8051241432,-0.07686826818,0.3934584221,0.6040158064,0.6447217416,-0.206470931,0.06893188867,-0.7327701039,0.02162582815,0.4277995819,0.7617665314,0.5550072193,-0.2045621249,0.0308693325,-0.8057098783,-0.2233671899,0.3893891819,0.3518639405,0.4282059868,0.3436121938,0.4868853687,-0.6793474302,-0.1628371234,0.8028179185,0.2121071276,0.4709928481,0.2799578286,0.4456270486,-0.707958957,-0.1641662198,0.8362894716,0.1942844473,0.4670492699,0.2864884435,0.4357267617,-0.7140949099,0.1057632078,0.2748557926,0.7920015418,0.5376244819,0.4326382204,0.4265922277,-0.58463934,0.2465708066,0.04346044015,0.8587175142,0.6573326731,0.009501093727,0.06977675976,-0.7503030653,0.323392131,0.0718010631,0.8413751955,0.6286297313,0.1923568947,-0.1421369794,-0.7400138952,0.366591224,0.03705899003,0.7642796057,0.4734194599,0.226845369,-0.0928604637,-0.8460449916,0.422372959,0.05343545852,0.6265041855,0.4163152508,-0.001873882848,-0.2097747154,-0.8846878937,0.4755302962,-0.01415837909,0.5256390024,0.6865264095,-0.126549408,-0.1389210141,-0.7024013726,0.5040337137,-0.09232119491,0.4123745503,0.6865264095,-0.126549408,-0.1389210141,-0.7024013726,0.4892414827,-0.09243492722,0.4110708943,0.6865264095,-0.126549408,-0.1389210141,-0.7024013726,-0.05606764827,0.06104025322,0.8689125237,0.7081506344,0.06317655113,0.04607911733,-0.7017179756,-0.1300059241,0.09881213583,0.8583352338,0.7032042519,-0.1047491182,0.2094451984,-0.67131521,-0.175520212,0.0737109935,0.7788664632,0.7704378049,-0.07608987775,0.2250817806,-0.591586098,-0.2245087993,0.09911748884,0.6398827038,0.8025211508,-0.1642917327,0.1038728778,-0.5640730931,-0.3048990444,0.07085908179,0.5383861578,0.7268816766,-0.1583169609,0.05732659193,-0.6658020952,-0.3674002828,0.01878112164,0.4237942857,0.7268816766,-0.1583169609,0.05732659193,-0.6658020952,-0.353644636,0.01955521336,0.4182530299,0.7268816766,-0.1583169609,0.05732659193,-0.6658020952,0.05873769182,-0.05002549472,0.8934436065,0.6296338311,0.2667832166,0.273097512,-0.6766134073,0.08845366764,-0.1224731577,0.9633045892,0.6719237335,0.2838261582,0.2553394752,-0.6346360853
-2.337766652,-0.4271093168,-0.1215621065,1.379714829,-0.4310329641,0.1953202117,-1.699955813,0.07550246415,0.2482149672,1.563201109,-0.4654392249,-0.004801139947,0.06458789886,-1.218262127,0.5797402701,-0.411670661,-0.4975758758,0.7030109761,-1.174769055,-0.4406480328,0.2365926745,-0.2669334137,-0.2996943936,-0.523,0.136188308,2,0,0,0,0.1242393998,0.5526585267,0.7604833617,0.5161711177,0.4041111814,0.4394623732,-0.6141126549,0.2753310143,0.3216705202,0.7523126044,0.6620606818,-0.4333183622,-0.273506199,-0.5469051196,0.2579583836,0.2657747522,0.686157344,0.6276171153,-0.4159044357,-0.2993224754,-0.5861111778,0.2074292681,0.4153285013,0.7716371794,0.7388565232,-0.2831610627,-0.3832015731,-0.4765159022,0.2612771084,0.0328721687,0.5106454386,0.6746011244,0.05221471686,0.1685541773,-0.7167820001,0.1542173755,0.1737054745,0.10713166,0.6950405981,-0.1022784721,0.02039006407,-0.7113662393,0.1476089597,0.1683137434,0.07015846191,0.7017014144,-0.0340212268,-0.04906881697,-0.7099647402,-0.05461249598,0.3708746118,0.7322499585,0.5497603452,-0.2438024384,-0.03609638943,-0.7981359436,-0.07434114186,0.3720392127,0.6461564751,0.644332444,-0.2463955839,-0.005638663704,-0.7239427625,0.02536884951,0.4302150241,0.7941983533,0.5401669883,-0.2643779319,-0.005947212061,-0.7989296368,-0.2109363398,0.320828719,0.3936128284,0.4613107536,0.3350687554,0.4498760735,-0.6874102387,-0.1516280669,0.7217080242,0.2207039293,0.5526276223,0.1675024736,0.3313590258,-0.7461546947,-0.1564068173,0.7466945091,0.1925508049,0.553028131,0.166175371,0.3331492658,-0.745357095,0.1099405806,0.2779102083,0.8263841039,0.53573066,0.418089985,0.4261851578,-0.5971261472,0.2518809702,0.04770707426,0.8948023244,0.655035766,-0.01720963202,0.06318474949,-0.7527547152,0.3281774434,0.07494303827,0.8737663253,0.6326273215,0.1707357556,-0.1546094644,-0.7394104999,0.3699004317,0.03639157279,0.7976750643,0.4707946274,0.2094555516,-0.107294704,-0.8502756243,0.4235409715,0.04637967673,0.6584458025,0.4149792716,-0.003931418361,-0.2159306769,-0.883827297,0.4767333775,-0.02264837891,0.5585753362,0.6804611959,-0.1282575312,-0.1455180779,-0.7066449289,0.5052584478,-0.1025346912,0.4465253287,0.6804611959,-0.1282575312,-0.1455180779,-0.7066449289,0.4904788243,-0.102470386,0.4450827114,0.6804611959,-0.1282575312,-0.1455180779,-0.7066449289,-0.05027581653,0.06673061988,0.9133064688,0.7079027545,0.03710409172,0.04023348527,-0.7041862276,-0.1244292239,0.1041937747,0.9031454146,0.6988993446,-0.1185020239,0.1931578641,-0.6783708543,-0.1697929996,0.07582997281,0.8246946284,0.7722418042,-0.08921137781,0.2116552063,-0.5923563113,-0.2181329127,0.09575431311,0.6845941983,0.7991027288,-0.1650278603,0.1081217768,-0.5678999168,-0.2995538235,0.06857691117,0.583625381,0.7140482586,-0.1589944223,0.05624226157,-0.6794797025,-0.3635289042,0.01788778681,0.4692242552,0.7140482586,-0.1589944223,0.05624226157,-0.6794797025,-0.3497354708,0.01811380927,0.463727651,0.7140482586,-0.1589944223,0.05624226157,-0.6794797025,0.06483559363,-0.04413700459,0.9372934152,0.6276991532,0.2495013613,0.2731938906,-0.6849145508,0.09633420459,-0.1149266115,1.008067203,0.6728470962,0.2675116729,0.2555843031,-0.6406176348
-2.256248535,-0.3835471486,-0.1554179792,1.28619206,-0.3816829269,0.1793937942,-1.78925464,0.2173127416,0.2659134484,1.572752228,-0.6126028055,-0.02614763883,0.06882898378,-1.220135076,0.5817629588,-0.4273258797,-0.4681654102,0.6903407504,-1.166769765,-0.4139513325,0.2459346918,-0.2476781848,-0.3375122329,-0.523,0.1435632802,2,0,0,0,0.1224130413,0.5544995493,0.7854818139,0.5156390772,0.3901611114,0.435122364,-0.6265454314,0.2702811489,0.3231603659,0.7725665758,0.6805125478,-0.4152904395,-0.2553382633,-0.5470273251,0.2527027675,0.2710647117,0.703431151,0.6359927098,-0.3942150514,-0.2868070277,-0.5982052283,0.2052367851,0.4171473447,0.7988645289,0.7471916753,-0.2779713605,-0.3549208821,-0.4883315375,0.2580716086,0.04835793783,0.515197454,0.6809399613,0.04326142322,0.1518741819,-0.7151107964,0.1542072086,0.1731850495,0.1056250495,0.6973857524,-0.09316988698,0.01995270367,-0.7103339877,0.1481203988,0.1682302143,0.06850147675,0.7029280608,-0.03032584485,-0.04375686002,-0.7092656919,-0.05913736642,0.3678706704,0.7746674702,0.5551764621,-0.257022256,-0.1228794534,-0.7814213305,-0.07276414399,0.3547685757,0.6883812621,0.6538660129,-0.2710434037,-0.08772270776,-0.7009275548,0.02381678608,0.433633193,0.8251630442,0.5240302353,-0.3157113502,-0.03741536267,-0.790138435,-0.1883058486,0.2561716161,0.4394077489,0.5239906656,0.3046459858,0.4008363987,-0.6869896557,-0.1487150403,0.6337990834,0.2159144831,0.6204676063,0.08331542558,0.2241784685,-0.7468751593,-0.1547853852,0.6494363371,0.1818794056,0.6215038002,0.075196655,0.2339235427,-0.7438805452,0.1084450736,0.2819406902,0.8599839394,0.5368917435,0.4049016485,0.4214401731,-0.608432487,0.2509428648,0.05339157295,0.9326564274,0.6527603044,-0.0349650913,0.05741390427,-0.7545760869,0.3268987111,0.07965455156,0.9092806239,0.6353666613,0.1537132992,-0.1614079677,-0.7393435571,0.3671654012,0.03849414531,0.8337735523,0.4669960018,0.1955641689,-0.1155952174,-0.8545800933,0.4185908415,0.04414056517,0.693468887,0.4133438849,-0.005565599156,-0.2172423373,-0.8842633227,0.47140082,-0.02544591248,0.5937831666,0.6747824874,-0.1279722503,-0.1475996963,-0.7116923686,0.4994720546,-0.106020562,0.4821120496,0.6747824874,-0.1279722503,-0.1475996963,-0.7116923686,0.4847040328,-0.1057490949,0.480577648,0.6747824874,-0.1279722503,-0.1475996963,-0.7116923686,-0.05074175483,0.07409949396,0.9563333079,0.7063739788,0.02247359857,0.03905222486,-0.706403329,-0.1249272265,0.1116528643,0.9467560961,0.6959161119,-0.1231666586,0.1833853613,-0.6833012137,-0.1699141401,0.08184410163,0.8686246779,0.7726506992,-0.09380824984,0.2031722522,-0.5940807564,-0.2171350011,0.09920599553,0.7278034721,0.7970123502,-0.1644902399,0.1072490461,-0.5711496448,-0.2984898942,0.07247647958,0.6266620252,0.6995127093,-0.1574175465,0.04871560731,-0.695362118,-0.3626168268,0.0227156596,0.5119388227,0.6995127093,-0.1574175465,0.04871560731,-0.695362118,-0.3487392484,0.02230763166,0.506669204,0.6995127093,-0.1574175465,0.04871560731,-0.695362118,0.0644573447,-0.03641880346,0.981483137,0.6275940436,0.2338383588,0.2683100451,-0.6924269335,0.09708356573,-0.1051439766,1.05376481,0.6756387341,0.2524793789,0.2508482042,-0.645632746
-2.162059229,-0.3372211675,-0.1775197138,1.194250862,-0.3322269207,0.1636306891,-1.844431973,0.3243464446,0.2725725368,1.514535523,-0.6126119999,-0.04642555761,0.0671826531,-1.193298113,0.5600809604,-0.4257300897,-0.4397191241,0.6749159079,-1.106376851,-0.3868521902,0.2443406555,-0.2597437719,-0.3811121888,-0.523,0.1556798248,2,0,0,0,0.117889161,0.5521552283,0.806689195,0.5197780497,0.3763608779,0.4241950267,-0.6389380627,0.2621893541,0.3209383956,0.7922776809,0.6959272129,-0.3930427397,-0.2404295524,-0.5508142605,0.2450979967,0.2729931263,0.7200848813,0.6443616214,-0.3701830166,-0.2743237122,-0.6103352653,0.2003393983,0.4151243626,0.8248274944,0.7520157879,-0.2706834602,-0.3294536747,-0.5026559414,0.2535803845,0.06177361757,0.5191534888,0.6871016137,0.03704697126,0.1354502514,-0.7128619248,0.1546732703,0.1722366238,0.1042625598,0.7000403365,-0.08133510889,0.01997311791,-0.709175015,0.1492298454,0.1678889649,0.06696341389,0.704345734,-0.02385287588,-0.03805038208,-0.7084351034,-0.06511856218,0.3634950717,0.8110273893,0.5588847867,-0.2652402924,-0.1917890038,-0.7619136174,-0.0730947755,0.3394772011,0.7263976926,0.6572196815,-0.2888381911,-0.1539738097,-0.6789159415,0.01931796907,0.4334892341,0.8525869033,0.5087249311,-0.351999378,-0.06625140455,-0.7828832185,-0.1688257264,0.2048679632,0.4860333975,0.5833823259,0.256470246,0.3395743007,-0.6917928657,-0.1462285439,0.5403193907,0.2012863464,0.6586229604,0.0359302889,0.1478561456,-0.7369283347,-0.151750775,0.5493166004,0.1648402975,0.6592794914,0.02063351298,0.1649209308,-0.7332979592,0.1037783198,0.2830212795,0.8927229341,0.5409435654,0.3903951534,0.4113156395,-0.6211208642,0.2462586611,0.05700958473,0.9729705273,0.6498552632,-0.0434579918,0.05487872501,-0.7568275004,0.322142146,0.08243591446,0.9484621351,0.6365512166,0.1378514012,-0.1564421148,-0.7425128985,0.3598025941,0.0401246141,0.872249618,0.4680843462,0.1789209336,-0.1142482245,-0.8578063229,0.4068431979,0.04372710009,0.7303480297,0.4185879792,-0.01020697198,-0.2105326003,-0.8833775782,0.4585889151,-0.02467238056,0.6292920732,0.6741957119,-0.1279220215,-0.1417380632,-0.7134468585,0.4854751911,-0.1043915389,0.5167190273,0.6741957119,-0.1279220215,-0.1417380632,-0.7134468585,0.4706979557,-0.1040378195,0.5152939844,0.6741957119,-0.1279220215,-0.1417380632,-0.7134468585,-0.05497872381,0.08018293167,0.9998416335,0.7018460742,0.02421317788,0.05022167129,-0.7101433615,-0.1288543428,0.1187322605,0.9919800197,0.6934119554,-0.1111487738,0.185790442,-0.6872464782,-0.1732087205,0.09095754859,0.9127451927,0.7701628684,-0.0817485571,0.2039580874,-0.5988050001,-0.2183087039,0.1114482686,0.771649555,0.795567924,-0.1565226256,0.1035110856,-0.5760710035,-0.2982547501,0.0862262816,0.6690086324,0.6827007725,-0.1477834335,0.03863404841,-0.7145537925,-0.3610308533,0.03862141395,0.5526352964,0.6827007725,-0.1477834335,0.03863404841,-0.7145537925,-0.3470288557,0.03750517958,0.5478165168,0.6827007725,-0.1477834335,0.03863404841,-0.7145537925,0.06006988522,-0.02975548571,1.028037421,0.6288906226,0.2165447128,0.2574821956,-0.7009335853,0.09338456835,-0.09555755818,1.102686461,0.6814918719,0.2359111742,0.2398637355,-0.6499077895
-2.042122614,-0.2987678574,-0.2025023045,1.080337191,-0.2928961135,0.1487689577,-1.835712584,0.3918100102,0.2990387402,1.37193152,-0.5971140886,-0.05306674746,0.06220028541,-1.119946033,0.5174324948,-0.3752320081,-0.4469253984,0.6302933861,-0.9697375998,-0.372424675,0.217934121,-0.3534829246,-0.4616905197,-0.523,0.1678395832,2,0,0,0,0.1109760005,0.5417301526,0.8286602963,0.5278975784,0.3642971737,0.4087719348,-0.6492435762,0.2515553056,0.3120038417,0.8132543978,0.7095064699,-0.3638289272,-0.2204503878,-0.5618102059,0.234854371,0.269917305,0.7374093856,0.6490859314,-0.3396828328,-0.2560965342,-0.6306485487,0.1931976874,0.4055640655,0.8532140862,0.7557529417,-0.2541818446,-0.3016088453,-0.5227439004,0.2453083135,0.07444056592,0.5212182299,0.6883758437,0.03301084129,0.1141782769,-0.7155503499,0.1565185463,0.1697861861,0.1003325377,0.6976686985,-0.07175930265,0.01250473068,-0.7127079496,0.1519592726,0.1655613984,0.06290095356,0.7010723275,-0.01971299139,-0.04049538239,-0.7116664343,-0.0722603329,0.3541420559,0.8410788851,0.5615218312,-0.2564416343,-0.2325352402,-0.7515705445,-0.07475085825,0.3252999039,0.7576247588,0.6672129277,-0.2882195802,-0.1917405103,-0.6595392023,0.01221594815,0.4255266511,0.8801160634,0.500863521,-0.3608390389,-0.08179084004,-0.7824584205,-0.1530873099,0.1732879212,0.5213731689,0.6377468776,0.1947392065,0.2742561473,-0.6929207222,-0.1472423122,0.4496063823,0.1782505668,0.690204263,-0.0176923479,0.07453582727,-0.7195480989,-0.1521620159,0.4516456282,0.140681999,0.6894919359,-0.03599741928,0.09359938996,-0.7173173707,0.09643124319,0.2769708502,0.9272755301,0.5478306158,0.3768318266,0.397246397,-0.6325145776,0.2385180986,0.05444233421,1.017353247,0.6475388926,-0.03253045036,0.06257705172,-0.7587616655,0.3147566106,0.07987771769,0.9939824664,0.6343108682,0.1342183673,-0.1336269453,-0.7495191738,0.34935874,0.03979645113,0.9151593228,0.4855212573,0.1667181775,-0.09785322599,-0.852583664,0.3907233628,0.0463977452,0.7716070746,0.4383111226,-0.0243321422,-0.2000984837,-0.8759291658,0.4405091483,-0.01983181925,0.6681496684,0.6751485512,-0.1318866322,-0.1336196527,-0.7133905932,0.4653460062,-0.09886562761,0.5546265679,0.6751485512,-0.1318866322,-0.1336196527,-0.7133905932,0.4505474874,-0.09847740026,0.5534536774,0.6751485512,-0.1318866322,-0.1336196527,-0.7133905932,-0.06250027035,0.07996787482,1.044545354,0.692886055,0.05438528057,0.08285508103,-0.7142031865,-0.1356132792,0.1205084497,1.040494114,0.690976588,-0.0748344758,0.2136489099,-0.6865167874,-0.1796676764,0.1008314262,0.958708247,0.7596858632,-0.04587748691,0.2258719197,-0.6080744373,-0.2226537508,0.1339752815,0.8193685924,0.7951071328,-0.1489631066,0.08970175254,-0.581006227,-0.2994050531,0.1086698689,0.7143373988,0.6533738048,-0.134902053,0.0126616784,-0.744811244,-0.3586642425,0.06214895713,0.5957036383,0.6533738048,-0.134902053,0.0126616784,-0.744811244,-0.3445295333,0.05982097812,0.5917904478,0.6533738048,-0.134902053,0.0126616784,-0.744811244,0.05230254267,-0.02895413497,1.077316537,0.6319062167,0.2004968798,0.2421107533,-0.708433425,0.08575622693,-0.09130753861,1.15480953,0.6890642409,0.2200853354,0.2244528031,-0.65297309
-1.935897238,-0.2325112301,-0.2098190548,1.011480533,-0.2716465186,0.1325200747,-1.775872266,0.4332225629,0.3094597754,1.185221949,-0.4842183676,-0.03825294759,0.07963766053,-0.9746515562,0.4664601595,-0.2629136322,-0.5117736918,0.496423143,-0.7580758808,-0.3612315885,0.1608216952,-0.5178284138,-0.553696424,-0.523,0.1755544098,2,0,0,0,0.1019324715,0.5265924291,0.8423685609,0.5324942089,0.3453093757,0.3918560183,-0.6660782337,0.2372177576,0.2976357976,0.8281533633,0.7215330059,-0.3366060543,-0.2107581306,-0.567157382,0.222141129,0.2600578061,0.749646972,0.6581749173,-0.3126854079,-0.2448478325,-0.6395960857,0.1834135185,0.3913742823,0.8736956967,0.7557068584,-0.2506404966,-0.2751223045,-0.5388823648,0.2383649622,0.07796984555,0.5224030103,0.6943998048,0.03631340512,0.1046594185,-0.7110110082,0.1565554989,0.1686033459,0.09906867871,0.7021760332,-0.06029621511,0.009669601814,-0.709379788,0.152788535,0.164807636,0.06150324425,0.7046274896,-0.01367172856,-0.03732076191,-0.7084633692,-0.08198011336,0.3439289077,0.862806172,0.5616675339,-0.2449094624,-0.2494150074,-0.749894053,-0.08105109746,0.3139808268,0.7797103657,0.6705259881,-0.2804217265,-0.2086915091,-0.6543748227,0.003040714941,0.4145280774,0.9020887354,0.4959058609,-0.3599005981,-0.08241828802,-0.7859746576,-0.1489044493,0.1573696886,0.5432194984,0.672751581,0.132881439,0.2014014822,-0.6994178125,-0.1453053285,0.3612362506,0.1526498539,0.701416587,-0.03868011911,0.03423475089,-0.7108773464,-0.1492270801,0.3599171171,0.1149319663,0.700548525,-0.05208785233,0.04782423714,-0.710092573,0.08676561324,0.2682587032,0.9566824052,0.5585875674,0.3606347864,0.3777992256,-0.644352563,0.2285567373,0.05135712612,1.059980968,0.6457033793,0.003709045935,0.08663807308,-0.7586482935,0.3055276393,0.07790606824,1.040587754,0.6273636763,0.1528444593,-0.09104747562,-0.7581317472,0.3377982696,0.04508418129,0.9575321497,0.5236835736,0.1705345504,-0.06439907793,-0.8321816151,0.374195481,0.06179640487,0.8134564694,0.4753148147,-0.04394183602,-0.1914230952,-0.8576142143,0.4226548986,-0.001650263684,0.7076518398,0.6602989717,-0.1283706034,-0.1375934842,-0.7270449018,0.4465304339,-0.08173576934,0.5946607901,0.6602989717,-0.1283706034,-0.1375934842,-0.7270449018,0.431780419,-0.08079292138,0.5932218148,0.6602989717,-0.1283706034,-0.1375934842,-0.7270449018,-0.07244278815,0.07880617547,1.085453655,0.6774068169,0.1085890262,0.1342547021,-0.7150553145,-0.1444390808,0.1214464097,1.087404831,0.6858940484,-0.01486359727,0.2605200523,-0.6793068012,-0.1876814509,0.1155258883,1.003072464,0.736606775,0.00995816999,0.2648081623,-0.6222442696,-0.2273207444,0.1688619767,0.869110361,0.7910706922,-0.1444324811,0.06768783699,-0.5905630999,-0.2999290092,0.142348069,0.7614640395,0.6135975214,-0.1214176665,-0.0233616844,-0.7798782365,-0.3545930679,0.09557381201,0.6407419395,0.6135975214,-0.1214176665,-0.0233616844,-0.7798782365,-0.3405036547,0.09173458922,0.6380453949,0.6135975214,-0.1214176665,-0.0233616844,-0.7798782365,0.04221985144,-0.0280903349,1.124737947,0.6372697929,0.1817900135,0.220543729,-0.7156815393,0.07556937688,-0.08573334802,1.205838824,0.6975562245,0.2004239941,0.2037581115,-0.657060247
-1.810092826,-0.2328798091,-0.1854348615,0.9695915597,-0.2630400734,0.1053865831,-1.721346741,0.3522310898,0.2686525484,1.058420889,-0.4168254993,0.03256243032,0.02637270709,-0.8931764325,0.4183938563,-0.2388743498,-0.4345809242,0.4741782659,-0.6421763949,-0.3176911825,0.1475131575,-0.4807896883,-0.5527221021,-0.523,0.175038257,2,0,0,0,0.08918328338,0.5102932994,0.8446535447,0.5635751248,0.3312678252,0.3582185637,-0.6665764527,0.2276696911,0.2885179418,0.8424802223,0.724190427,-0.3151145307,-0.2087019059,-0.5767968208,0.2146040292,0.254098538,0.7621854106,0.667677367,-0.294438464,-0.2369802606,-0.6413682878,0.172880556,0.3805849265,0.8902057373,0.7558956425,-0.228846498,-0.2742991899,-0.5486447051,0.2354601627,0.08170704647,0.527866714,0.7011803587,0.03838501511,0.1014830769,-0.7046799843,0.1559698119,0.1705653134,0.1037150095,0.7084333672,-0.05435907012,0.008653003,-0.7036280134,0.1526141283,0.1670010032,0.06608796628,0.7103131158,-0.0169712078,-0.0284183279,-0.7031071428,-0.08960106687,0.3262710022,0.867357056,0.5512665794,-0.2498498157,-0.2505015965,-0.7555985563,-0.08924980249,0.2955254298,0.7845485417,0.6474924378,-0.2811469607,-0.2147844657,-0.6749648604,-0.009089055845,0.400485996,0.9093791282,0.4989641023,-0.3425705716,-0.1142409574,-0.7878002486,-0.1589341277,0.1395346713,0.5481801125,0.6673536799,0.09806959694,0.1414845912,-0.7245712736,-0.1384042558,0.2866086809,0.1333705947,0.6821867092,-0.05397162958,0.0003426239683,-0.7291832688,-0.141477536,0.2827330413,0.09575020578,0.6829749798,-0.04285813849,-0.01152888664,-0.7290922038,0.07616381903,0.2617188424,0.9790977168,0.5723155864,0.3359624849,0.3538193325,-0.659087216,0.2190886594,0.05404539181,1.0985374,0.6456764347,0.007021102831,0.08437390612,-0.7589029515,0.2962365545,0.08053554275,1.079777416,0.6301412986,0.1409584973,-0.07507033099,-0.7598796558,0.3253826752,0.04859517901,0.9952361833,0.5359810765,0.1553497902,-0.05241456637,-0.8281566528,0.3558149245,0.0661066504,0.8498777173,0.4993417831,-0.02557623667,-0.1640410864,-0.8503494351,0.4069016767,0.01216526486,0.7401103031,0.6758753037,-0.1017061255,-0.1185606891,-0.7202720326,0.4342416507,-0.05954141005,0.6223759185,0.6758753037,-0.1017061255,-0.1185606891,-0.7202720326,0.4194776548,-0.05900558073,0.6208726348,0.6758753037,-0.1017061255,-0.1185606891,-0.7202720326,-0.08185082985,0.08271929276,1.123361856,0.6710534205,0.1204102514,0.1471924669,-0.7166052302,-0.1533428309,0.1260886162,1.127030423,0.6816515282,0.01274817074,0.2586908889,-0.6843008857,-0.1934569988,0.1240753995,1.040985645,0.72873222,0.03533289391,0.260641909,-0.6322710918,-0.2265043495,0.182416823,0.9073218583,0.7804360541,-0.1113961022,0.0794884333,-0.6100754567,-0.2975276522,0.1662012081,0.7966176477,0.5968134685,-0.09381929456,-0.004019954999,-0.7968660262,-0.3513223708,0.1296220186,0.6720467561,0.5968134685,-0.09381929456,-0.004019954999,-0.7968660262,-0.3373762591,0.125236464,0.6694399519,0.5968134685,-0.09381929456,-0.004019954999,-0.7968660262,0.03330986426,-0.02044688031,1.170397968,0.644331586,0.154147142,0.1938299713,-0.7235367359,0.06723724901,-0.07138559397,1.255641384,0.7051079973,0.1704993486,0.1796145074,-0.6644481267
-1.678016513,-0.1793379144,-0.1815375557,0.8736785985,-0.247926083,0.09383566504,-1.581597977,0.3405836382,0.2992197674,0.8310737907,-0.2962042332,0.04781952511,0.04012121861,-0.7459387586,0.3758804072,-0.1626862116,-0.4947026917,0.3625176983,-0.4820537305,-0.2884363786,0.08758816422,-0.557829722,-0.496709963,-0.523,0.1801466119,2,0,0,0,0.07936070563,0.4883745748,0.8571294306,0.5714952274,0.3133886604,0.3359001864,-0.6799645707,0.2127985948,0.2704554701,0.8565497582,0.7319498765,-0.2812319437,-0.194599496,-0.5893123181,0.2015140784,0.2422474472,0.7736062184,0.6755189521,-0.2624348945,-0.2192904379,-0.6532333238,0.1623150701,0.3613386816,0.9108411883,0.7541932129,-0.2145568119,-0.2465899145,-0.5695185565,0.2271785494,0.08802615707,0.5274026749,0.7048601627,0.03857791945,0.08709937945,-0.7029207589,0.1562199548,0.1679090309,0.09996521717,0.7102208315,-0.04863131014,-0.0007219827468,-0.7022968353,0.1536831066,0.1641460469,0.06229342865,0.7117201151,-0.01526799615,-0.03365934607,-0.7014901386,-0.09799234412,0.3125459622,0.8786039697,0.5523798407,-0.2178714771,-0.2324532664,-0.7703077372,-0.0948984372,0.2876934174,0.7938959865,0.6610255775,-0.2500854142,-0.1973823376,-0.6793693283,-0.01948212706,0.3836331161,0.9289891476,0.5074671928,-0.3083318297,-0.09854689526,-0.7985593531,-0.1583063791,0.1483835064,0.5456395912,0.684451652,0.04544554666,0.08625854941,-0.7225095854,-0.1402716211,0.2310426214,0.113249265,0.6896873234,-0.06166639776,-0.01568430067,-0.7213062138,-0.1428706314,0.2258586846,0.07575084848,0.6909644821,-0.04516008297,-0.03292443485,-0.7207250745,0.06501980895,0.2491110929,1.007400277,0.5850198271,0.3200635148,0.329546255,-0.6683639833,0.2069467936,0.04987189737,1.14149757,0.6449617807,0.04567311622,0.1037588041,-0.7557594713,0.2847334172,0.07741757722,1.12749973,0.6250713818,0.1653707947,-0.03927116831,-0.7618372814,0.3133094916,0.05305037926,1.040284187,0.5614892332,0.1724325478,-0.02210748085,-0.8090167592,0.3419163376,0.08123381868,0.8962383643,0.5248391161,-0.0299987034,-0.1555375685,-0.8363324966,0.3931208964,0.03087800867,0.7848345937,0.6599268919,-0.08781242977,-0.1216963226,-0.7361898393,0.4212501673,-0.04021015701,0.6669112138,0.6599268919,-0.08781242977,-0.1216963226,-0.7361898393,0.4065745814,-0.03905153343,0.6649599778,0.6599268919,-0.08781242977,-0.1216963226,-0.7361898393,-0.09423899508,0.07968890109,1.161524786,0.6593129712,0.1580956708,0.1746986748,-0.7139975755,-0.1650257499,0.123837482,1.168277634,0.675189676,0.06169875611,0.2754999126,-0.6814777788,-0.2015210203,0.130904077,1.080898794,0.7034387443,0.07580326751,0.2746549412,-0.6511470348,-0.2273222472,0.2006454226,0.951159446,0.7644938454,-0.100530051,0.06937879141,-0.6329529622,-0.2956014342,0.1879504472,0.8382901935,0.5960673462,-0.08423982144,-0.003605903849,-0.7984950649,-0.3476197657,0.1530352723,0.7124933746,0.5960673462,-0.08423982144,-0.003605903849,-0.7984950649,-0.3336492886,0.1486362192,0.7100445687,0.5960673462,-0.08423982144,-0.003605903849,-0.7984950649,0.02054215561,-0.02002889083,1.21629056,0.6503286091,0.1363903635,0.1670976736,-0.7283877652,0.053687046,-0.06524958148,1.304996621,0.7132118835,0.1508681524,0.1541517576,-0.6669369127
-1.556595971,-0.1783574655,-0.1732705697,0.849537123,-0.2502277138,0.06833957704,-1.49492964,0.2632190867,0.2592048404,0.7871478013,-0.2757047454,0.07305418898,0.005729308552,-0.6776855035,0.3609656819,-0.180336784,-0.3921673153,0.3508457403,-0.4270377366,-0.2490412429,0.08132177876,-0.4465943154,-0.4818895272,-0.523,0.1612459502,2,0,0,0,0.06604575322,0.4669800682,0.8558740076,0.5995825163,0.292723915,0.3032509961,-0.6803325283,0.2027631548,0.2587335685,0.8662010335,0.7356169404,-0.2643750429,-0.1917544733,-0.593467586,0.1929514441,0.2331386499,0.7822290493,0.6815070769,-0.2467915774,-0.2139108662,-0.6548924818,0.1511677134,0.347742109,0.9225152761,0.7562391478,-0.1978100042,-0.2438470464,-0.5740315075,0.2228962758,0.08714482879,0.5315336813,0.7090991516,0.04502745859,0.08595433569,-0.6984001528,0.1560661547,0.1696573581,0.1039303682,0.7142824977,-0.04247624963,-0.003204382329,-0.6985599571,0.154015545,0.1660813681,0.06621078983,0.7153166713,-0.01804932226,-0.02706751317,-0.6980427146,-0.1045347722,0.2914295567,0.8795984802,0.5521261742,-0.2147871177,-0.2232967094,-0.7740553994,-0.1019182336,0.2681831881,0.794419705,0.6475345363,-0.2418446205,-0.193664932,-0.6962069362,-0.03166774061,0.3656101328,0.9338528958,0.519164864,-0.2853851121,-0.1197863895,-0.7966645484,-0.1656533998,0.1353276171,0.5427328319,0.6722957528,0.0436352064,0.06946583566,-0.7357233768,-0.1374096379,0.2050337351,0.1086101269,0.675463681,-0.05787903907,-0.02357747291,-0.734740046,-0.1395168992,0.199657991,0.0711078587,0.6771268026,-0.03317319187,-0.05039369729,-0.7333889199,0.05450448596,0.2410751901,1.025779239,0.601528971,0.293591422,0.3024112001,-0.6786121426,0.1982906009,0.05533239797,1.176267705,0.6494321632,0.04399490006,0.09374088779,-0.753335888,0.2759773702,0.08336500396,1.162688246,0.6309862378,0.1598563527,-0.04300898441,-0.757926475,0.304604722,0.05805437207,1.075758678,0.5606260207,0.1679494014,-0.02441431792,-0.8104908418,0.3325824688,0.08491116196,0.9313363263,0.5338484222,0.007567649053,-0.1305539556,-0.835406642,0.388766045,0.04512724023,0.8180708863,0.6663294336,-0.04507907943,-0.1047833632,-0.736880865,0.4226527238,-0.01554042439,0.6959159266,0.6663294336,-0.04507907943,-0.1047833632,-0.736880865,0.4080449709,-0.01443432345,0.6934843334,0.6663294336,-0.04507907943,-0.1047833632,-0.736880865,-0.1032035329,0.08366877265,1.193627416,0.6632760534,0.1487287376,0.1635009907,-0.7149909549,-0.1741850554,0.127707839,1.19888545,0.6766124914,0.06519890239,0.2510362742,-0.6891483357,-0.2072835635,0.1323287912,1.110003287,0.70326562,0.07732633858,0.2501517123,-0.66095554,-0.227246176,0.1978803059,0.9770884644,0.7515234736,-0.06662434295,0.08737992385,-0.6504909027,-0.293937522,0.1965874093,0.8625752743,0.583557433,-0.05702511411,0.02326103617,-0.8097331554,-0.3453522358,0.1729601379,0.7339358746,0.583557433,-0.05702511411,0.02326103617,-0.8097331554,-0.3315202982,0.1682216357,0.7313384431,0.583557433,-0.05702511411,0.02326103617,-0.8097331554,0.01251957524,-0.009892375629,1.256652128,0.6592612744,0.1081687803,0.1366170154,-0.7314436944,0.0460215342,-0.04711720481,1.348870298,0.716027116,0.1188199603,0.127461802,-0.6759737238
-1.410742224,-0.1230835378,-0.1567453703,0.7529935363,-0.2322659709,0.05616134363,-1.345660118,0.2398291215,0.2820935285,0.6700212048,-0.2183955982,0.05025692544,0.02218853592,-0.5639194173,0.351666552,-0.1569045408,-0.4056295952,0.307078355,-0.3268693875,-0.2197907029,0.05218481381,-0.4884533226,-0.409306212,-0.523,0.1564783301,2,2,0,0,0.05594430245,0.4416437852,0.8642705453,0.6094830511,0.2674206053,0.2777813765,-0.6927150476,0.1887216952,0.2408986026,0.8768190463,0.7415132804,-0.2296187619,-0.178197125,-0.6047140347,0.1809580403,0.221678201,0.7909530723,0.6918925949,-0.2149624371,-0.1956275589,-0.660912737,0.1413210015,0.327888362,0.9396032781,0.7542317503,-0.1835788326,-0.2150514649,-0.5926096072,0.2161771828,0.09519979176,0.5305267291,0.7153566807,0.04308828282,0.07245911981,-0.6936554586,0.1559111641,0.167625716,0.1001296236,0.7189341301,-0.03757727979,-0.01091884718,-0.6939758233,0.154568956,0.163897623,0.06239291603,0.7197057569,-0.01737696514,-0.03039928898,-0.6933956647,-0.110922741,0.2751342342,0.8888557666,0.558539045,-0.1871849117,-0.2015728831,-0.7825371025,-0.1065569975,0.2579706022,0.802316679,0.6630011309,-0.2136630778,-0.1732567678,-0.6962468542,-0.04144018094,0.3467975088,0.9504386596,0.5321356572,-0.2526572744,-0.1065124952,-0.8010312306,-0.1657359733,0.1423088625,0.5412050802,0.6831060108,0.0271266032,0.05435609631,-0.7277882523,-0.139933583,0.1934736211,0.1043577613,0.6849611007,-0.05234999543,-0.02041317398,-0.7264097128,-0.1418197676,0.1885292459,0.06678443616,0.6860601928,-0.03512326022,-0.03865836792,-0.7256674852,0.04511343602,0.2297384994,1.05138774,0.6171305518,0.2704858658,0.2747975066,-0.6859107878,0.1896072673,0.0579326912,1.21699543,0.653668573,0.06344092543,0.09882565662,-0.747613627,0.2672817428,0.08719930622,1.206243504,0.6324920998,0.1768080826,-0.0334771492,-0.7533736962,0.2975115011,0.06530471599,1.118929749,0.5718421,0.1831026282,-0.0160087923,-0.7995084482,0.3271220019,0.09692649005,0.9758034452,0.5453908849,0.01894957977,-0.127933513,-0.8281441374,0.3859577293,0.06050756861,0.8627528641,0.6615713579,-0.02722041141,-0.107660135,-0.7416142413,0.4231481326,0.001968019779,0.7405207004,0.6615713579,-0.02722041141,-0.107660135,-0.7416142413,0.4086352466,0.003263147496,0.7376534137,0.6615713579,-0.02722041141,-0.107660135,-0.7416142413,-0.1122721716,0.08440416312,1.230075488,0.6624250345,0.1592235316,0.1675173621,-0.7125860468,-0.1832962576,0.1283510955,1.235526099,0.6758917357,0.08561203704,0.2446591917,-0.6899150822,-0.2130743264,0.1350424833,1.145607274,0.6931587414,0.09323649523,0.2436088122,-0.6719320366,-0.2274047312,0.20254355,1.012941895,0.7429609565,-0.06738011403,0.06758671239,-0.6624960178,-0.2908202763,0.1994913851,0.8966154974,0.6002694993,-0.05606747873,0.01316124801,-0.7977215978,-0.3395165103,0.1721060368,0.7676638189,0.6002694993,-0.05606747873,0.01316124801,-0.7977215978,-0.325464726,0.16792422,0.7653011256,0.6002694993,-0.05606747873,0.01316124801,-0.7977215978,0.003898772408,-0.002691788321,1.301042012,0.6671934885,0.08396181986,0.1059086229,-0.7325207337,0.0370825546,-0.03218739784,1.396126741,0.7224058193,0.09198272137,0.09902223267,-0.6781324418
-1.270320239,-0.09228873913,-0.1426941989,0.6958241411,-0.2255368293,0.03813132425,-1.220217867,0.1927492556,0.2671569009,0.6195894287,-0.2008969795,0.04255320574,0.01648261831,-0.4723377627,0.3357835211,-0.1315042575,-0.3662347016,0.2691850067,-0.2407877513,-0.1942372168,0.03206517936,-0.4976905174,-0.3535965328,-0.5229990009,0.1402064196,2,2,0,0,0.04512194464,0.4154854562,0.8658225474,0.6273886715,0.2390356805,0.2467575068,-0.6988248215,0.1774089776,0.2256027281,0.8845506342,0.7451059434,-0.2047677513,-0.1695880974,-0.6116593647,0.1712861196,0.210829997,0.7976775044,0.6996071943,-0.1921574404,-0.1837538376,-0.6632192842,0.1318926869,0.3104533714,0.9515173379,0.7537583319,-0.1701795401,-0.1976221976,-0.6031855172,0.2108771663,0.09831309471,0.5315355273,0.7203396029,0.04547050555,0.06577655823,-0.6889969042,0.1557440367,0.1675877285,0.09993323455,0.7231660848,-0.0323508239,-0.01570072767,-0.689737432,0.1549658903,0.1638880966,0.06217788381,0.7236514061,-0.01855813938,-0.02884737831,-0.6893127496,-0.1157555148,0.2551045987,0.8935144889,0.5664786073,-0.1737317043,-0.1858188484,-0.7838307457,-0.1111650333,0.2417397331,0.8063194689,0.665824023,-0.1969316868,-0.1610256509,-0.7014036077,-0.05121307793,0.3272003278,0.9597895481,0.5471324752,-0.2274352044,-0.1095320553,-0.7980739384,-0.1684106754,0.1373465722,0.5400788622,0.683219036,0.02627511387,0.04962498162,-0.7280513227,-0.1403084974,0.1849688566,0.1029729693,0.6847515037,-0.04686606734,-0.01913813321,-0.7270162872,-0.1419630542,0.1803785772,0.06534384397,0.6855935936,-0.03228737315,-0.03460107128,-0.7264445718,0.03663668568,0.2212144374,1.07129949,0.633126532,0.2410611448,0.2447791824,-0.6936306444,0.18292102,0.06686745677,1.251852843,0.6596248308,0.06800376009,0.09484646336,-0.7424787671,0.2603131412,0.09723884927,1.242183257,0.6389863042,0.1772736072,-0.03055841413,-0.7478881966,0.2907959522,0.0760871863,1.154774397,0.5887350208,0.1824065865,-0.01587270418,-0.7873163086,0.3194870399,0.1078790855,1.011498602,0.5657585815,0.03656354994,-0.1201642631,-0.8149483935,0.3818906906,0.07782905701,0.8984888908,0.667068017,-0.003533792044,-0.1054858022,-0.7374825548,0.4239069726,0.02419220189,0.7755725512,0.667068017,-0.003533792044,-0.1054858022,-0.7374825548,0.4094662544,0.02532229521,0.7722997698,0.667068017,-0.003533792044,-0.1054858022,-0.7374825548,-0.119284409,0.09066833799,1.262265294,0.6645288151,0.1586350045,0.1648897764,-0.7113703332,-0.1905018919,0.1343579226,1.267240547,0.6767795551,0.0934507603,0.2330915077,-0.6920294345,-0.2178355261,0.1406702459,1.176521584,0.687491554,0.09795931494,0.2323429396,-0.6810110823,-0.2281884921,0.2068821583,1.042840411,0.7353828864,-0.06826038005,0.05457575108,-0.6719925732,-0.2895304721,0.2027827233,0.9254392442,0.6120958119,-0.05679962917,0.007425120709,-0.7887061472,-0.3367094317,0.1728500986,0.7964896431,0.6120958119,-0.05679962917,0.007425120709,-0.7887061472,-0.3225253079,0.169077309,0.7942314933,0.6120958119,-0.05679962917,0.007425120709,-0.7887061472,-0.002184973404,0.01178234182,1.340893294,0.6748849886,0.05354199565,0.07277572233,-0.732370945,0.03118178624,-0.008593986233,1.43827771,0.7245268317,0.05850811851,0.06884657673,-0.6832992164
-1.123924123,-0.06406517978,-0.1274936508,0.640909927,-0.2198257878,0.02216219183,-1.088547698,0.1439664827,0.2428532474,0.5750215244,-0.1912591501,0.03751713752,0.009869603277,-0.3857324064,0.3172187396,-0.1077150477,-0.3258911136,0.2328437229,-0.1623465761,-0.1765485091,0.01611092048,-0.4966727896,-0.3024942865,-0.4498750597,0.1230337254,2,2,0,0,0.03538402624,0.3873631042,0.8660437267,0.645125086,0.2077081717,0.2133346198,-0.7036755495,0.1671698802,0.2101840779,0.8908294431,0.7473441153,-0.1810175637,-0.1604216511,-0.618849181,0.1625348475,0.1997910437,0.8032328394,0.7064031964,-0.1704304452,-0.1716272934,-0.6652007665,0.1235556705,0.2927264845,0.9618256093,0.752758198,-0.156989428,-0.1801593069,-0.6133938694,0.2058543475,0.1010567889,0.5322457104,0.7245040883,0.04778296733,0.05962574733,-0.685022178,0.1556004021,0.1676120853,0.09962103534,0.7266726326,-0.02764663298,-0.02020615506,-0.6861299148,0.1553391083,0.1639335188,0.06185651268,0.7269343675,-0.01959277128,-0.0278078303,-0.6858638883,-0.1190258934,0.2342212137,0.8971603741,0.5774304569,-0.1617303083,-0.1690119831,-0.7822098979,-0.1146589453,0.2247097166,0.8094499138,0.6679266168,-0.1810116218,-0.1481773796,-0.7065071064,-0.05986352998,0.3068258969,0.9677597969,0.5643032792,-0.2028409089,-0.1123169063,-0.792339755,-0.1705170341,0.131727394,0.5387227119,0.6825281121,0.02675984066,0.04730620931,-0.7288356534,-0.1406637192,0.1780800406,0.1015964284,0.6839266054,-0.04295448615,-0.01808037038,-0.7280607192,-0.1421653137,0.1737520077,0.06392982987,0.6846119949,-0.03011819702,-0.03173376548,-0.7275934845,0.02926302887,0.2137571979,1.089331714,0.648589716,0.2087584023,0.2123070277,-0.70048343,0.1773084708,0.07948830217,1.283949341,0.6663587466,0.06779312086,0.08766311486,-0.7373501827,0.2543157695,0.1109792808,1.27480292,0.6472869356,0.172190329,-0.02989815392,-0.7419408427,0.2846235042,0.08966307143,1.187373156,0.6066258953,0.1764015802,-0.01811798776,-0.7749575757,0.3116039862,0.1200993186,1.04347199,0.5866702234,0.0488789579,-0.1139902778,-0.8002718994,0.3765153225,0.09563559988,0.9305274926,0.6735265257,0.01441554594,-0.1033845303,-0.7317553212,0.4223535783,0.0461054874,0.8072541014,0.6735265257,0.01441554594,-0.1033845303,-0.7317553212,0.4079675999,0.04702226064,0.8036867913,0.6735265257,0.01441554594,-0.1033845303,-0.7317553212,-0.1251908817,0.1002700331,1.29202918,0.6681685125,0.1528364507,0.1578294668,-0.7108317084,-0.1966619175,0.1436463411,1.296010357,0.6790409119,0.09333585442,0.2198816136,-0.6941497924,-0.2223108631,0.1482089379,1.204696516,0.6844695682,0.09549930731,0.2195156325,-0.6886175859,-0.2300998731,0.2113644839,1.069372588,0.7293902575,-0.07239607059,0.04329682205,-0.6788770481,-0.2901900733,0.205563164,0.9513972073,0.6242727615,-0.06127593478,0.002370212628,-0.7787959689,-0.3365971571,0.1725988892,0.822907694,0.6242727615,-0.06127593478,0.002370212628,-0.7787959689,-0.322303304,0.1692547101,0.8206660916,0.6242727615,-0.06127593478,0.002370212628,-0.7787959689,-0.007178559997,0.03087451306,1.377906967,0.6796045915,0.04725971639,0.06229360261,-0.7293994965,0.02581054893,0.01318983587,1.475943852,0.7231611482,0.05100001201,0.05927033402,-0.6862390108
-0.9763842107,-0.03683553442,-0.1095510698,0.5872336325,-0.2140028247,0.007666256462,-0.952749529,0.09874741952,0.2115647765,0.5313455126,-0.1839627272,0.033966474,0.004397960852,-0.2990053275,0.2982168589,-0.08263312602,-0.2974933446,0.1955797178,-0.08839022293,-0.1654444099,0.0008849486873,-0.493355703,-0.2491541981,-0.3740796441,0.105192437,2,2,0,0,0.02689941616,0.3580890682,0.8659410644,0.6609683478,0.1749257919,0.179315703,-0.7073667289,0.1578665395,0.1947547126,0.8958373455,0.7480808726,-0.158016015,-0.1508020695,-0.6266296218,0.1546401359,0.1886980253,0.8077716285,0.7126520862,-0.1495228878,-0.1592269801,-0.6666458422,0.1163198494,0.2748726081,0.9707432808,0.750864134,-0.1442120147,-0.1623169592,-0.6237460636,0.2011679756,0.1036684565,0.5327003853,0.7282358389,0.04981425322,0.05384041293,-0.681389986,0.1554676219,0.1676392393,0.09918176684,0.7298209321,-0.023241287,-0.02424116649,-0.6828130165,0.1556793287,0.1639946324,0.06141364115,0.7299046572,-0.02044362589,-0.02685829185,-0.6827150809,-0.1211016658,0.2135243991,0.9002214888,0.5909816821,-0.1501655735,-0.1512367136,-0.7780221131,-0.1172886647,0.2079920214,0.8121447184,0.6698258801,-0.1652945478,-0.1345360749,-0.711274242,-0.06733636604,0.28627183,0.9748740682,0.5828502723,-0.1791496809,-0.1126541788,-0.784538073,-0.1720877405,0.1267871171,0.5374414584,0.6816493509,0.02725571709,0.04605244329,-0.7297194398,-0.1411075676,0.1725416612,0.1003305725,0.6829978079,-0.03988548384,-0.01675289696,-0.7291381783,-0.1425163521,0.16844723,0.06263428285,0.6835766636,-0.02828077584,-0.02913301222,-0.7287485233,0.02291294477,0.2071643107,1.10518953,0.6625222341,0.1753196804,0.1789306114,-0.7059115634,0.1725134283,0.09453809826,1.311966321,0.6732648506,0.06642237062,0.08066652605,-0.7319804787,0.2490702639,0.1271971327,1.303140155,0.6559267739,0.1657032219,-0.02896902445,-0.7358419023,0.279012476,0.1055969128,1.21565417,0.6251365257,0.168928376,-0.02018041254,-0.7617481729,0.3039633401,0.1343877041,1.071049876,0.6071791417,0.05467559976,-0.1105750083,-0.7849313577,0.3702851676,0.1141332208,0.95809154,0.6793080779,0.02572114841,-0.1027960201,-0.7261624722,0.4188224795,0.06728981177,0.8348011061,0.6793080779,0.02572114841,-0.1027960201,-0.7261624722,0.4044755793,0.0679970958,0.8310343098,0.6793080779,0.02572114841,-0.1027960201,-0.7261624722,-0.1302315762,0.1121598532,1.318127358,0.6722563558,0.1446952594,0.1489582661,-0.7105956016,-0.2019667876,0.1551911787,1.320925089,0.6819134188,0.08865334323,0.2071639161,-0.6958575902,-0.226548214,0.157404276,1.229231256,0.6822139094,0.08876677856,0.2071463421,-0.6955537605,-0.2328735519,0.2167117362,1.092101856,0.7241581938,-0.07971208335,0.0331668721,-0.684208194,-0.2924428709,0.2086475993,0.9739953625,0.6381888715,-0.06956662144,-0.001417023779,-0.7667290535,-0.3387841307,0.1721007207,0.8464546663,0.6381888715,-0.06956662144,-0.001417023779,-0.7667290535,-0.3243969947,0.1692576133,0.8441202263,0.6381888715,-0.06956662144,-0.001417023779,-0.7667290535,-0.0114082651,0.05303497736,1.410338584,0.6842395313,0.04099685048,0.05261309947,-0.7262006499,0.02127887142,0.03793982702,1.508908091,0.7214711223,0.04370613187,0.05038505754,-0.6892245931
-0.8309619896,-0.0137462405,-0.09157378834,0.5359216409,-0.2090542549,-0.004612231289,-0.8163647758,0.05756596373,0.1732485711,0.4901727003,-0.1806199795,0.03203936793,-0.001649424405,-0.214992113,0.2799918005,-0.0576733406,-0.2785258297,0.1611468929,-0.01983021053,-0.160363097,-0.0132921312,-0.4871989045,-0.1991843702,-0.2989136867,0.08699335797,2,2,0,0,0.01972020092,0.3284517455,0.8657866788,0.6752528192,0.1418508303,0.1454035222,-0.7090626121,0.1498499776,0.1798920368,0.8997597225,0.7476457026,-0.1366164645,-0.1406936516,-0.6344817897,0.147849698,0.1779972311,0.8114700161,0.7178213414,-0.1300336107,-0.1467992577,-0.6680372444,0.110248314,0.2574411561,0.9783329121,0.7485670173,-0.1314746193,-0.1450511638,-0.6334998066,0.1969071575,0.1061473603,0.5330997268,0.7310717024,0.05148019358,0.04849398086,-0.6786252939,0.1553721827,0.1677029245,0.09881303074,0.7321412329,-0.01960643658,-0.02804844568,-0.6802926484,0.1559987868,0.1640648074,0.06104888414,0.7320940714,-0.0212947853,-0.02647953897,-0.6803555223,-0.121997394,0.1933074495,0.9026157864,0.6069377943,-0.1391979888,-0.1331174029,-0.7710578388,-0.1190685672,0.1917466685,0.8143454653,0.6713708914,-0.1501928448,-0.1205754222,-0.7156569032,-0.0735949681,0.265867772,0.9810256617,0.6026804198,-0.1566074003,-0.110871986,-0.7745694523,-0.1731316837,0.1223217585,0.5362871665,0.6805643284,0.02794252087,0.04592930548,-0.730713288,-0.1415694075,0.1682987648,0.09924127234,0.681933148,-0.03807239373,-0.01563611018,-0.7302555625,-0.1429437921,0.1643616574,0.06152695742,0.6824555291,-0.0271436223,-0.02733206685,-0.7299113868,0.01760096268,0.2014399281,1.118566246,0.674667817,0.141730866,0.1455204589,-0.7096192601,0.1684964894,0.1113155729,1.335199001,0.6802301177,0.06377144047,0.07374863655,-0.7264856013,0.2445485035,0.1451592885,1.32647221,0.6646765263,0.1580662048,-0.02834599249,-0.7296688941,0.2740230857,0.1230936362,1.238943591,0.643474158,0.1603198657,-0.02241820093,-0.748155046,0.2968177537,0.1498978549,1.093603321,0.6267151937,0.05540222021,-0.1097041433,-0.7694957186,0.3637847328,0.132581479,0.980537051,0.6853417818,0.0313833814,-0.1038065951,-0.7201013236,0.4142248657,0.08720947442,0.8574603232,0.6853417818,0.0313833814,-0.1038065951,-0.7201013236,0.3999005231,0.08767499979,0.8535720013,0.6853417818,0.0313833814,-0.1038065951,-0.7201013236,-0.1344486179,0.1256608695,1.33983547,0.6766370998,0.1348264414,0.1387328603,-0.7104486324,-0.2064604632,0.1682938859,1.341312923,0.6852622005,0.08019757304,0.1951909893,-0.6970541898,-0.2305189736,0.1677118192,1.249455683,0.6807190376,0.07857065938,0.1953926923,-0.7016195117,-0.2363534123,0.2225803479,1.110469134,0.7197285032,-0.08917521263,0.02450154153,-0.6880685559,-0.296022001,0.2119613877,0.9926150919,0.6516307662,-0.08039247403,-0.00405643463,-0.7542532333,-0.3428506032,0.1716619276,0.8663896926,0.6516307662,-0.08039247403,-0.00405643463,-0.7542532333,-0.3284040485,0.169311703,0.8638804989,0.6516307662,-0.08039247403,-0.00405643463,-0.7542532333,-0.01494037364,0.07726578531,1.437269221,0.6888148374,0.03448780959,0.04343946309,-0.7228123711,0.01752039845,0.06473412583,1.536271826,0.7195933595,0.03634406657,0.04189874448,-0.6921770012
-0.6914057913,0.005932338526,-0.07323617734,0.4879279495,-0.2048859738,-0.01492884854,-0.6821555393,0.0233047965,0.1309115411,0.4504245075,-0.178908287,0.03100630633,-0.007089787375,-0.1344780402,0.2635505983,-0.03301628141,-0.2699374116,0.1283929023,0.04354971867,-0.1601199552,-0.02680029735,-0.480634586,-0.1519832112,-0.2264340964,0.06900301746,2,2,0,0,0.0138849963,0.2993452262,0.8658465903,0.6873485773,0.109498773,0.1126718533,-0.7091311624,0.1430615787,0.1657882057,0.9026879316,0.7461052983,-0.1169922198,-0.1304806261,-0.6423507691,0.1421407727,0.1678042026,0.8143830533,0.7220887326,-0.1121369086,-0.1346762303,-0.6692350028,0.1053169048,0.2407336417,0.9846295266,0.7457549979,-0.1192047765,-0.1285747338,-0.6427349704,0.1931544442,0.1083853208,0.5334452344,0.733237505,0.05283813494,0.04373312236,-0.6765044765,0.1553043767,0.1677728823,0.09852033758,0.7338656837,-0.01662086439,-0.03147988282,-0.6783612033,0.1562875341,0.1641264189,0.06076459625,0.7337211751,-0.02209823531,-0.02641547702,-0.6785772821,-0.1220511133,0.1743093377,0.9044603977,0.6243037355,-0.1284217011,-0.1153098363,-0.7618768629,-0.1202112365,0.1766255506,0.8161772528,0.6728004457,-0.1356889963,-0.1066629642,-0.7194102227,-0.078649911,0.2462026768,0.9863358349,0.6227649656,-0.1356874539,-0.1064245163,-0.763168746,-0.1737085278,0.1187798716,0.5353730977,0.6796292887,0.02839143722,0.04627588586,-0.7315439143,-0.1420072083,0.1651550758,0.09837934181,0.6810459409,-0.03707447587,-0.0146237483,-0.7311552883,-0.1433850407,0.1613271257,0.06065391705,0.6815388469,-0.02651208398,-0.0259567493,-0.7308407191,0.01327168719,0.1964910251,1.129389072,0.6848304693,0.1090986761,0.1130593061,-0.7115632793,0.1651457338,0.1288332946,1.35339424,0.6870205547,0.06058815807,0.06752726979,-0.7209520791,0.2406584604,0.1638533308,1.34462566,0.6731032824,0.1503334253,-0.02778714103,-0.7235742583,0.2696563216,0.1412844027,1.257066133,0.6611306077,0.151624445,-0.02451367623,-0.7343809821,0.2903655256,0.1660234823,1.111049134,0.6447626978,0.05191644088,-0.1115656237,-0.7544129229,0.3574845525,0.1503529192,0.9978330389,0.6907850766,0.03250897948,-0.1069912783,-0.7143612606,0.4092778209,0.1052233016,0.8752300958,0.6907850766,0.03250897948,-0.1069912783,-0.7143612606,0.3949685485,0.1054454845,0.871265514,0.6907850766,0.03250897948,-0.1069912783,-0.7143612606,-0.1379527426,0.1398892004,1.356873171,0.6809718761,0.124318452,0.128085889,-0.7102226633,-0.2102412966,0.1820769983,1.357005391,0.6887329663,0.0694598776,0.1844753064,-0.6977041549,-0.2341977474,0.1785425466,1.265187641,0.6795227331,0.0663196145,0.1847272713,-0.7069132897,-0.2402840907,0.228756023,1.124463015,0.7158791193,-0.1002651417,0.01697025533,-0.6907792689,-0.3005254785,0.2153836135,1.00718202,0.6644817874,-0.09312790877,-0.005635621864,-0.7414576094,-0.3482475835,0.1712371078,0.8825886709,0.6644817874,-0.09312790877,-0.005635621864,-0.7414576094,-0.3337754031,0.1693658399,0.8798360539,0.6644817874,-0.09312790877,-0.005635621864,-0.7414576094,-0.01791316203,0.102257471,1.458322629,0.6932189555,0.02801110615,0.03496652745,-0.7193331631,0.01438267902,0.09218631063,1.557659482,0.7176195644,0.02920059486,0.03397948454,-0.6949927198
-0.5619006926,0.02206230401,-0.05498899315,0.4446566078,-0.201745736,-0.02340888449,-0.5545332204,-0.002809434669,0.08782737778,0.4127320171,-0.1780781659,0.03045823566,-0.01151726443,-0.05927904027,0.2496307198,-0.009207808922,-0.2707548412,0.09687735553,0.100918879,-0.1636272065,-0.03956078613,-0.4748596304,-0.1082047832,-0.1588985872,0.05183337111,2,2,0,0,0.009367151515,0.2718348819,0.86620668,0.6970564051,0.07902160003,0.08217924313,-0.707894432,0.1375117035,0.1527863785,0.9047485323,0.7436796536,-0.09957095464,-0.1205773784,-0.6499902259,0.1375221043,0.1583508267,0.8165912838,0.7255296774,-0.09621852517,-0.1232691145,-0.6701890838,0.1014841274,0.2252089535,0.9896772564,0.7425360461,-0.1077683734,-0.1134000466,-0.6512807592,0.1899637565,0.1102647632,0.533754476,0.7348529872,0.05392723776,0.03974512084,-0.6749098204,0.1552004768,0.1678401243,0.09832851425,0.7351198771,-0.01431158519,-0.0344579993,-0.6769095886,0.1564770268,0.164171812,0.06058367086,0.7349020189,-0.02291457659,-0.02653297077,-0.6772665253,-0.1215650386,0.157134899,0.9058248934,0.6418457445,-0.1178879871,-0.09860798275,-0.7512742032,-0.120903907,0.163086914,0.8176954427,0.6742075917,-0.1221031857,-0.09333768693,-0.7223731803,-0.08254841765,0.2279178677,0.9908153542,0.6420107105,-0.1169862592,-0.09966321301,-0.7511349457,-0.1739436081,0.1162288658,0.5347640559,0.6790275532,0.02850502528,0.04679083778,-0.7320653407,-0.1424397125,0.1629449832,0.09779233496,0.6804983904,-0.03670422688,-0.01377465253,-0.7317000747,-0.1438446759,0.1591841935,0.06006115639,0.6809784307,-0.02633698104,-0.02491577113,-0.7314054585,0.009874951174,0.1922737997,1.137691079,0.6929683661,0.07854705236,0.08263293435,-0.7118967638,0.1624067945,0.1460740747,1.366647914,0.6934129844,0.05728692603,0.06231323089,-0.7155513276,0.2373686891,0.1822250737,1.357743845,0.680886959,0.1431653167,-0.02725160513,-0.7177422874,0.2659411415,0.1591890446,1.27016611,0.6775927646,0.1435251971,-0.02636976213,-0.7208142609,0.2847748716,0.1819480027,1.123574236,0.6608877011,0.04543124982,-0.1159603219,-0.7400788146,0.3518194528,0.1667716339,1.010246761,0.6950921925,0.03048291636,-0.1124441598,-0.7094180338,0.4046617385,0.1208221406,0.8883983162,0.6950921925,0.03048291636,-0.1124441598,-0.7094180338,0.3903672418,0.120822263,0.8843746467,0.6950921925,0.03048291636,-0.1124441598,-0.7094180338,-0.140799467,0.1539401582,1.369314397,0.6850522585,0.1139038309,0.1176848615,-0.7098447674,-0.2133559459,0.1956496139,1.368156172,0.6920693406,0.05753874753,0.1753014141,-0.6978529463,-0.2375303014,0.1892050169,1.276553928,0.6784142751,0.05308219269,0.1754235843,-0.7114512761,-0.2444234624,0.2348214953,1.134309497,0.7125009261,-0.1123658624,0.01045125385,-0.6925367243,-0.3055809312,0.2186171862,1.017862675,0.6763446636,-0.1070266677,-0.006276130859,-0.7287412426,-0.3544694373,0.1706594374,0.8951443628,0.6763446636,-0.1070266677,-0.006276130859,-0.7287412426,-0.3400050545,0.1692364511,0.8920981699,0.6763446636,-0.1070266677,-0.006276130859,-0.7287412426,-0.02038572373,0.1266368017,1.473586626,0.697340666,0.02179906958,0.02737432914,-0.7158850762,0.01179988203,0.1188532933,1.573164554,0.7156577776,0.02250112152,0.02680023995,-0.697573933
-0.4709488054,0.0319848468,-0.05136635495,0.4407701014,-0.2200798378,-0.03044887996,-0.4605745889,-0.01739342797,0.05555701591,0.4088842754,-0.1935491043,0.02809020783,-0.01667463495,-0.01619981615,0.240970618,0.005180347951,-0.2475672127,0.07795420339,0.1330262943,-0.1717101129,-0.04700176409,-0.4491987155,-0.08479596772,-0.1043043791,0.03568072791,2,2,0,0,0.00571035287,0.2505440526,0.8653983846,0.7049979701,0.05262047475,0.05661947869,-0.7049845264,0.133592653,0.1430747744,0.9058491259,0.7424445879,-0.0924231612,-0.1174529989,-0.6530228068,0.1341230384,0.1499752657,0.8177879792,0.7254298768,-0.08937644594,-0.119787723,-0.6718736833,0.09846942884,0.2145886973,0.9919189913,0.7408716397,-0.1042843246,-0.1069950074,-0.6548175789,0.1877576378,0.1060498512,0.5344984736,0.7340703968,0.05966047085,0.04169241266,-0.6751614796,0.1551781577,0.1685203135,0.09957871689,0.7342091062,-0.01484524145,-0.03917388189,-0.6776297028,0.1566838322,0.1645793693,0.06186981608,0.7338980173,-0.02602101171,-0.02885320784,-0.67814755,-0.1213898012,0.1437286054,0.9065588895,0.6562613248,-0.113259801,-0.0907683026,-0.7404420344,-0.1217131801,0.1513585825,0.8185569433,0.6765738703,-0.1157371894,-0.0875875007,-0.7219287574,-0.08558362769,0.2145048034,0.9929565255,0.6572214832,-0.1075482728,-0.09720420152,-0.7396246577,-0.1743305652,0.1092261756,0.5348047145,0.6802659072,0.03323976769,0.05159522992,-0.7303912277,-0.1427512449,0.1619824352,0.09852647813,0.6820682559,-0.03748876838,-0.01437590406,-0.7301854695,-0.1441578317,0.158144781,0.06080310048,0.6825274993,-0.02790566625,-0.02462967978,-0.7299115463,0.007296682888,0.1912302387,1.142008864,0.699095856,0.05214659681,0.05705621939,-0.7108377483,0.1604392051,0.1636443939,1.373542877,0.6990718215,0.04636871131,0.05144391146,-0.7116895776,0.2349112182,0.2005178343,1.363556312,0.6884306041,0.1300568047,-0.03446986095,-0.7127133783,0.2631485872,0.1752284979,1.276493096,0.6902632365,0.1298353269,-0.03493324282,-0.7109564831,0.2805230512,0.1933480459,1.129076451,0.674403629,0.04159473644,-0.118526955,-0.7275994667,0.3476026048,0.1790713215,1.015652807,0.7015294596,0.029398467,-0.1157130898,-0.7025685933,0.4015221429,0.1331115899,0.8942810916,0.7015294596,0.029398467,-0.1157130898,-0.7025685933,0.3872382876,0.1328188453,0.8902303719,0.7015294596,0.029398467,-0.1157130898,-0.7025685933,-0.1428316642,0.1685033206,1.376031463,0.6899810376,0.09882018148,0.1035231363,-0.7095376662,-0.2157101936,0.2095661845,1.373198801,0.6959134359,0.03929058634,0.1639844175,-0.6980471691,-0.2405727645,0.1990750486,1.282156548,0.6796355446,0.03426339281,0.1636908544,-0.7142316505,-0.2491425088,0.2384622059,1.138152838,0.7103017506,-0.1226542318,0.00805570399,-0.6930818626,-0.3116004643,0.2203041096,1.022688708,0.6822057389,-0.1184108751,-0.005473775633,-0.7214875136,-0.361955022,0.1698579069,0.9015713478,0.6822057389,-0.1184108751,-0.005473775633,-0.7214875136,-0.3475282786,0.1686540271,0.898263433,0.6822057389,-0.1184108751,-0.005473775633,-0.7214875136,-0.02207648566,0.1502292117,1.481870417,0.7011196113,0.01502075508,0.02053579028,-0.7125896076,0.01015803323,0.1446865883,1.581582378,0.7137202222,0.01538471129,0.0202645608,-0.699968644
-0.3802708693,0.04252156005,-0.03532252198,0.4179528438,-0.2232444385,-0.03565603243,-0.368776502,-0.02752180332,0.02581616942,0.3872770512,-0.1972115166,0.02776543111,-0.0161072875,0.03005638822,0.2334709366,0.01991138054,-0.2467718807,0.05782574938,0.1674512743,-0.1811659614,-0.05480335027,-0.438415936,-0.05974135528,-0.0542656137,0.02190134668,2,2,0,0,0.003547481712,0.2307815525,0.8659447519,0.7092810455,0.02983905584,0.03424963894,-0.7034607249,0.130320651,0.1337660929,0.9066434962,0.7390656764,-0.08174818975,-0.1113496626,-0.6593181418,0.1315512631,0.1428264477,0.8187853194,0.7273066303,-0.07976896741,-0.112775998,-0.6722674704,0.09656320342,0.2037667212,0.9944856873,0.7371607469,-0.09744164352,-0.09730793541,-0.661536337,0.1859761972,0.1058132176,0.5346603406,0.7348795472,0.06143423933,0.04056366958,-0.6741902358,0.1550989252,0.1686757082,0.0996728956,0.7348245858,-0.01404651896,-0.04154742202,-0.6768377466,0.156782583,0.1646594526,0.06197947065,0.7344574029,-0.02714405743,-0.0294747844,-0.6774708559,-0.1208530626,0.1325077579,0.90733036,0.66854535,-0.1060829408,-0.0804668427,-0.7316547081,-0.1220530089,0.1423892575,0.819560321,0.6779336534,-0.1071127472,-0.0790908496,-0.7229643549,-0.08748298099,0.2022012737,0.9955638871,0.6699418032,-0.09687340045,-0.09052713485,-0.7304781738,-0.1743943158,0.1071972366,0.5348131253,0.6804829651,0.0340096548,0.05284255039,-0.7300643413,-0.1430862896,0.1612376923,0.09867253716,0.6823795843,-0.03802749692,-0.01440499386,-0.7298660894,-0.1445189186,0.1573700034,0.06095320719,0.6828417359,-0.02855085509,-0.02453580359,-0.7295957831,0.005539829536,0.1892818208,1.14578007,0.7035926823,0.02956225674,0.03448883874,-0.7091501465,0.1588258505,0.1779238138,1.378580417,0.703851283,0.0402230024,0.04498858727,-0.7077792795,0.2328512945,0.2155276953,1.368014218,0.6943761822,0.1219271755,-0.037753019,-0.7082020835,0.2608840643,0.1890704829,1.281232406,0.7013473788,0.1210421519,-0.03945614151,-0.7013585849,0.2771328562,0.2043815693,1.133369616,0.6850003855,0.03437165718,-0.1241871841,-0.7170569045,0.3441007037,0.1895224001,1.019954771,0.7048646847,0.02512823874,-0.1219985362,-0.698319916,0.3987316112,0.1421315161,0.8994546686,0.7048646847,0.02512823874,-0.1219985362,-0.698319916,0.3844607273,0.1416410947,0.8953774255,0.7048646847,0.02512823874,-0.1219985362,-0.698319916,-0.1444774194,0.1802095468,1.380799492,0.693496928,0.08834106612,0.09321671062,-0.7089206668,-0.2175989608,0.2207341331,1.376742288,0.6986449641,0.02524573628,0.1569629022,-0.6975819051,-0.24316797,0.2073585652,1.286275591,0.6796265568,0.01958026701,0.1562253247,-0.7164621444,-0.2533716941,0.2422018953,1.14121118,0.708387579,-0.1338600841,0.004771358436,-0.6929976551,-0.3171143964,0.2217349247,1.026840515,0.6887919056,-0.1308046893,-0.005080412414,-0.7130427991,-0.3688537689,0.1684385788,0.9075410905,0.6887919056,-0.1308046893,-0.005080412414,-0.7130427991,-0.3544752248,0.1674829803,0.9039540511,0.6887919056,-0.1308046893,-0.005080412414,-0.7130427991,-0.02360789931,0.1698208479,1.487571561,0.7042693738,0.01031250252,0.01538804229,-0.7096911368,0.00859479404,0.1659431288,1.587372411,0.7119985876,0.01048039026,0.01527419307,-0.7019365154
-0.308859938,0.04988994388,-0.02019037192,0.3989938227,-0.2246991202,-0.03946101407,-0.2963282374,-0.0334783527,0.002492355058,0.3685699754,-0.1987789704,0.02816396441,-0.01427483427,0.07079065058,0.2276930696,0.03416329178,-0.2564635577,0.03773549565,0.1959528916,-0.1901081055,-0.06241923953,-0.4342246801,-0.03568024953,-0.01475316674,0.01113756594,2,2,0,0,0.002297978983,0.215211854,0.8666143047,0.7116041216,0.01227266558,0.01689255514,-0.7022703165,0.1280594628,0.126320172,0.9070813625,0.7356583228,-0.07321488888,-0.106143005,-0.6649662207,0.1298669925,0.137133592,0.8194316823,0.728907993,-0.07213964297,-0.1068767017,-0.6723588181,0.09541681281,0.1950545898,0.9963334829,0.7336032984,-0.09154118414,-0.08952413934,-0.667406803,0.1847659797,0.1057645532,0.5347192996,0.7356315484,0.06253669179,0.03969529706,-0.6733198873,0.1550316941,0.1687495289,0.0996699449,0.7354440763,-0.01334572727,-0.04302908608,-0.6760860892,0.1568386789,0.1646983654,0.06198596717,0.7350376285,-0.02785287271,-0.02968205504,-0.6768034263,-0.1203162736,0.1239874426,0.9078005996,0.6778053876,-0.1000050841,-0.07217074239,-0.7248242708,-0.1222030155,0.1356876054,0.8202665488,0.6787081208,-0.100094944,-0.07204606229,-0.7239790424,-0.08861922387,0.1926008347,0.9974856221,0.6793843539,-0.08864569963,-0.08429302619,-0.7235147029,-0.1743686843,0.1062398293,0.5348359483,0.6804178967,0.03426449171,0.05354282631,-0.7300620496,-0.1433130834,0.1608772775,0.09875169626,0.6823728234,-0.0383456942,-0.01423651213,-0.7298590682,-0.1447720038,0.1570024903,0.06103410257,0.682845132,-0.02873304787,-0.02451262331,-0.7295862313,0.004428809152,0.1875919403,1.148157556,0.7065736425,0.0121517848,0.01697971926,-0.7073314011,0.1576898779,0.1888072596,1.381248049,0.7075395973,0.03714273307,0.04185823709,-0.7044544156,0.23134577,0.2270502958,1.370397125,0.6987398824,0.1172793291,-0.03843929429,-0.7046492435,0.2592195743,0.2001295457,1.283706713,0.7105961828,0.1157467875,-0.04128510744,-0.6927851659,0.2745967167,0.213911883,1.135600509,0.6931616254,0.02680684769,-0.1305267923,-0.7083580383,0.3414854798,0.1979645245,1.022286831,0.7059899675,0.02064062476,-0.1290163544,-0.6960653064,0.3966916558,0.1487467956,0.9027853661,0.7059899675,0.02064062476,-0.1290163544,-0.6960653064,0.3824367779,0.1481407022,0.8986678841,0.7059899675,0.02064062476,-0.1290163544,-0.6960653064,-0.1456228778,0.1890895758,1.38332528,0.6959803757,0.08092842178,0.08588785489,-0.7082973836,-0.2189237167,0.2291924433,1.378404928,0.7005195516,0.01450691398,0.1527253339,-0.6969482618,-0.2451583188,0.2137667849,1.288456621,0.6788268456,0.008191404235,0.1515395995,-0.7184446843,-0.2568409518,0.2453026519,1.14274848,0.7065150422,-0.1440315834,0.002003515131,-0.6928833842,-0.3217819788,0.2228040292,1.029438494,0.6949246328,-0.1421783416,-0.004053943866,-0.7048749105,-0.3748002519,0.1669779565,0.9118700961,0.6949246328,-0.1421783416,-0.004053943866,-0.7048749105,-0.3604791277,0.1662566062,0.9080090592,0.6949246328,-0.1421783416,-0.004053943866,-0.7048749105,-0.02473005779,0.1848257716,1.49049051,0.70667967,0.006933812452,0.01176720518,-0.7074017947,0.007452002681,0.1821489828,1.590337442,0.7106080592,0.006999233612,0.01172841002,-0.7034555006
-0.271709861,0.05433630553,-0.01271163441,0.3984914715,-0.222335623,-0.04120597253,-0.2563169446,-0.03564326,-0.01056737939,0.3636616881,-0.1942408903,0.02918942266,-0.01230952639,0.09704053676,0.2225343411,0.04412246358,-0.2631437333,0.02335708831,0.2104861748,-0.1961280455,-0.06803581312,-0.4290277338,-0.02049427696,0.006946552388,0.004739756315,2,2,0,0,0.001512476041,0.2063688575,0.8666951169,0.712567929,0.001368815047,0.0064229064,-0.7015723906,0.1267572403,0.1218958571,0.907254632,0.7336156237,-0.07029751582,-0.1050809183,-0.6677008137,0.1289103456,0.1332213326,0.819677458,0.7293570503,-0.06962822533,-0.105525591,-0.6723500227,0.09472316868,0.1903694299,0.9969267674,0.7314352777,-0.09020010338,-0.08690417393,-0.6703089142,0.1842117217,0.1034829657,0.5348679716,0.7358142435,0.06482755954,0.04092378553,-0.6728298673,0.1550058714,0.1686325905,0.1001016888,0.7358122669,-0.0102156653,-0.04095930895,-0.6758685398,0.1568602625,0.164862044,0.06239090104,0.7354456442,-0.02537235472,-0.02702669088,-0.6765689218,-0.1202027675,0.1192579486,0.9079808511,0.6826779132,-0.09764737854,-0.06871714569,-0.7208979194,-0.1224755085,0.1316863369,0.8205564068,0.6788594007,-0.09728293713,-0.06923212254,-0.7244948981,-0.08930587711,0.187500252,0.9982264825,0.6843096465,-0.08546608288,-0.08155312925,-0.7195588534,-0.1745640448,0.1045552239,0.5348822159,0.680187189,0.03533164452,0.05466772942,-0.7301427957,-0.1434829315,0.1605300544,0.09896942792,0.6822828289,-0.03563522339,-0.01154617232,-0.7301280423,-0.1449325684,0.1569439643,0.06122293394,0.6827302325,-0.02567406078,-0.02220057236,-0.7298817759,0.003803557423,0.1872752597,1.148943568,0.7082364479,0.001329257903,0.006431209426,-0.7059447616,0.1571152226,0.1962080231,1.381832702,0.7098379688,0.03548161199,0.04065816448,-0.7022948291,0.2305239905,0.2348734593,1.370805479,0.7015086697,0.1140809932,-0.03757447738,-0.7024665628,0.2581146509,0.2077915719,1.284074688,0.7167350667,0.1121185617,-0.04118186631,-0.6870402654,0.2726274493,0.2207951114,1.135810924,0.6987069654,0.0216318745,-0.1335639524,-0.7024964833,0.3392686326,0.204305676,1.022428978,0.7065941036,0.01777273666,-0.1325947621,-0.6948579219,0.3946710406,0.1540626356,0.9034461355,0.7065941036,0.01777273666,-0.1325947621,-0.6948579219,0.3804211516,0.1533943032,0.899321024,0.7065941036,0.01777273666,-0.1325947621,-0.6948579219,-0.146195289,0.195212996,1.384015787,0.697696952,0.07518757821,0.08056664506,-0.7078663765,-0.219624106,0.2350021305,1.37849343,0.7017063045,0.006516981783,0.1494845892,-0.6965774536,-0.2463440486,0.2180538676,1.288962964,0.678032928,-0.000251825187,0.1479128407,-0.7199951921,-0.2590947623,0.2470989314,1.142827203,0.7048565543,-0.1508697649,0.0005613509321,-0.6931199296,-0.3249194735,0.2233725202,1.030280134,0.6982382832,-0.1497999501,-0.002985518616,-0.7000102582,-0.3789068527,0.1659969808,0.9139047663,0.6982382832,-0.1497999501,-0.002985518616,-0.7000102582,-0.3646324006,0.1654014951,0.9098540917,0.6982382832,-0.1497999501,-0.002985518616,-0.7000102582,-0.02525835211,0.1947223826,1.491214934,0.7082098386,0.00378118609,0.008891066483,-0.7059358866,0.006966881165,0.1930330468,1.591069531,0.7098808303,0.003802246196,0.008882080573,-0.7042555348
-0.2521041725,0.05584951452,-0.007291744146,0.3919526239,-0.223638012,-0.04229896218,-0.2359847403,-0.0373187619,-0.01859719135,0.3563144434,-0.1949384077,0.03029839639,-0.012113446,0.1133442678,0.2201458633,0.05175910633,-0.2726540094,0.01062358142,0.218926266,-0.1982536614,-0.07156249378,-0.4288043655,-0.007224925958,0.02057554607,0.001894042147,2,2,0,0,0.001399283315,0.2019520007,0.8670176261,0.7130066365,-0.003011010186,0.001996350488,-0.7011479763,0.1263574847,0.1196734106,0.9073360118,0.7325803609,-0.06763781928,-0.1032359179,-0.6693978529,0.1286659465,0.1315666812,0.8198380988,0.7301349585,-0.06726098563,-0.10348183,-0.6720642923,0.09460698855,0.1876929607,0.9974534384,0.7304062251,-0.08806591942,-0.08450532596,-0.6720193376,0.1840150771,0.103701602,0.5348485072,0.7363091556,0.0648937384,0.04067399948,-0.6722969998,0.1549635133,0.1686973514,0.1000488577,0.736249387,-0.0105305588,-0.04174190855,-0.675339589,0.1568486877,0.1648706867,0.06234524976,0.7358620315,-0.0260983354,-0.02745055622,-0.6760713087,-0.1198920895,0.1168227823,0.9080257148,0.685249558,-0.09557898725,-0.06577955627,-0.7190067805,-0.1223943117,0.1298748541,0.8206984799,0.6785342765,-0.09496320653,-0.06666545006,-0.7253474634,-0.0894185131,0.1846072806,0.9987589872,0.6869136102,-0.08277675816,-0.07918354819,-0.7176542804,-0.1745050369,0.1048163721,0.534839072,0.6796085932,0.03508324544,0.05463704503,-0.7306956406,-0.1435206447,0.1605670512,0.09889067465,0.681699925,-0.03619087986,-0.0117583564,-0.7306416177,-0.1449936771,0.1569417918,0.06114882828,0.6821699439,-0.0258599148,-0.02282521847,-0.730379656,0.003664365604,0.1863763227,1.149482261,0.7087469255,-0.003023046227,0.001978077128,-0.7054535732,0.1569209706,0.1984312282,1.382266931,0.7107019973,0.03682024492,0.04200402672,-0.7012721314,0.2302281085,0.2373329674,1.37139582,0.702356159,0.1146685889,-0.03528547655,-0.7016422705,0.2577007432,0.2106598829,1.284501032,0.7201653848,0.112421345,-0.03953274124,-0.6834913475,0.2718662681,0.2240525604,1.136238322,0.7014832724,0.01911016389,-0.1356972592,-0.6993870703,0.3384995808,0.207214559,1.022902988,0.705062672,0.01734219557,-0.1352502201,-0.6959118154,0.394126922,0.1562881418,0.9043162873,0.705062672,0.01734219557,-0.1352502201,-0.6959118154,0.3798891653,0.155657859,0.900143569,0.705062672,0.01734219557,-0.1352502201,-0.6959118154,-0.1463881531,0.1970201125,1.384413233,0.6981089088,0.07379651216,0.07911717023,-0.7077700896,-0.2198449887,0.2367334395,1.37872045,0.7019851026,0.004346192844,0.1487729444,-0.6964658192,-0.2467182554,0.2193948126,1.289310703,0.6770649579,-0.002746471232,0.1470373252,-0.7210794164,-0.2598013401,0.2477415189,1.143067228,0.7037358378,-0.1534734952,2.656644118e-05,-0.6936870737,-0.3259802807,0.2236255899,1.030811058,0.7014109977,-0.1530972725,-0.001233154253,-0.6961194702,-0.3803870381,0.165602225,0.9149533442,0.7014109977,-0.1530972725,-0.001233154253,-0.6961194702,-0.3661415203,0.165134766,0.9107857004,0.7014109977,-0.1530972725,-0.001233154253,-0.6961194702,-0.02546989751,0.1980406067,1.491629717,0.70868907,0.004234531978,0.009269271344,-0.7054473414,0.006746047733,0.1962772543,1.591486031,0.7093568256,0.004243308273,0.009265256997,-0.7047758817
-0.2477344263,0.05605240781,-0.005467342932,0.3879833204,-0.2235504274,-0.04268258665,-0.2310738286,-0.03798808875,-0.02182911582,0.3515511428,-0.1944123597,0.03118240859,-0.01282520498,0.1214927728,0.218760834,0.05690835195,-0.2808295243,5.350531038e-05,0.2220815853,-0.1975899241,-0.07374592739,-0.4308101345,0.003337110077,0.02510801156,0.001767835349,2,2,0,0,0.001441129416,0.200941545,0.8672159383,0.7131881933,-0.003456245206,0.001494513145,-0.7009624966,0.1263535832,0.1191253653,0.9073671499,0.7324693024,-0.06653589538,-0.1023276948,-0.6697691681,0.1286881591,0.1312702695,0.8199045024,0.7306356389,-0.06625591682,-0.1025091995,-0.6717689935,0.09464439069,0.1869057199,0.9976791338,0.7303171511,-0.08703541292,-0.08351887983,-0.6723736256,0.1840090727,0.1042633116,0.534826834,0.7366922171,0.06448862548,0.04026350932,-0.671940953,0.1549511886,0.1687210066,0.09994751642,0.7365860982,-0.0108638546,-0.04216032268,-0.6749410373,0.1568451761,0.1648554775,0.06224831491,0.7361865341,-0.02657988747,-0.02774770079,-0.6756870294,-0.1197333227,0.1161975381,0.9080076099,0.6860128652,-0.09457778428,-0.06439801216,-0.7185362117,-0.1223130266,0.129546091,0.820727458,0.6781296547,-0.09386928905,-0.06542643062,-0.7259807919,-0.08937958768,0.1837253674,0.998972146,0.6876854278,-0.08153134888,-0.07803348402,-0.717183496,-0.174438658,0.1055081498,0.5347831414,0.6791217353,0.03453069892,0.05416747228,-0.7312093985,-0.1434903648,0.1605798037,0.09874588145,0.681172861,-0.03659850225,-0.01199915746,-0.7311088177,-0.1449768388,0.1569213358,0.06100776669,0.6816606626,-0.02597417908,-0.02339610421,-0.7308328847,0.003688600171,0.1857446622,1.149701347,0.7086785667,-0.003465757796,0.001472319042,-0.7055214454,0.1569259815,0.1980831299,1.382483814,0.7107173586,0.03924136248,0.04437108511,-0.700979428,0.2302177865,0.2370876612,1.371880952,0.7021863747,0.1165904952,-0.03241470567,-0.7016339776,0.2575903891,0.2110188473,1.284771476,0.7217468364,0.114196246,-0.03713846297,-0.6816608073,0.2715711249,0.2252785445,1.136572093,0.7026381657,0.01828707323,-0.136382977,-0.6981152302,0.3382061339,0.2083667625,1.023248743,0.7026562037,0.01827814805,-0.1363807232,-0.6980977489,0.3939273321,0.157144071,0.904833834,0.7026562037,0.01827814805,-0.1363807232,-0.6980977489,0.3797005108,0.1566040507,0.9006114551,0.7026562037,0.01827814805,-0.1363807232,-0.6980977489,-0.1463835988,0.1967318523,1.384603937,0.6978813933,0.07447143953,0.0797101108,-0.7078572341,-0.2198215913,0.2364893825,1.37897696,0.7018237866,0.005273236545,0.1491404457,-0.6965433892,-0.2466403259,0.2193272778,1.289516796,0.6761277415,-0.002050169419,0.1473831632,-0.7218900727,-0.2596091347,0.2478837767,1.14330396,0.7029558128,-0.1536546571,-0.0001393728109,-0.6944374358,-0.325814501,0.2238246672,1.03105118,0.7040277052,-0.1538276544,0.0004429532712,-0.693312229,-0.380301091,0.1656601371,0.9153018177,0.7040277052,-0.1538276544,0.0004429532712,-0.693312229,-0.3660704328,0.1653021171,0.9110730188,0.7040277052,-0.1538276544,0.0004429532712,-0.693312229,-0.02547504998,0.197873503,1.491830146,0.7086042394,0.005391402961,0.01036872415,-0.705509358,0.006733303987,0.1957844865,1.591682627,0.7092275747,0.005400565952,0.01036395455,-0.7048827346
-0.2462996983,0.05608924826,-0.005061079446,0.3865316359,-0.223255514,-0.04282765492,-0.2292661301,-0.03821063938,-0.02307882057,0.3495862165,-0.1938161842,0.03146978355,-0.01333196448,0.1258928563,0.2178807168,0.06053886749,-0.28618918,-0.008639207253,0.223464465,-0.1969259259,-0.07542862809,-0.4322331324,0.01170332671,0.02634352204,0.00199609403,2,2,0,0,0.001437018238,0.2005869108,0.8672884897,0.7133161776,-0.003587529924,0.001355221762,-0.7008318798,0.1263510122,0.1189447485,0.907378214,0.7324995368,-0.06615923722,-0.1020008036,-0.6698232751,0.128687985,0.1311775134,0.8199278757,0.7308021789,-0.06590090858,-0.1021678954,-0.6716747477,0.09464357557,0.1866350421,0.9977583357,0.7303563322,-0.08667320326,-0.08317821464,-0.6724200833,0.1839998452,0.1044714845,0.5348201024,0.7368191348,0.06433118284,0.0400957127,-0.6718269088,0.1549470922,0.1687175244,0.09990912316,0.7366997429,-0.01090808856,-0.04223259808,-0.674811759,0.1568436972,0.1648461904,0.06221064892,0.7362972757,-0.02667994325,-0.0277737173,-0.6755613392,-0.1196790829,0.1159593343,0.9079936842,0.6863629902,-0.09416487237,-0.06385945837,-0.7183041083,-0.1222896168,0.1294260356,0.8207326005,0.6780286715,-0.0934217189,-0.0649417897,-0.7261763333,-0.08937924125,0.1833876295,0.9990499766,0.6880366688,-0.08103530056,-0.07757039872,-0.7169530359,-0.1744136904,0.105787956,0.5347546671,0.6789908994,0.03428705192,0.05395992898,-0.7313576982,-0.1434875847,0.1605681117,0.09867911575,0.6810261044,-0.03663741881,-0.01199001795,-0.7312437242,-0.144977634,0.1569084595,0.06094125683,0.6815182616,-0.02591745356,-0.02349409977,-0.730964549,0.003686061685,0.1854985555,1.149779703,0.7086286312,-0.003596484035,0.001331277419,-0.7055712268,0.1569215293,0.1979051957,1.382559807,0.7107012744,0.04065825413,0.04577939015,-0.7008244091,0.2302061584,0.2369652444,1.372112867,0.702067573,0.1176882241,-0.03068913163,-0.701647192,0.2575096584,0.2112522742,1.284876033,0.7228604353,0.1151896328,-0.03574693599,-0.6803868724,0.271369907,0.2260060446,1.1367137,0.7034504766,0.01759735257,-0.1370280788,-0.6971879702,0.3380149976,0.2089986528,1.023410589,0.7005361223,0.01904147582,-0.1373924954,-0.700007047,0.3938097065,0.1575014278,0.9051494667,0.7005361223,0.01904147582,-0.1373924954,-0.700007047,0.3795928608,0.1570403261,0.9008843483,0.7005361223,0.01904147582,-0.1373924954,-0.700007047,-0.1463882699,0.1965970922,1.384675696,0.6977526429,0.07483174855,0.08004832902,-0.707907991,-0.2198158591,0.2363792958,1.379087473,0.7017292902,0.005877461611,0.1492507554,-0.6966101283,-0.2465826367,0.2193159712,1.28959286,0.6754339181,-0.001617809992,0.1474739289,-0.7225218649,-0.2594508916,0.2479750962,1.14339122,0.7023422789,-0.1538588926,-0.0004000016982,-0.695012665,-0.3256651297,0.2239266409,1.031141389,0.7060959446,-0.1544641843,0.001643867316,-0.6910619585,-0.3801993159,0.1656159941,0.9154879983,0.7060959446,-0.1544641843,0.001643867316,-0.6910619585,-0.3659807536,0.1653445761,0.9112123263,0.7060959446,-0.1544641843,0.001643867316,-0.6910619585,-0.02548123735,0.1977631177,1.491903353,0.7085496255,0.005697174797,0.01066477902,-0.7055573917,0.006725778929,0.195584384,1.591754348,0.7092534519,0.005707815908,0.01065908766,-0.7048498746
-0.2457733628,0.05609009822,-0.004996963428,0.3859976197,-0.2231662035,-0.04288607166,-0.2285344651,-0.03830000171,-0.0236238642,0.3487871344,-0.1935698912,0.03156270613,-0.01364178415,0.1283849438,0.2172629942,0.06313370053,-0.2894485377,-0.01572090183,0.2241340835,-0.1964034649,-0.07674599226,-0.4330788753,0.01832411857,0.02669857225,0.002184817905,2,2,0,0,0.001429663232,0.2004367125,0.8673159999,0.7133928717,-0.003634204025,0.001309470522,-0.7007536575,0.1263513584,0.118868613,0.9073816599,0.732539211,-0.06601967338,-0.1018739999,-0.6698129554,0.1286866294,0.1311345744,0.8199359261,0.730863411,-0.06576493726,-0.1020386307,-0.6716410987,0.0946393454,0.1865222625,0.9977876095,0.7303998675,-0.08653511721,-0.08305146445,-0.6724062472,0.1839956572,0.1045429221,0.5348169129,0.7368651162,0.06427879016,0.04003758378,-0.6717849578,0.1549457675,0.1687168082,0.09989508977,0.7367408508,-0.01092535019,-0.04226258806,-0.6747647213,0.1568434707,0.1648431089,0.06219691377,0.7363372245,-0.02671958836,-0.02778497688,-0.6755157663,-0.1196566107,0.1158467254,0.9079849296,0.6865314774,-0.09398920521,-0.0636341121,-0.7181860898,-0.1222811146,0.1293631645,0.8207319554,0.6780006169,-0.09323102419,-0.06473984128,-0.7262450637,-0.08938275339,0.183234616,0.9990797678,0.6882053813,-0.08082569692,-0.07737486807,-0.7168358875,-0.1744030468,0.1058916295,0.5347399145,0.6789497351,0.0341945695,0.05388265742,-0.7314059392,-0.1434869286,0.1605629469,0.09864999639,0.680979137,-0.03664407976,-0.01197908394,-0.7312873087,-0.1449782167,0.1569036576,0.0609121512,0.6814726087,-0.02589319062,-0.02351781645,-0.7310072083,0.00368215776,0.1853855619,1.149809171,0.7085965486,-0.003643051174,0.001284651739,-0.7056032945,0.1569186266,0.197809123,1.382587713,0.7106850274,0.04148858151,0.04660966222,-0.7007374892,0.2301995386,0.2369004104,1.372231941,0.7019977151,0.1182950485,-0.02963761687,-0.7016602462,0.2574529169,0.2113966849,1.284918044,0.7236699576,0.1157197574,-0.03493098073,-0.6794781504,0.2712283798,0.2264277403,1.136775677,0.7040733728,0.0171269001,-0.1374728693,-0.6964829971,0.3378827466,0.2093650775,1.023486333,0.6987667462,0.01975862227,-0.1381361384,-0.7016074675,0.393734757,0.1576694682,0.9053388671,0.6987667462,0.01975862227,-0.1381361384,-0.7016074675,0.3795265482,0.1572750603,0.9010384257,0.6987667462,0.01975862227,-0.1381361384,-0.7016074675,-0.1463912905,0.1965286764,1.384703618,0.6976799094,0.07502356347,0.08023286823,-0.707938483,-0.2198129783,0.236324776,1.379136839,0.7016741541,0.006258796366,0.1492554141,-0.6966613455,-0.2465387867,0.2193156445,1.289619668,0.6749089799,-0.001367990526,0.1474604237,-0.7230155053,-0.2593310042,0.2480189533,1.143420023,0.70185507,-0.1540140497,-0.0005961226723,-0.6954701847,-0.3255529672,0.2239820592,1.031172273,0.7077254753,-0.1549599096,0.002605969211,-0.6892788165,-0.3801253439,0.1655589806,0.9155936614,0.7077254753,-0.1549599096,0.002605969211,-0.6892788165,-0.3659168395,0.1653560559,0.9112809156,0.7077254753,-0.1549599096,0.002605969211,-0.6892788165,-0.02548420759,0.1976979544,1.491931182,0.7085162637,0.005776293937,0.01074351441,-0.7055890556,0.006722705524,0.1954939742,1.591781656,0.7092866326,0.005788026799,0.01073719792,-0.7048146453
-0.2455671525,0.05608433572,-0.005007226092,0.3857999229,-0.2231752386,-0.04291197954,-0.228222199,-0.03834183563,-0.02387976099,0.348461911,-0.1935066306,0.03159811413,-0.01382259047,0.1298244851,0.2168085711,0.06501250493,-0.2914017788,-0.02145022508,0.2244777775,-0.1959998281,-0.07777898855,-0.4335767316,0.02355851175,0.02680968043,0.002307106608,2,2,0,0,0.001424607907,0.2003660988,0.8673267777,0.7134363514,-0.003652037159,0.00129305918,-0.7007093285,0.1263525043,0.1188316918,0.9073825762,0.7325675625,-0.06596475323,-0.1018219793,-0.6697952689,0.1286859978,0.1311109546,0.8199386618,0.7308883602,-0.06570962393,-0.1019868102,-0.6716272335,0.09463625228,0.1864695039,0.9977988884,0.7304299971,-0.08647890912,-0.08300189754,-0.6723868698,0.1839941893,0.1045655531,0.5348151765,0.7368836225,0.06426401436,0.04002038794,-0.6717670965,0.154945112,0.1687180503,0.0998901437,0.7367571362,-0.01094109342,-0.04228506601,-0.6747452763,0.1568433878,0.1648423789,0.06219219923,0.7363528222,-0.02674521582,-0.02779911624,-0.6754971679,-0.1196462899,0.1157881509,0.9079797991,0.6866145982,-0.0939125554,-0.06353481726,-0.7181254435,-0.122277622,0.1293263975,0.8207304116,0.6779915283,-0.09314728125,-0.06465156657,-0.7262721573,-0.08938543396,0.1831590361,0.9990915339,0.6882887079,-0.0807330726,-0.07728942291,-0.7167755371,-0.1743985214,0.105927423,0.5347322366,0.6789342346,0.03416280563,0.05385761426,-0.7314236564,-0.1434866324,0.1605621931,0.09863743847,0.6809616684,-0.03665427573,-0.01198097301,-0.7313030333,-0.1449784992,0.1569023116,0.06089967358,0.6814557616,-0.0258915965,-0.02353289546,-0.7310224846,0.003679477771,0.1853287917,1.149820667,0.708576542,-0.00366088658,0.001267788192,-0.7056233236,0.1569169217,0.1977551719,1.382598417,0.7106730831,0.04197741635,0.04709910888,-0.7006877617,0.23019584,0.2368643688,1.372296297,0.7019598128,0.1186202166,-0.02898623707,-0.7016704807,0.2574118757,0.2114840693,1.284934801,0.7242679249,0.1159874278,-0.03444741676,-0.6788197589,0.2711252832,0.2266686085,1.136802329,0.7045589823,0.01681319153,-0.1377628359,-0.6959420651,0.33778629,0.2095808636,1.023520672,0.6973142246,0.0204074919,-0.1386673474,-0.702928,0.3936819023,0.157746033,0.9054548537,0.6973142246,0.0204074919,-0.1386673474,-0.702928,0.3794809656,0.1574070615,0.9011257608,0.6973142246,0.0204074919,-0.1386673474,-0.702928,-0.1463930646,0.1964919513,1.384714741,0.6976382211,0.0751283862,0.08033425777,-0.7079569515,-0.2198113277,0.2362960246,1.379159813,0.7016416445,0.006508805675,0.1492175221,-0.6966999133,-0.2465050679,0.2193172436,1.289627313,0.6745077689,-0.00121947553,0.1474066986,-0.7234010283,-0.2592395791,0.2480363235,1.143425727,0.7014698604,-0.1541252336,-0.0007363201542,-0.6958339638,-0.3254682934,0.224013202,1.031179012,0.7090103254,-0.1553392182,0.003382335608,-0.6878681891,-0.3800714728,0.1655059605,0.9156575364,0.7090103254,-0.1553392182,0.003382335608,-0.6878681891,-0.365871229,0.1653572303,0.911315474,0.7090103254,-0.1553392182,0.003382335608,-0.6878681891,-0.02548578969,0.1976596873,1.491942105,0.708495887,0.005797926961,0.01076574516,-0.705609,0.006721161018,0.19544769,1.59179239,0.709309373,0.005810341961,0.01075904978,-0.7047912429
-0.2454820851,0.05607893587,-0.005026978082,0.3857263547,-0.2232090565,-0.04292437318,-0.2280831434,-0.03836315897,-0.02400565207,0.3483281172,-0.1935088615,0.03161440483,-0.01392656293,0.1306672114,0.2164666809,0.06639243599,-0.2925748142,-0.02606217524,0.2246628425,-0.1956867034,-0.07859059608,-0.4338775012,0.02769399066,0.02684660709,0.002382113436,2,2,0,0,0.001421604987,0.2003304801,0.8673312094,0.7134605065,-0.003658925069,0.001286976942,-0.7006847091,0.1263535187,0.1188121218,0.9073827575,0.7325851739,-0.06594180147,-0.1017993921,-0.6697816999,0.128685782,0.1310970378,0.8199396043,0.7308993726,-0.06568572179,-0.1019648143,-0.6716209271,0.09463435094,0.1864426839,0.99780347,0.7304484785,-0.08645448802,-0.08298151504,-0.6723724488,0.1839937734,0.1045715064,0.534814231,0.7368916864,0.0642615542,0.04001698109,-0.6717586891,0.1549447185,0.1687196102,0.09988854867,0.7367640554,-0.01095401116,-0.04230180755,-0.6747364622,0.1568433215,0.1648423881,0.06219078013,0.7363592968,-0.02676284212,-0.02781185715,-0.6754888873,-0.1196412799,0.1157561082,0.907976908,0.686656552,-0.09387790288,-0.06348899468,-0.718093912,-0.1222760872,0.1293043251,0.820729173,0.6779881407,-0.09310911151,-0.06461119445,-0.7262838068,-0.08938710489,0.1831195342,0.9990963764,0.6883308501,-0.08069028345,-0.07725064599,-0.7167440663,-0.1743965854,0.1059383897,0.5347282237,0.6789275038,0.03415348655,0.05385136987,-0.7314307992,-0.1434864366,0.1605629366,0.09863202157,0.6809543524,-0.03666505697,-0.01198729755,-0.7313092015,-0.1449786189,0.1569021654,0.06089435545,0.6814488278,-0.02589694134,-0.02354527113,-0.7310283604,0.003677821258,0.1852984452,1.149825368,0.7085641843,-0.003667797874,0.001261467822,-0.7056357082,0.1569158709,0.1977238579,1.382602771,0.7106650612,0.04226717353,0.04738909813,-0.7006589257,0.2301936953,0.2368434697,1.372332463,0.7019408049,0.1187874133,-0.02857488221,-0.7016780835,0.2573814828,0.211536455,1.284940916,0.7247154471,0.1161109115,-0.03415732133,-0.6783355027,0.2710484645,0.2268044694,1.136812734,0.7049390508,0.01660137699,-0.1379510687,-0.6955248605,0.3377138314,0.2097089091,1.023534822,0.6961321438,0.02097128385,-0.139049126,-0.7040068069,0.3936423661,0.1577753779,0.9055279832,0.6961321438,0.02097128385,-0.139049126,-0.7040068069,0.3794474561,0.1574819548,0.9011758592,0.6961321438,0.02097128385,-0.139049126,-0.7040068069,-0.1463941579,0.1964712709,1.384719342,0.6976138698,0.07518766061,0.08039143779,-0.7079681639,-0.2198103967,0.2362800114,1.37917111,0.7016221725,0.006680025981,0.1491664451,-0.6967288397,-0.2464789392,0.2193188091,1.28962777,0.6741984486,-0.001127120821,0.1473423492,-0.7237025726,-0.2591691344,0.2480405893,1.143422861,0.7011659789,-0.1542051538,-0.0008377377355,-0.6961223591,-0.3254034591,0.2240313173,1.031176494,0.7100237585,-0.1556301934,0.004005535683,-0.6867528383,-0.3800311905,0.1654606227,0.9156987877,0.7100237585,-0.1556301934,0.004005535683,-0.6867528383,-0.3658376612,0.1653547588,0.9113335764,0.7100237585,-0.1556301934,0.004005535683,-0.6867528383,-0.02548676316,0.1976368036,1.491946596,0.7084834164,0.005804210419,0.01077234067,-0.7056213691,0.006720198577,0.1954218669,1.591796812,0.7093233487,0.005817036768,0.01076541989,-0.7047770249
-0.2454451105,0.05607507429,-0.005042418508,0.3856985354,-0.2232410301,-0.04293065722,-0.2280185084,-0.03837456112,-0.02406976723,0.3482716443,-0.1935272114,0.03162297211,-0.01398629612,0.131167018,0.2162059626,0.06742063689,-0.2932860287,-0.02976114577,0.2247670705,-0.1954423335,-0.07922959829,-0.4340658802,0.030959874,0.02685870811,0.002427440861,2,2,0,0,0.001419883927,0.2003114962,0.8673331961,0.7134738583,-0.003661428514,0.001284785746,-0.7006711046,0.1263542054,0.1188010755,0.9073827893,0.7325955468,-0.06593145848,-0.1017888889,-0.6697729687,0.1286857125,0.131088575,0.8199399789,0.7309045824,-0.06567461811,-0.1019547922,-0.6716178647,0.09463321785,0.1864281051,0.9978055055,0.7304593042,-0.08644302954,-0.08297255898,-0.6723632664,0.1839936911,0.1045722142,0.5348137501,0.7368954354,0.06426252119,0.04001756601,-0.6717544492,0.1549444701,0.1687208899,0.09988816326,0.7367671699,-0.01096336477,-0.04231342235,-0.6747321812,0.1568432676,0.1648425652,0.06219051794,0.7363621257,-0.02677457408,-0.02782143875,-0.675484944,-0.1196387674,0.1157379766,0.9079753227,0.686678243,-0.09386143998,-0.06346677912,-0.718077286,-0.1222753896,0.1292909841,0.8207283865,0.677986747,-0.09309084583,-0.0645917672,-0.7262891773,-0.0893881105,0.1830979441,0.9990985158,0.6883526813,-0.0806694832,-0.07723220175,-0.7167274291,-0.174395743,0.105940878,0.5347261181,0.6789242855,0.03415175346,0.05385109132,-0.7314338879,-0.1434863009,0.1605639017,0.09862967503,0.6809510123,-0.03667379007,-0.01199351156,-0.7313117719,-0.1449786655,0.1569023439,0.06089209243,0.6814457371,-0.02590280706,-0.02355465647,-0.7310307313,0.003676799783,0.1852813865,1.149827452,0.7085565556,-0.003670323609,0.001259149628,-0.7056433594,0.156915174,0.1977051036,1.382604732,0.7106598565,0.04244062227,0.04756247673,-0.7006419719,0.2301923858,0.2368308597,1.372353475,0.7019323958,0.1188677826,-0.02830921611,-0.701683654,0.2573585758,0.211567801,1.284942496,0.7250543591,0.1161576887,-0.03398066126,-0.6779741016,0.2709903152,0.2268800743,1.136815635,0.7052371889,0.01645528427,-0.1380748195,-0.6952014638,0.3376584489,0.2097855375,1.023539197,0.6951759671,0.02144756855,-0.1393275655,-0.7048816965,0.3936118962,0.1577807282,0.9055755664,0.6951759671,0.02144756855,-0.1393275655,-0.7048816965,0.3794219297,0.1575244043,0.9012050173,0.6951759671,0.02144756855,-0.1393275655,-0.7048816965,-0.1463948812,0.1964590784,1.384721385,0.6975993437,0.07522246707,0.0804248112,-0.7079749896,-0.2198099026,0.2362706079,1.379177057,0.7016102901,0.006801811246,0.1491151944,-0.6967505974,-0.2464585783,0.2193199888,1.289625799,0.6739582704,-0.001066955485,0.1472802155,-0.7239389819,-0.2591144174,0.2480388851,1.143417346,0.7009263356,-0.1542635375,-0.0009125891006,-0.6963506303,-0.3253532768,0.2240422526,1.031170951,0.7108231049,-0.1558547385,0.004503201739,-0.6858713693,-0.380000449,0.1654231942,0.915726989,0.7108231049,-0.1558547385,0.004503201739,-0.6858713693,-0.365812337,0.1653512154,0.9113435145,0.7108231049,-0.1558547385,0.004503201739,-0.6858713693,-0.02548743533,0.197622744,1.491948601,0.7084757543,0.005806057026,0.01077420693,-0.7056290185,0.006719507581,0.1954065927,1.591798797,0.7093316686,0.005819129621,0.01076715206,-0.7047686074
-0.2454280279,0.05607254111,-0.005052394117,0.3856874764,-0.2232650071,-0.04293400248,-0.227987035,-0.03838086102,-0.02410339739,0.3482466571,-0.1935452141,0.03162785535,-0.01402083256,0.1314678416,0.2160052011,0.06819698499,-0.2937235084,-0.03272002274,0.2248284028,-0.1952507607,-0.07973351047,-0.4341884514,0.03353838284,0.02686194905,0.002454778786,2,2,0,0,0.001418900817,0.2003008848,0.8673342144,0.7134812542,-0.003662143273,0.001284107515,-0.700663571,0.1263546142,0.1187945239,0.9073828309,0.7326015153,-0.06592632388,-0.1017835786,-0.6697677528,0.1286856796,0.1310833165,0.8199401905,0.7309072142,-0.06566898842,-0.1019497965,-0.6716163095,0.09463253708,0.18641971,0.9978065436,0.7304655238,-0.08643713909,-0.08296824854,-0.6723577986,0.1839936879,0.104571572,0.5348135382,0.7368972822,0.06426403397,0.04001889881,-0.6717521992,0.1549443114,0.1687218014,0.09988819084,0.7367686463,-0.01096969979,-0.04232113632,-0.6747299822,0.1568432275,0.1648427359,0.06219062772,0.736363421,-0.026782171,-0.02782806831,-0.6754829577,-0.1196374798,0.1157274204,0.9079744761,0.6866897391,-0.0938531097,-0.06345540574,-0.7180683864,-0.1222750689,0.1292828679,0.8207279483,0.6779861368,-0.09308156709,-0.06458185958,-0.7262918171,-0.0893887208,0.1830856647,0.9990995731,0.6883642695,-0.08065876557,-0.07722291734,-0.7167185061,-0.174395366,0.1059408077,0.5347250128,0.6789226408,0.034152211,0.05385226122,-0.7314353069,-0.1434862093,0.1605646981,0.0986286581,0.6809493804,-0.03668005458,-0.01199831772,-0.7313128984,-0.1449786817,0.1569025552,0.06089113655,0.6814442677,-0.02590743277,-0.02356126474,-0.7310317242,0.003676153888,0.1852713586,1.149828499,0.7085518189,-0.003671055339,0.001258403022,-0.7056481133,0.1569146835,0.1976935177,1.382605759,0.7106565166,0.04254581808,0.04766746029,-0.7006318448,0.2301915452,0.2368229571,1.372366065,0.7019296646,0.1189015444,-0.02813331694,-0.7016877405,0.2573410813,0.2115866255,1.284942193,0.7253136979,0.1161654209,-0.03387109985,-0.6777008066,0.2709457744,0.2269214294,1.136815176,0.7054715724,0.01635215689,-0.1381578177,-0.6949495556,0.3376156434,0.2098319236,1.023539,0.6944060479,0.02184241491,-0.1395339033,-0.705587301,0.393588062,0.1577746592,0.9056075104,0.6944060479,0.02184241491,-0.1395339033,-0.705587301,0.3794021209,0.1575483537,0.9012222613,0.6944060479,0.02184241491,-0.1395339033,-0.705587301,-0.1463953885,0.1964515657,1.384722401,0.6975904776,0.07524372136,0.08044504184,-0.7079791686,-0.219809664,0.2362647993,1.379180434,0.7016028832,0.006891033227,0.1490689961,-0.6967670646,-0.2464426459,0.2193208124,1.289623252,0.6737707807,-0.001026069021,0.1472252084,-0.724124727,-0.259071678,0.2480348116,1.143411519,0.7007372836,-0.1543069344,-0.0009688249287,-0.6965311844,-0.3253141559,0.2240491122,1.031164923,0.7114535421,-0.1560289946,0.00489914256,-0.6851750204,-0.3799766807,0.1653928476,0.9157471303,0.7114535421,-0.1560289946,0.00489914256,-0.6851750204,-0.3657929163,0.1653476391,0.9113492519,0.7114535421,-0.1560289946,0.00489914256,-0.6851750204,-0.02548793219,0.1976138386,1.49194962,0.7084710105,0.00580653266,0.01077454483,-0.7056337723,0.006718977438,0.1953971443,1.591799814,0.7093365641,0.005819752845,0.01076740984,-0.7047636712
-0.2454195429,0.05607092354,-0.005058321663,0.3856825348,-0.2232814906,-0.04293585794,-0.2279709262,-0.03838444388,-0.02412152161,0.3482347514,-0.1935589609,0.03163079245,-0.0140410241,0.1316520668,0.2158494376,0.0687899198,-0.2939976395,-0.03508234444,0.2248660742,-0.1951001457,-0.08013128707,-0.4342711702,0.0355739179,0.02686198956,0.002471342703,2,2,0,0,0.001418335801,0.2002946907,0.8673348254,0.7134853739,-0.003662141061,0.001284015519,-0.7006593761,0.1263548379,0.1187904705,0.9073829055,0.7326049136,-0.06592347664,-0.1017806297,-0.6697647641,0.1286856519,0.1310799805,0.8199403591,0.7309086294,-0.06566584649,-0.1019470351,-0.6716154957,0.09463212039,0.1864146231,0.9978071664,0.7304690704,-0.08643379743,-0.08296592847,-0.6723546613,0.1839936892,0.1045707951,0.5348134745,0.7368982409,0.06426530194,0.04002005951,-0.6717509571,0.1549442093,0.1687224132,0.09988833889,0.7367693795,-0.01097386229,-0.04232616191,-0.6747287987,0.1568431992,0.1648428623,0.06219082943,0.7363640398,-0.02678703142,-0.02783249149,-0.6754819081,-0.1196368084,0.1157211037,0.9079740395,0.6866959838,-0.09384858104,-0.06344923378,-0.7180635518,-0.1222749216,0.1292778762,0.8207277334,0.6779858576,-0.09307652794,-0.06457647695,-0.7262932021,-0.08938909842,0.1830784139,0.9991001751,0.6883705707,-0.08065288474,-0.07721793768,-0.7167136525,-0.1743951902,0.1059401801,0.5347244366,0.6789217539,0.03415305975,0.05385347255,-0.7314360013,-0.1434861488,0.1605652701,0.09862822396,0.6809485322,-0.03668430349,-0.01200170678,-0.7313134194,-0.1449786859,0.1569027225,0.06089074424,0.6814435249,-0.02591069382,-0.02356573518,-0.731032157,0.003675733342,0.185265215,1.149829111,0.7085488438,-0.003671065185,0.001258273981,-0.7056511008,0.156914325,0.1976861345,1.382606397,0.7106543683,0.04261068454,0.04773207157,-0.700625683,0.2301909823,0.2368178232,1.372373838,0.7019297998,0.1189111342,-0.02801376913,-0.7016907631,0.2573275872,0.2115980248,1.28494118,0.7255138828,0.1161547121,-0.03380167579,-0.6774917973,0.2709113472,0.2269434991,1.136813347,0.7056562245,0.0162777157,-0.1382147874,-0.6947524749,0.3375823047,0.2098604277,1.023536842,0.6937882517,0.02216559518,-0.1396890711,-0.7061540282,0.393569278,0.157763906,0.9056295989,0.6937882517,0.02216559518,-0.1396890711,-0.7061540282,0.3793865966,0.15756177,0.9012326408,0.6937882517,0.02216559518,-0.1396890711,-0.7061540282,-0.1463957579,0.1964467403,1.384722983,0.6975849289,0.07525721762,0.08045779172,-0.7079817526,-0.2198095668,0.2362610407,1.379182499,0.7015981544,0.006957841661,0.1490294648,-0.6967796185,-0.2464301413,0.2193213759,1.28962081,0.6736238698,-0.0009972742046,0.1471786041,-0.7242709065,-0.2590381696,0.2480301187,1.143406232,0.7005880786,-0.1543396821,-0.001011661495,-0.6966739432,-0.3252835187,0.2240535829,1.031159373,0.7119507497,-0.1561648364,0.005213359366,-0.6846250761,-0.3799581576,0.1653684925,0.9157619732,0.7119507497,-0.1561648364,0.005213359366,-0.6846250761,-0.3657778687,0.1653444248,0.9113527355,0.7119507497,-0.1561648364,0.005213359366,-0.6846250761,-0.02548831142,0.197608018,1.491950225,0.7084680372,0.005806577231,0.0107743902,-0.7056367595,0.006718561219,0.1953910706,1.591800425,0.7093394312,0.0058198864,0.01076720695,-0.7047607874
-0.2454149746,0.05606988746,-0.005061669251,0.3856798612,-0.2232924301,-0.04293692054,-0.2279622477,-0.03838654408,-0.02413154482,0.3482284894,-0.1935685571,0.03163264024,-0.01405300704,0.1317672004,0.2157278697,0.0692470598,-0.2941732371,-0.0369657655,0.2248901826,-0.1949815305,-0.08044544166,-0.434328858,0.03718070917,0.02686095792,0.00248147626,2,2,0,0,0.001418009131,0.2002909258,0.8673352444,0.7134876852,-0.003661874219,0.001284137597,-0.7006570236,0.1263549522,0.1187878661,0.907383001,0.7326068398,-0.06592172106,-0.1017788342,-0.6697631028,0.1286856253,0.131077816,0.8199405128,0.7309094357,-0.06566392482,-0.101945345,-0.6716150627,0.09463186066,0.1864113978,0.997807595,0.7304710898,-0.08643171813,-0.08296452849,-0.6723529073,0.183993681,0.1045701882,0.5348134869,0.7368987618,0.06426620701,0.04002088771,-0.6717502498,0.1549441429,0.1687228142,0.09988850388,0.7367697579,-0.01097657464,-0.04232942685,-0.6747281365,0.1568431795,0.1648429473,0.0621910293,0.7363643457,-0.02679014249,-0.027835411,-0.675481331,-0.1196364523,0.1157172161,0.9079738264,0.6866994582,-0.09384593283,-0.06344568059,-0.7180608892,-0.1222748542,0.1292747567,0.8207276484,0.6779857239,-0.09307359917,-0.06457335853,-0.7262939795,-0.08938933639,0.1830739745,0.9991005672,0.6883740783,-0.08064944749,-0.07721508667,-0.7167109776,-0.1743951029,0.1059395891,0.5347241416,0.6789212507,0.03415378877,0.05385439495,-0.7314363665,-0.143486109,0.1605656585,0.09862804832,0.6809480628,-0.03668712212,-0.01200400736,-0.7313136773,-0.1449786858,0.1569028394,0.06089059651,0.6814431241,-0.02591288994,-0.02356871495,-0.7310323566,0.003675452551,0.1852613026,1.149829522,0.7085469437,-0.003670806746,0.001258375936,-0.7056530098,0.1569140577,0.197681282,1.382606849,0.7106529703,0.0426514914,0.04777262877,-0.7006218538,0.2301905931,0.2368143735,1.372378783,0.7019312434,0.1189088871,-0.02793038382,-0.7016930239,0.2573171008,0.2116050157,1.284939981,0.7256694967,0.1161365589,-0.03375660351,-0.6773304755,0.2708845519,0.2269548301,1.136811103,0.7058019692,0.01622289383,-0.1382548345,-0.6945977244,0.3375561978,0.2098782735,1.023534021,0.6932938164,0.02242780512,-0.1398072272,-0.706607824,0.3935544166,0.1577519567,0.9056452879,0.6932938164,0.02242780512,-0.1398072272,-0.706607824,0.3793743639,0.15756921,0.901239013,0.6932938164,0.02242780512,-0.1398072272,-0.706607824,-0.1463960323,0.1964435211,1.384723365,0.697581361,0.0752661159,0.08046613733,-0.7079833736,-0.2198095423,0.2362585071,1.379183846,0.7015950557,0.007008655069,0.148996604,-0.6967892569,-0.2464203061,0.2193217636,1.28961869,0.6735084618,-0.0009764048071,0.1471400936,-0.724386079,-0.2590118344,0.2480256081,1.143401728,0.7004702865,-0.1543646932,-0.001044624311,-0.696786788,-0.3252594565,0.2240566041,1.031154602,0.7123428985,-0.1562710957,0.005462301783,-0.684190838,-0.3799436532,0.1653490643,0.915773151,0.7123428985,-0.1562710957,0.005462301783,-0.684190838,-0.3657661346,0.1653416875,0.9113549543,0.7123428985,-0.1562710957,0.005462301783,-0.684190838,-0.02548860422,0.1976040946,1.491950635,0.7084661415,0.005806497304,0.01077410118,-0.7056386679,0.006718233155,0.1953870279,1.591800844,0.7093411088,0.005819860669,0.01076688855,-0.704759104
-0.2454123077,0.05606920949,-0.005063483011,0.3856780916,-0.22329962,-0.04293754219,-0.2279573304,-0.0383878173,-0.02413723009,0.3482248167,-0.1935750271,0.03163385419,-0.01406025206,0.1318408407,0.2156325543,0.0696021528,-0.2942885286,-0.03846586229,0.2249062102,-0.1948880266,-0.08069359925,-0.4343702342,0.038449025,0.02685967204,0.00248776625,2,2,0,0,0.001417820133,0.2002885486,0.8673355574,0.7134889926,-0.003661534316,0.001284322899,-0.7006556937,0.1263550069,0.1187861342,0.9073831027,0.73260793,-0.06592054258,-0.1017776511,-0.6697622061,0.1286856016,0.131076377,0.8199406535,0.7309099191,-0.06566265689,-0.1019442185,-0.6716148315,0.09463169659,0.1864092692,0.9978079167,0.730472242,-0.08643032305,-0.08296359889,-0.6723519497,0.1839936657,0.1045697745,0.5348135339,0.7368990558,0.06426681277,0.040021434,-0.6717498368,0.1549440988,0.1687230762,0.0998886525,0.7367699588,-0.01097835226,-0.04233156536,-0.6747277542,0.1568431657,0.1648430021,0.06219120077,0.7363645,-0.0267921529,-0.02783734728,-0.6754810033,-0.1196362592,0.115714753,0.9079737327,0.6867014368,-0.09384427741,-0.06344351579,-0.7180594046,-0.1222748228,0.1292727667,0.8207276331,0.6779856557,-0.09307178644,-0.06457143849,-0.7262944462,-0.08938948829,0.1830711589,0.9991008484,0.6883760761,-0.08064731617,-0.07721335004,-0.7167094857,-0.1743950556,0.105939158,0.5347239963,0.6789209498,0.03415431177,0.05385502741,-0.7314365748,-0.1434860827,0.160565917,0.09862798786,0.6809477856,-0.03668898748,-0.01200555163,-0.7313138165,-0.1449786843,0.156902917,0.06089055461,0.6814428921,-0.02591434584,-0.02357070494,-0.7310324571,0.003675261521,0.1852587197,1.149829824,0.7085457041,-0.003670472713,0.001258550326,-0.7056542559,0.1569138568,0.1976779956,1.382607195,0.7106520436,0.04267776241,0.04779867572,-0.7006194174,0.2301903178,0.2368119828,1.372382025,0.7019331613,0.1189014532,-0.02787078481,-0.7016947348,0.2573089063,0.2116093756,1.28493882,0.725791131,0.1161166158,-0.03372656539,-0.6772050535,0.2708635866,0.2269602701,1.136808885,0.7059171832,0.0161818245,-0.1382836329,-0.6944758569,0.3375356739,0.2098896951,1.023531161,0.6928988817,0.02263925091,-0.1398981198,-0.7069703813,0.393542635,0.1577405091,0.9056566959,0.6928988817,0.02263925091,-0.1398981198,-0.7069703813,0.3793646951,0.1575732754,0.9012430122,0.6928988817,0.02263925091,-0.1398981198,-0.7069703813,-0.1463962381,0.1964413,1.38472364,0.6975790008,0.07527218928,0.08047179561,-0.7079844104,-0.2198095515,0.2362567391,1.379184773,0.7015929691,0.007047730204,0.1489697599,-0.6967967034,-0.2464125591,0.219322035,1.289616927,0.6734176491,-0.0009609393991,0.1471087526,-0.7244768881,-0.2589911042,0.2480216047,1.143398009,0.700377279,-0.1543839714,-0.001070174887,-0.6968759654,-0.3252405242,0.2240587136,1.031150639,0.7126522135,-0.1563544247,0.005659308091,-0.6838480011,-0.3799322624,0.1653336241,0.9157816934,0.7126522135,-0.1563544247,0.005659308091,-0.6838480011,-0.3657569471,0.165339423,0.91135643,0.7126522135,-0.1563544247,0.005659308091,-0.6838480011,-0.02548883064,0.1976013724,1.491950939,0.7084649066,0.005806394359,0.01077380341,-0.7056399131,0.00671797544,0.1953842504,1.591801157,0.7093420919,0.005819791216,0.0107665726,-0.7047581199
-0.245410633,0.05606875123,-0.005064422052,0.3856767512,-0.2233043701,-0.04293790933,-0.2279544075,-0.03838861853,-0.02414053838,0.3482224405,-0.193579353,0.03163468646,-0.01406473097,0.1318891555,0.2155575599,0.06987958135,-0.294366234,-0.03965978411,0.2249172339,-0.1948142793,-0.08088962425,-0.4344006001,0.039450156,0.02685843832,0.002491746018,2,2,0,0,0.00141771174,0.200286993,0.8673358014,0.7134897386,-0.003661200409,0.001284511447,-0.7006549355,0.1263550313,0.118784946,0.9073832001,0.7326085469,-0.06591970354,-0.1017768232,-0.6697617396,0.1286855825,0.1310753957,0.8199407788,0.7309102219,-0.06566177208,-0.1019434193,-0.6716147098,0.09463159222,0.1864078141,0.9978081685,0.730472902,-0.08642933426,-0.08296293846,-0.6723514412,0.1839936477,0.1045695089,0.5348135929,0.7368992266,0.06426720764,0.04002178252,-0.6717495908,0.1549440691,0.1687232487,0.09988877691,0.7367700668,-0.01097953495,-0.0423329879,-0.6747275277,0.1568431559,0.1648430367,0.06219134037,0.7363645778,-0.02679347281,-0.02783865035,-0.6754808124,-0.119636151,0.1157131452,0.907973701,0.68670259,-0.09384318309,-0.06344212702,-0.7180585675,-0.1222748068,0.1292714666,0.8207276519,0.6779856175,-0.09307060214,-0.06457019057,-0.7262947445,-0.08938958582,0.1830693118,0.9991010618,0.6883772404,-0.08064592415,-0.07721223259,-0.7167086444,-0.1743950269,0.1059388726,0.53472393,0.67892076,0.03415466084,0.05385544323,-0.7314367041,-0.143486065,0.1605660889,0.09862797808,0.6809476109,-0.03669023435,-0.01200659228,-0.7313138995,-0.1449786828,0.1569029675,0.06089055725,0.6814427479,-0.02591531174,-0.02357205098,-0.7310325138,0.003675129921,0.1852569576,1.149830057,0.7085448751,-0.003670142958,0.001258732998,-0.7056550897,0.1569137054,0.1976757059,1.38260747,0.7106514151,0.04269511037,0.04781583128,-0.7006178274,0.23019012,0.2368102799,1.372384213,0.7019351282,0.1188923123,-0.02782724616,-0.701696044,0.2573024764,0.211612151,1.284937785,0.7258866072,0.1160976104,-0.03370600337,-0.6771069958,0.2708471181,0.2269625482,1.13680688,0.7060083745,0.01615062356,-0.13830477,-0.6943796679,0.3375194931,0.2098971878,1.02352854,0.6925838811,0.0228090295,-0.1399686024,-0.7072595748,0.3935332848,0.1577302942,0.9056651565,0.6925838811,0.0228090295,-0.1399686024,-0.7072595748,0.3793570388,0.1575754476,0.9012455837,0.6925838811,0.0228090295,-0.1399686024,-0.7072595748,-0.1463963928,0.1964397227,1.38472385,0.697577394,0.07527646274,0.08047575321,-0.7079850893,-0.2198095733,0.2362554699,1.379185436,0.7015915252,0.007078009973,0.1489480712,-0.6968024868,-0.2464064507,0.2193222291,1.289615493,0.673346112,-0.0009492848427,0.1470834933,-0.7245485204,-0.2589747693,0.2480181995,1.143394989,0.7003038372,-0.1543989315,-0.001090082678,-0.6969464235,-0.3252256109,0.2240602281,1.031147408,0.7128962174,-0.1564198914,0.005815095485,-0.6835773441,-0.3799233004,0.1653213821,0.9157882874,0.7128962174,-0.1564198914,0.005815095485,-0.6835773441,-0.3657497349,0.1653375811,0.9113574491,0.7128962174,-0.1564198914,0.005815095485,-0.6835773441,-0.02548900522,0.1975994336,1.491951175,0.7084640819,0.005806299997,0.01077353791,-0.705640746,0.006717774129,0.1953822877,1.591801401,0.7093426706,0.005819717947,0.01076629564,-0.7047575423
-0.2454095167,0.05606842968,-0.005064877861,0.3856756727,-0.223307554,-0.04293812527,-0.2279525914,-0.03838914325,-0.02414251543,0.3482207851,-0.1935822644,0.03163528051,-0.01406757184,0.131921712,0.2154983985,0.07009728766,-0.2944200032,-0.0406095248,0.2249250401,-0.1947560983,-0.08104445435,-0.4344232929,0.04024038689,0.02685735843,0.002494323733,2,2,0,0,0.001417651057,0.2002859408,0.8673359951,0.7134901684,-0.003660902281,0.00128468119,-0.7006544991,0.1263550416,0.1187841078,0.9073832876,0.7326088962,-0.06591908361,-0.1017762189,-0.6697615104,0.1286855687,0.1310747096,0.8199408871,0.7309104187,-0.06566113045,-0.1019428284,-0.6716146481,0.09463152588,0.1864067889,0.997808369,0.7304732824,-0.08642860692,-0.08296244891,-0.6723511818,0.1839936304,0.1045693429,0.5348136522,0.7368993281,0.06426746332,0.04002200284,-0.6717494419,0.1549440485,0.1687233644,0.09988887793,0.7367701248,-0.01098033841,-0.04233395318,-0.6747273907,0.1568431486,0.1648430586,0.06219145171,0.7363646156,-0.02679435684,-0.02783954542,-0.6754806992,-0.1196360875,0.1157120641,0.9079736998,0.6867032781,-0.09384242715,-0.06344119505,-0.7180580906,-0.122274797,0.1292705947,0.8207276849,0.6779855934,-0.09306979368,-0.06456934154,-0.7262949461,-0.0893896483,0.1830680606,0.9991012282,0.688377935,-0.08064497453,-0.07721147966,-0.7167081652,-0.1743950072,0.1059386921,0.5347239048,0.6789206337,0.0341548866,0.05385571332,-0.7314367908,-0.1434860529,0.1605662045,0.09862798944,0.6809474939,-0.03669108257,-0.01200730249,-0.7313139543,-0.1449786815,0.1569030003,0.06089057707,0.681442652,-0.02591595931,-0.02357297911,-0.7310325504,0.003675038619,0.1852557196,1.149830241,0.7085443057,-0.003669847819,0.00125889962,-0.7056556627,0.1569135915,0.1976740692,1.38260769,0.7106509776,0.04270687391,0.04782743372,-0.7006167622,0.2301899766,0.236809038,1.372385732,0.7019369449,0.1188831968,-0.02779483977,-0.7016970556,0.2572974159,0.2116139599,1.284936901,0.7259617893,0.1160807006,-0.03369155722,-0.6770300071,0.2708341436,0.2269631858,1.136805151,0.7060806205,0.01612665435,-0.1383205579,-0.6943036163,0.3375067102,0.2099022336,1.023526259,0.6923329045,0.02294493772,-0.1400235963,-0.7074899799,0.3935258599,0.1577215371,0.9056715331,0.6923329045,0.02294493772,-0.1400235963,-0.7074899799,0.3793509693,0.1575765676,0.9012472804,0.6923329045,0.02294493772,-0.1400235963,-0.7074899799,-0.1463965091,0.1964385753,1.384724014,0.6975762696,0.07527954788,0.08047859526,-0.7079855461,-0.2198095972,0.2362545379,1.379185924,0.7015904999,0.007101599463,0.1489306738,-0.6968069978,-0.2464016311,0.219322371,1.28961434,0.6732897195,-0.0009403924719,0.1470632657,-0.7246050408,-0.2589618894,0.2480153751,1.143392561,0.7002458457,-0.1544105977,-0.001105650493,-0.6970020807,-0.3252138547,0.2240613404,1.031144803,0.7130887212,-0.1564713925,0.005938224617,-0.6833636781,-0.3799162414,0.1653116903,0.9157934119,0.7130887212,-0.1564713925,0.005938224617,-0.6833636781,-0.3657440634,0.1653360983,0.9113581751,0.7130887212,-0.1564713925,0.005938224617,-0.6833636781,-0.02548913923,0.1975980212,1.491951361,0.7084635161,0.005806221797,0.01077331434,-0.7056413181,0.00671761782,0.1953808666,1.591801594,0.7093430138,0.005819653345,0.01076606466,-0.7047572009
-0.2454087378,0.05606819555,-0.00506507502,0.38567479,-0.2233097312,-0.04293824951,-0.2279514168,-0.03838950107,-0.02414373088,0.3482195741,-0.1935842536,0.03163571991,-0.01406942582,0.1319442423,0.2154516355,0.07026869206,-0.2944581542,-0.04136473916,0.2249307027,-0.1947101917,-0.08116673121,-0.4344404892,0.040864148,0.02685645231,0.00249603861,2,2,0,0,0.001417618791,0.2002852076,0.8673361497,0.7134904188,-0.003660648126,0.001284825925,-0.7006542451,0.1263550462,0.1187835021,0.9073833633,0.7326090941,-0.06591861526,-0.1017757651,-0.6697614091,0.1286855598,0.1310742186,0.8199409785,0.7309105506,-0.0656606532,-0.1019423799,-0.6716146193,0.09463148413,0.1864060479,0.9978085296,0.7304735034,-0.08642805879,-0.08296207684,-0.672351058,0.1839936155,0.1045692401,0.5348137063,0.7368993893,0.0642676297,0.04002214306,-0.6717493505,0.1549440339,0.1687234434,0.09988895888,0.7367701552,-0.01098089738,-0.04233462269,-0.6747273065,0.1568431432,0.1648430726,0.06219153982,0.7363646323,-0.02679496207,-0.02784017462,-0.6754806311,-0.1196360477,0.1157113163,0.9079737125,0.6867036991,-0.09384188727,-0.0634405454,-0.718057816,-0.122274789,0.1292699944,0.8207277215,0.6779855762,-0.09306922244,-0.06456874199,-0.7262950887,-0.08938968787,0.183067188,0.9991013596,0.6883783599,-0.08064430352,-0.0772109531,-0.7167078893,-0.1743949922,0.1059385801,0.5347239002,0.6789205455,0.034155031,0.05385588974,-0.7314368529,-0.1434860445,0.1605662836,0.09862800836,0.6809474112,-0.03669167221,-0.01200779565,-0.7313139936,-0.1449786806,0.1569030219,0.06089060187,0.6814425844,-0.02591640047,-0.02357363343,-0.7310325767,0.003674975126,0.1852548276,1.149830388,0.7085439037,-0.003669595855,0.001259042738,-0.7056560674,0.1569135062,0.1976728729,1.382607867,0.7106506652,0.04271506302,0.04783549001,-0.7006160299,0.230189872,0.2368081142,1.372386814,0.7019385332,0.1188748925,-0.02777034472,-0.7016978434,0.2572934242,0.2116151695,1.284936164,0.7260211311,0.1160662287,-0.03368116141,-0.6769693694,0.2708238996,0.2269630204,1.1368037,0.7061378987,0.01610808099,-0.1383325217,-0.6942434092,0.3374965964,0.2099057223,1.023524335,0.6921330962,0.02305349731,-0.1400667062,-0.707673393,0.3935199622,0.1577142124,0.905676401,0.6921330962,0.02305349731,-0.1400667062,-0.707673393,0.3793461545,0.1575771106,0.9012484299,0.6921330962,0.02305349731,-0.1400667062,-0.707673393,-0.1463965962,0.1964377244,1.384724143,0.6975754626,0.07528182199,0.08048068052,-0.7079858623,-0.2198096184,0.2362538413,1.37918629,0.7015897546,0.007120045028,0.1489167859,-0.6968105281,-0.2463978264,0.2193224766,1.289613418,0.6732452454,-0.0009335459266,0.1470471371,-0.7246496446,-0.2589517292,0.2480130689,1.143390621,0.7002000559,-0.154419727,-0.00111785565,-0.6970460386,-0.3252045829,0.2240621722,1.031142717,0.7132406097,-0.1565119453,0.006035507376,-0.6831950061,-0.379910677,0.1653040249,0.9157974129,0.7132406097,-0.1565119453,0.006035507376,-0.6831950061,-0.3657395983,0.1653349123,0.9113587055,0.7132406097,-0.1565119453,0.006035507376,-0.6831950061,-0.02548924156,0.1975969726,1.49195151,0.7084631171,0.005806159475,0.01077313107,-0.705641722,0.006717497146,0.1953798165,1.591801749,0.7093432196,0.005819600025,0.01076587648,-0.7047569971
-0.2454081758,0.05606801936,-0.005065139173,0.3856740678,-0.2233112537,-0.04293831749,-0.2279506291,-0.03838975465,-0.02414450108,0.3482186613,-0.1935856396,0.03163605467,-0.01407067285,0.1319602333,0.215414619,0.07040397216,-0.2944858457,-0.04196510692,0.22493489,-0.194673968,-0.08126328656,-0.434453657,0.04135650958,0.0268557087,0.002497212639,2,2,0,0,0.001417603454,0.2002846832,0.8673362731,0.7134905666,-0.00366043694,0.001284945899,-0.7006540955,0.1263550491,0.1187830555,0.9073834269,0.7326092062,-0.0659182567,-0.1017754179,-0.6697613744,0.1286855551,0.1310738598,0.8199410543,0.7309106413,-0.06566029225,-0.1019420339,-0.6716146083,0.09463145843,0.1864055011,0.9978086581,0.7304736332,-0.08642763917,-0.08296178995,-0.6723510064,0.1839936034,0.1045691762,0.5348137533,0.7368994264,0.0642677393,0.04002223397,-0.6717492939,0.1549440233,0.1687234988,0.09988902334,0.73677017,-0.01098129579,-0.04233509737,-0.674727254,0.1568431389,0.1648430817,0.06219160937,0.7363646376,-0.02679538574,-0.02784062735,-0.6754805898,-0.1196360206,0.1157107854,0.9079737302,0.6867039634,-0.09384149205,-0.06344007825,-0.7180576561,-0.1222747815,0.1292695705,0.8207277564,0.6779855627,-0.09306880802,-0.06456830594,-0.7262951931,-0.08938971232,0.1830665634,0.9991014637,0.6883786268,-0.08064381601,-0.07721057383,-0.7167077287,-0.17439498,0.105938511,0.5347239054,0.6789204813,0.03415512341,0.05385600698,-0.7314368996,-0.1434860384,0.1605663388,0.09862802864,0.6809473503,-0.03669209156,-0.01200814464,-0.7313140235,-0.1449786801,0.1569030364,0.06089062633,0.6814425345,-0.02591670666,-0.02357410522,-0.7310325972,0.003674931056,0.1852541711,1.149830504,0.7085436126,-0.003669386305,0.001259161907,-0.7056563605,0.1569134425,0.197671982,1.382608009,0.7106504364,0.04272090643,0.047841225,-0.7006155141,0.2301897955,0.2368074162,1.372387603,0.7019398777,0.1188676858,-0.02775160032,-0.7016984609,0.2572902705,0.2116159997,1.284935558,0.7260680521,0.1160541364,-0.03367352066,-0.6769214985,0.2708157985,0.2269625037,1.136802503,0.7061833345,0.01609359386,-0.1383416927,-0.6941957004,0.3374885858,0.2099081959,1.023522741,0.691974116,0.02314007754,-0.1401006186,-0.7078193105,0.3935152768,0.1577081829,0.9056801544,0.691974116,0.02314007754,-0.1401006186,-0.7078193105,0.3793423331,0.1575773433,0.9012492292,0.691974116,0.02314007754,-0.1401006186,-0.7078193105,-0.1463966611,0.1964370835,1.384724246,0.6975748706,0.07528352594,0.08048223669,-0.7079860876,-0.2198096352,0.2362533136,1.379186569,0.7015892018,0.007134505548,0.148905736,-0.6968132981,-0.246394822,0.2193225564,1.289612686,0.6732101607,-0.0009282398926,0.1470343149,-0.7246848474,-0.2589437121,0.2480112051,1.143389077,0.7001639026,-0.1544268889,-0.001127441678,-0.6970807517,-0.3251972681,0.2240628028,1.031141055,0.7133604625,-0.1565438987,0.006112350431,-0.6830618548,-0.3799062887,0.165297966,0.9158005468,0.7133604625,-0.1565438987,0.006112350431,-0.6830618548,-0.3657360802,0.1653339678,0.9113591005,0.7133604625,-0.1565438987,0.006112350431,-0.6830618548,-0.02548931931,0.1975961821,1.491951629,0.7084628284,0.005806110585,0.01077298291,-0.7056420145,0.006717404466,0.1953790275,1.591801872,0.709343345,0.00581955727,0.01076572497,-0.7047568735
-0.2454077603,0.05606788316,-0.005065139015,0.3856734806,-0.2233123428,-0.04293835083,-0.2279500839,-0.03838994063,-0.02414500496,0.3482179608,-0.1935866258,0.03163631569,-0.01407153753,0.1319718453,0.2153852865,0.07051093352,-0.2945063447,-0.04244228395,0.2249380333,-0.1946453842,-0.08133952192,-0.4344638184,0.04174515299,0.02685510617,0.00249803988,2,2,0,0,0.001417598116,0.2002842997,0.8673363717,0.7134906553,-0.003660264149,0.001285043756,-0.7006540059,0.1263550521,0.1187827206,0.9073834796,0.7326092699,-0.06591797999,-0.1017751488,-0.6697613729,0.1286855535,0.1310735928,0.8199411164,0.730910705,-0.06566001624,-0.1019417641,-0.6716146069,0.09463144326,0.1864050908,0.9978087608,0.7304737105,-0.08642731461,-0.08296156687,-0.6723509917,0.1839935942,0.1045691359,0.5348137928,0.736899449,0.06426781271,0.04002229455,-0.6717492585,0.1549440156,0.1687235385,0.09988907456,0.7367701762,-0.01098158632,-0.04233544088,-0.674727221,0.1568431356,0.1648430878,0.06219166427,0.7363646371,-0.02679568861,-0.02784096024,-0.6754805647,-0.1196360005,0.1157103998,0.9079737487,0.686704134,-0.09384119738,-0.06343973384,-0.7180575619,-0.1222747739,0.1292692642,0.8207277876,0.6779855515,-0.09306850127,-0.06456798144,-0.7262952718,-0.08938972679,0.1830661064,0.9991015463,0.6883787992,-0.08064345411,-0.07721029433,-0.7167076339,-0.1743949695,0.1059384683,0.5347239145,0.6789204329,0.03415518298,0.05385608684,-0.7314369359,-0.143486034,0.1605663783,0.0986280476,0.6809473039,-0.03669239639,-0.01200839626,-0.7313140473,-0.1449786798,0.1569030463,0.06089064832,0.6814424963,-0.02591692325,-0.02357445258,-0.7310326139,0.003674900658,0.1852536794,1.149830597,0.7085433969,-0.00366921475,0.00125925939,-0.7056565779,0.1569133953,0.1976713082,1.382608123,0.7106502652,0.04272516936,0.04784540004,-0.7006151427,0.2301897396,0.236806882,1.372388189,0.7019409926,0.1188616108,-0.02773711825,-0.7016989473,0.2572877759,0.2116165843,1.284935066,0.7261051996,0.1160441883,-0.03366780381,-0.6768836417,0.2708093846,0.2269618724,1.136801528,0.7062193907,0.01608223806,-0.1383487862,-0.694157869,0.3374822361,0.2099099904,1.023521438,0.6918476745,0.02320905192,-0.1401273652,-0.7079353478,0.3935115543,0.1577032723,0.9056830705,0.6918476745,0.02320905192,-0.1401273652,-0.7079353478,0.3793392993,0.1575774145,0.9012497985,0.6918476745,0.02320905192,-0.1401273652,-0.7079353478,-0.1463967093,0.196436595,1.384724327,0.697574428,0.07528481883,0.08048341327,-0.7079862524,-0.2198096476,0.2362529098,1.379186783,0.701588785,0.007145862355,0.1488969643,-0.6968154759,-0.246392449,0.2193226173,1.289612104,0.673182478,-0.0009241083206,0.147024142,-0.724712632,-0.2589373849,0.248009709,1.14338785,0.7001353592,-0.1544325172,-0.001134980117,-0.6971081611,-0.325191496,0.2240632858,1.031139735,0.7134550433,-0.1565690885,0.006173037888,-0.6829567448,-0.3799028267,0.1652931789,0.915803007,0.7134550433,-0.1565690885,0.006173037888,-0.6829567448,-0.3657333067,0.1653332176,0.9113593993,0.7134550433,-0.1565690885,0.006173037888,-0.6829567448,-0.02548937807,0.1975955788,1.491951723,0.7084626147,0.005806072455,0.01077286405,-0.7056422313,0.006717333626,0.195378427,1.591801971,0.709343423,0.005819523445,0.01076560375,-0.7047567971
-0.2454074478,0.05606777568,-0.005065111119,0.3856730063,-0.2233131384,-0.04293836298,-0.227949696,-0.03839008105,-0.02414534555,0.3482174175,-0.1935873419,0.03163652274,-0.01407215469,0.1319804456,0.2153620248,0.07059561567,-0.2945217703,-0.04282149472,0.2249404201,-0.194622829,-0.08139970743,-0.4344717045,0.04205192751,0.0268546217,0.002498638846,2,2,0,0,0.001417598556,0.200284014,0.8673364501,0.7134907096,-0.003660124155,0.001285122789,-0.7006539511,0.1263550556,0.1187824662,0.9073835225,0.7326093061,-0.06591776538,-0.1017749386,-0.6697613864,0.1286855541,0.1310733913,0.8199411667,0.7309107506,-0.06565980358,-0.1019415525,-0.6716146103,0.09463143498,0.1864047788,0.9978088427,0.7304737573,-0.08642706184,-0.08296139251,-0.6723509948,0.1839935875,0.10456911,0.5348138254,0.7368994626,0.06426786277,0.04002233627,-0.6717492362,0.1549440097,0.1687235675,0.0998891152,0.7367701775,-0.01098180249,-0.04233569403,-0.6747272001,0.1568431328,0.1648430919,0.06219170763,0.7363646336,-0.02679590924,-0.02784120967,-0.6754805494,-0.1196359845,0.1157101141,0.9079737657,0.6867042473,-0.0938409747,-0.06343947489,-0.7180575055,-0.1222747663,0.1292690383,0.8207278142,0.6779855418,-0.09306827073,-0.06456773568,-0.7262953322,-0.08938973466,0.1830657658,0.9991016119,0.6883789139,-0.08064318097,-0.07721008466,-0.7167075771,-0.1743949605,0.1059384415,0.5347239246,0.6789203954,0.03415522182,0.0538561428,-0.7314369648,-0.1434860307,0.160566407,0.09862806426,0.6809472677,-0.03669262237,-0.01200858075,-0.7313140666,-0.1449786797,0.1569030532,0.06089066721,0.6814424663,-0.02591707923,-0.02357471304,-0.7310326279,0.003674879917,0.1852533062,1.149830671,0.7085432338,-0.003669075704,0.001259338274,-0.7056567422,0.1569133605,0.1976707925,1.382608213,0.7106501347,0.04272833886,0.04784849863,-0.7006148701,0.2301896987,0.2368064692,1.372388631,0.7019419046,0.1188565837,-0.02772584696,-0.7016993319,0.2572858009,0.2116170057,1.284934669,0.7261346372,0.1160360891,-0.03366346383,-0.6768536666,0.2708043022,0.2269612443,1.136800738,0.7062480121,0.01607330405,-0.1383543106,-0.6941278549,0.3374771999,0.2099113181,1.023520381,0.6917471432,0.02326395679,-0.1401485006,-0.7080275955,0.3935085966,0.1576993023,0.9056853491,0.6917471432,0.02326395679,-0.1401485006,-0.7080275955,0.3793368904,0.157577406,0.9012502128,0.6917471432,0.02326395679,-0.1401485006,-0.7080275955,-0.1463967449,0.1964362194,1.384724392,0.6975740922,0.07528580914,0.08048431166,-0.7079863759,-0.219809656,0.2362525983,1.379186949,0.7015884663,0.007154792841,0.148890012,-0.6968171907,-0.2463905744,0.2193226642,1.289611644,0.673160633,-0.0009208803543,0.1470160827,-0.7247345621,-0.2589323908,0.2480085137,1.143386879,0.700112825,-0.1544369459,-0.001140913595,-0.6971298016,-0.3251869406,0.2240636585,1.031138687,0.7135296853,-0.156588953,0.006220960508,-0.6828737714,-0.379900095,0.1652893978,0.9158049414,0.7135296853,-0.156588953,0.006220960508,-0.6828737714,-0.3657311194,0.1653326229,0.9113596277,0.7135296853,-0.156588953,0.006220960508,-0.6828737714,-0.02548942225,0.1975951142,1.491951799,0.7084624532,0.005806042762,0.01077276912,-0.7056423951,0.006717279716,0.1953779653,1.59180205,0.7093434728,0.005819496857,0.01076550712,-0.7047567487
-0.2454072096,0.05606768959,-0.00506507425,0.3856726255,-0.2233137304,-0.04293836242,-0.2279494137,-0.03839018952,-0.02414558323,0.3482169934,-0.1935878714,0.03163668901,-0.01407260686,0.1319869209,0.2153435671,0.07066272365,-0.2945335324,-0.04312282169,0.2249422481,-0.1946050312,-0.08144721803,-0.4344778499,0.04229407921,0.02685423406,0.00249908318,2,2,0,0,0.001417602191,0.200283798,0.8673365126,0.7134907437,-0.003660011471,0.001285186219,-0.7006539169,0.1263550597,0.118782271,0.9073835574,0.7326093268,-0.06591759839,-0.1017747734,-0.6697614053,0.1286855564,0.1310732374,0.8199412073,0.7309107836,-0.06565963888,-0.1019413856,-0.6716146158,0.09463143117,0.1864045391,0.9978089079,0.7304737864,-0.08642686404,-0.08296125579,-0.6723510055,0.1839935829,0.1045690928,0.534813852,0.7368994707,0.06426789756,0.04002236601,-0.6717492223,0.1549440053,0.1687235892,0.09988914744,0.7367701763,-0.01098196609,-0.04233588344,-0.6747271869,0.1568431306,0.1648430948,0.06219174191,0.7363646289,-0.02679607256,-0.02784139952,-0.6754805403,-0.1196359712,0.1157098992,0.9079737806,0.6867043247,-0.09384080473,-0.06343927723,-0.7180574711,-0.1222747587,0.129268869,0.8207278364,0.6779855334,-0.09306809548,-0.06456754703,-0.7262953793,-0.08938973824,0.1830655082,0.9991016639,0.6883789925,-0.0806429722,-0.07720992525,-0.7167075423,-0.1743949525,0.1059384244,0.5347239343,0.6789203658,0.03415524745,0.05385618314,-0.7314369881,-0.1434860283,0.1605664283,0.09862807837,0.680947239,-0.03669279271,-0.01200871801,-0.7313140826,-0.1449786797,0.1569030582,0.06089068301,0.6814424425,-0.02591719335,-0.0235749113,-0.7310326397,0.003674866001,0.1852530198,1.14983073,0.7085431086,-0.003668963754,0.001259401666,-0.7056568684,0.156913335,0.1976703941,1.382608286,0.7106500338,0.04273073263,0.04785083536,-0.7006146669,0.230189669,0.236806148,1.372388968,0.7019426439,0.1188524747,-0.02771702603,-0.7016996369,0.2572842364,0.2116173158,1.284934349,0.7261579809,0.1160295421,-0.03366013099,-0.6768299105,0.2708002723,0.2269606729,1.136800102,0.7062707367,0.0160662563,-0.1383586352,-0.694104034,0.337473204,0.2099123168,1.023519529,0.6916672307,0.02330763705,-0.1401652255,-0.7081009149,0.3935062467,0.157696109,0.9056871372,0.6916672307,0.02330763705,-0.1401652255,-0.7081009149,0.3793349773,0.1575773621,0.90125052,0.6916672307,0.02330763705,-0.1401652255,-0.7081009149,-0.146396771,0.1964359285,1.384724443,0.6975738343,0.07528657305,0.08048500271,-0.7079864702,-0.2198096612,0.2362523567,1.379187078,0.7015882202,0.007161821586,0.148884508,-0.6968185423,-0.2463890934,0.2193227005,1.289611279,0.6731433935,-0.0009183522509,0.1470097042,-0.7247518716,-0.2589284485,0.2480075617,1.143386109,0.7000950358,-0.1544404336,-0.001145586733,-0.6971468862,-0.325183345,0.2240639478,1.031137858,0.7135885946,-0.1566046221,0.006258799919,-0.6828082728,-0.3798979391,0.1652864118,0.915806464,0.7135885946,-0.1566046221,0.006258799919,-0.6828082728,-0.3657293939,0.165332152,0.911359804,0.7135885946,-0.1566046221,0.006258799919,-0.6828082728,-0.02548945529,0.1975947537,1.491951859,0.7084623292,0.005806019629,0.01077269352,-0.7056425209,0.00671723886,0.1953776075,1.591802112,0.7093435056,0.005819476021,0.01076543024,-0.7047567171
-0.2454070264,0.05606761993,-0.005065037477,0.385672321,-0.2233141777,-0.04293835453,-0.2279492041,-0.03839027481,-0.02414575411,0.3482166608,-0.1935882689,0.03163682364,-0.01407294568,0.131991861,0.2153289152,0.07071594188,-0.2945425946,-0.04336224369,0.2249436572,-0.1945909874,-0.08148472044,-0.4344826534,0.04248522094,0.0268539249,0.002499419648,2,2,0,0,0.001417607439,0.2002836329,0.8673365622,0.7134907657,-0.003659921171,0.001285236915,-0.7006538949,0.1263550643,0.11878212,0.9073835854,0.7326093386,-0.06591746816,-0.1017746431,-0.6697614249,0.1286855595,0.1310731188,0.8199412399,0.7309108078,-0.06565951086,-0.1019412538,-0.671614622,0.09463143022,0.1864043536,0.9978089598,0.7304738049,-0.08642670876,-0.08296114835,-0.6723510186,0.1839935797,0.1045690811,0.5348138734,0.7368994752,0.06426792215,0.04002238792,-0.6717492137,0.1549440019,0.1687236055,0.09988917301,0.7367701737,-0.01098209159,-0.04233602696,-0.6747271786,0.1568431288,0.1648430968,0.06219176903,0.7363646238,-0.02679619507,-0.02784154584,-0.6754805349,-0.1196359597,0.1157097353,0.9079737933,0.6867043792,-0.09384067401,-0.06343912458,-0.7180574497,-0.1222747514,0.1292687403,0.8207278546,0.677985526,-0.09306796111,-0.06456740077,-0.7262954164,-0.08938973905,0.1830653111,0.9991017052,0.6883790478,-0.08064281112,-0.07720980278,-0.7167075205,-0.1743949455,0.1059384133,0.534723943,0.6789203422,0.03415526459,0.053856213,-0.731437007,-0.1434860264,0.1605664443,0.09862809009,0.6809472159,-0.03669292285,-0.01200882136,-0.7313140958,-0.1449786798,0.1569030619,0.06089069601,0.6814424232,-0.02591727797,-0.02357506406,-0.7310326497,0.003674856896,0.1852527983,1.149830777,0.7085430112,-0.003668874027,0.001259452374,-0.7056569665,0.1569133165,0.197670084,1.382608344,0.7106499548,0.04273256337,0.04785262032,-0.7006145135,0.2301896475,0.2368058965,1.372389229,0.7019432393,0.1188491439,-0.02771009429,-0.7016998792,0.2572829965,0.2116175481,1.284934093,0.7261765014,0.1160242762,-0.03365754868,-0.6768110708,0.2707970756,0.2269601774,1.136799592,0.7062887822,0.01606068551,-0.1383620336,-0.6940851231,0.3374700325,0.2099130782,1.023518844,0.6916037185,0.02334237307,-0.1401784739,-0.708159181,0.3935043797,0.1576935496,0.9056885449,0.6916037185,0.02334237307,-0.1401784739,-0.708159181,0.3793334578,0.1575773059,0.9012507513,0.6916037185,0.02334237307,-0.1401784739,-0.708159181,-0.14639679,0.1964357021,1.384724484,0.6975736344,0.07528716539,0.08048553715,-0.7079865433,-0.219809664,0.2362521685,1.379187179,0.7015880285,0.007167357014,0.148880154,-0.6968196086,-0.2463879232,0.2193227286,1.289610991,0.6731297877,-0.0009163688316,0.1470046597,-0.7247655339,-0.2589253363,0.2480068052,1.1433855,0.7000809928,-0.154443182,-0.001149268869,-0.6971603734,-0.325180507,0.2240641731,1.031137201,0.7136350889,-0.156616984,0.006288675801,-0.6827565692,-0.3798962376,0.1652840539,0.9158076635,0.7136350889,-0.156616984,0.006288675801,-0.6827565692,-0.3657280325,0.1653317795,0.9113599407,0.7136350889,-0.156616984,0.006288675801,-0.6827565692,-0.02548947988,0.1975944726,1.491951906,0.7084622328,0.005806001588,0.0107726334,-0.7056426188,0.00671720802,0.1953773287,1.591802162,0.7093435279,0.005819459717,0.01076536917,-0.7047566957
-0.2454068845,0.05606756317,-0.005065004716,0.3856720785,-0.2233145199,-0.04293834273,-0.2279490461,-0.03839034272,-0.02414588025,0.3482163992,-0.1935885712,0.03163693326,-0.01407320427,0.1319956694,0.2153172809,0.07075816669,-0.2945496328,-0.04355246875,0.2249447485,-0.194579906,-0.08151432129,-0.434486416,0.04263609787,0.02685367887,0.002499678715,2,2,0,0,0.001417613339,0.2002835054,0.8673366016,0.7134907804,-0.003659849034,0.001285277316,-0.7006538802,0.126355069,0.1187820024,0.9073836079,0.7326093456,-0.06591736645,-0.1017745399,-0.6697614431,0.1286855632,0.1310730268,0.8199412659,0.7309108256,-0.06565941108,-0.1019411493,-0.6716146282,0.09463143103,0.1864042092,0.9978090011,0.7304738171,-0.08642658655,-0.0829610638,-0.6723510315,0.1839935778,0.1045690729,0.5348138905,0.7368994776,0.06426793979,0.04002240453,-0.6717492084,0.1549439993,0.168723618,0.09988919329,0.7367701707,-0.01098218891,-0.04233613677,-0.6747271735,0.1568431273,0.1648430983,0.0621917905,0.7363646188,-0.02679628797,-0.02784165972,-0.675480532,-0.1196359497,0.1157096092,0.9079738037,0.6867044184,-0.09384057293,-0.06343900567,-0.7180574359,-0.1222747445,0.1292686415,0.8207278694,0.6779855195,-0.09306785739,-0.06456728651,-0.7262954459,-0.08938973816,0.1830651589,0.9991017379,0.6883790878,-0.08064268592,-0.07720970796,-0.7167075064,-0.1743949393,0.1059384058,0.5347239504,0.6789203231,0.03415527617,0.05385623562,-0.7314370225,-0.143486025,0.1605664566,0.09862809969,0.6809471973,-0.03669302336,-0.01200889992,-0.7313141068,-0.14497868,0.1569030646,0.06089070659,0.6814424076,-0.02591734141,-0.02357518285,-0.7310326582,0.00367485116,0.1852526259,1.149830814,0.7085429347,-0.003668802338,0.001259492808,-0.7056570436,0.1569133031,0.1976698415,1.382608389,0.7106498924,0.04273397728,0.04785399758,-0.7006143965,0.2301896321,0.2368056989,1.372389432,0.7019437167,0.1188464596,-0.02770463055,-0.701700072,0.2572820134,0.2116177244,1.284933888,0.7261912007,0.1160200554,-0.03365553428,-0.6767961228,0.270794539,0.22695976,1.136799184,0.7063031138,0.01605627577,-0.1383647119,-0.6940701074,0.3374675148,0.2099136647,1.023518297,0.6915532469,0.02336998812,-0.1401889765,-0.7082054795,0.3935028963,0.1576915036,0.9056896556,0.6915532469,0.02336998812,-0.1401889765,-0.7082054795,0.379332251,0.1575772491,0.9012509276,0.6915532469,0.02336998812,-0.1401889765,-0.7082054795,-0.1463968037,0.1964355252,1.384724516,0.6975734785,0.07528762645,0.08048595213,-0.7079866008,-0.219809665,0.2362520215,1.379187258,0.7015878783,0.007171718317,0.1488767118,-0.6968204504,-0.2463869985,0.2193227506,1.289610763,0.6731190495,-0.0009148108055,0.1470006721,-0.7247763177,-0.2589228794,0.2480062049,1.143385019,0.7000699076,-0.1544453487,-0.001152171067,-0.6971710201,-0.3251782667,0.2240643492,1.031136682,0.7136717856,-0.1566267379,0.006312263023,-0.6827157554,-0.3798948945,0.1652821923,0.9158086089,0.7136717856,-0.1566267379,0.006312263023,-0.6827157554,-0.3657269582,0.165331485,0.9113600473,0.7136717856,-0.1566267379,0.006312263023,-0.6827157554,-0.02548949807,0.1975942525,1.491951944,0.7084621571,0.005805987503,0.01077258565,-0.7056426956,0.006717184834,0.1953771104,1.591802201,0.7093435436,0.005819446966,0.01076532069,-0.7047566808
-0.245406774,0.05606751673,-0.005064977239,0.3856718857,-0.2233147842,-0.0429383292,-0.2279489256,-0.0383903973,-0.02414597545,0.348216193,-0.1935888033,0.03163702283,-0.01407340455,0.1319986288,0.2153080408,0.07079168139,-0.294555132,-0.04370360047,0.2249455967,-0.1945711623,-0.08153768438,-0.434489368,0.04275519166,0.02685348339,0.002499880802,2,2,0,0,0.001417619315,0.2002834064,0.8673366329,0.7134907905,-0.00365979153,0.00128530945,-0.7006538702,0.1263550737,0.1187819106,0.9073836259,0.7326093497,-0.06591728693,-0.1017744581,-0.6697614588,0.128685567,0.131072955,0.8199412867,0.7309108389,-0.06565933316,-0.1019410663,-0.6716146339,0.09463143287,0.1864040962,0.9978090338,0.7304738255,-0.08642649021,-0.08296099719,-0.672351043,0.1839935767,0.104569067,0.5348139042,0.7368994786,0.06426795261,0.04002241742,-0.6717492053,0.1549439972,0.1687236277,0.09988920937,0.7367701676,-0.010982265,-0.04233622144,-0.6747271704,0.1568431261,0.1648430994,0.0621918075,0.7363646142,-0.02679635898,-0.02784174901,-0.6754805305,-0.1196359409,0.1157095113,0.9079738123,0.6867044472,-0.09384049444,-0.06343891242,-0.7180574268,-0.1222747381,0.1292685649,0.8207278813,0.6779855139,-0.09306777696,-0.06456719676,-0.7262954694,-0.08938973627,0.1830650406,0.9991017639,0.6883791174,-0.0806425881,-0.07720963411,-0.7167074969,-0.174394934,0.1059384008,0.5347239567,0.6789203075,0.03415528406,0.05385625306,-0.7314370353,-0.1434860239,0.1605664659,0.09862810747,0.6809471821,-0.03669310161,-0.01200896009,-0.731314116,-0.1449786802,0.1569030667,0.06089071514,0.6814423949,-0.02591738938,-0.0235752759,-0.7310326653,0.003674847764,0.185252491,1.149830843,0.7085428743,-0.003668745188,0.001259524978,-0.7056571046,0.1569132936,0.197669651,1.382608426,0.7106498428,0.04273507752,0.04785506849,-0.7006143065,0.2301896211,0.2368055431,1.37238959,0.7019440983,0.1188443051,-0.02770031429,-0.7017002256,0.2572812339,0.2116178599,1.284933725,0.7262028702,0.1160166808,-0.0336539549,-0.6767842584,0.2707925256,0.2269594149,1.136798858,0.7063144967,0.01605278139,-0.138366827,-0.6940581828,0.3374655158,0.2099141201,1.023517859,0.691513142,0.0233919373,-0.1401973068,-0.7082422657,0.3935017178,0.1576898708,0.9056905336,0.691513142,0.0233919373,-0.1401973068,-0.7082422657,0.3793312923,0.157577197,0.9012510633,0.691513142,0.0233919373,-0.1401973068,-0.7082422657,-0.1463968134,0.1964353866,1.384724541,0.6975733561,0.07528798632,0.0804862753,-0.7079866464,-0.2198096648,0.2362519064,1.37918732,0.7015877602,0.007175155612,0.1488739914,-0.6968211152,-0.2463862679,0.2193227677,1.289610583,0.6731105744,-0.0009135858433,0.1469975213,-0.7247848293,-0.2589209397,0.2480057292,1.143384639,0.7000611573,-0.1544470575,-0.001154459038,-0.6971794243,-0.3251764982,0.2240644871,1.031136272,0.71370075,-0.1566344349,0.006330884652,-0.682683538,-0.3798938344,0.1652807225,0.9158093544,0.71370075,-0.1566344349,0.006330884652,-0.682683538,-0.3657261103,0.1653312522,0.9113601307,0.71370075,-0.1566344349,0.006330884652,-0.682683538,-0.02548951144,0.1975940796,1.491951974,0.7084620973,0.005805976494,0.01077254776,-0.7056427563,0.006717167474,0.195376939,1.591802232,0.709343555,0.005819436998,0.01076528222,-0.7047566699
-0.2454066877,0.05606747864,-0.005064955037,0.3856717327,-0.2233149899,-0.04293831527,-0.2279488327,-0.03839044144,-0.02414604863,0.3482160303,-0.1935889829,0.03163709615,-0.01407356142,0.1320009424,0.215300701,0.07081828984,-0.2945594484,-0.04382366988,0.2249462576,-0.1945642632,-0.08155612356,-0.4344916866,0.04284919733,0.02685332822,0.002500040003,2,2,0,0,0.001417625038,0.2002833291,0.8673366577,0.7134907977,-0.003659745763,0.001285334972,-0.700653863,0.1263550783,0.1187818385,0.9073836402,0.7326093522,-0.0659172247,-0.1017743931,-0.6697614721,0.1286855708,0.1310728988,0.8199413033,0.7309108488,-0.06565927223,-0.1019410005,-0.6716146391,0.09463143526,0.1864040076,0.9978090598,0.7304738314,-0.08642641417,-0.08296094466,-0.6723510528,0.1839935763,0.1045690626,0.5348139152,0.7368994788,0.06426796202,0.04002242761,-0.6717492036,0.1549439956,0.1687236352,0.09988922212,0.7367701645,-0.01098232485,-0.0423362871,-0.6747271686,0.1568431251,0.1648431003,0.06219182097,0.7363646101,-0.02679641362,-0.02784181939,-0.6754805299,-0.1196359332,0.1157094349,0.9079738192,0.6867044689,-0.09384043329,-0.06343883894,-0.7180574205,-0.1222747323,0.1292685053,0.8207278909,0.6779855091,-0.09306771434,-0.06456712595,-0.7262954883,-0.08938973385,0.1830649481,0.9991017844,0.6883791396,-0.08064251137,-0.07720957634,-0.7167074904,-0.1743949294,0.1059383973,0.5347239619,0.6789202949,0.03415528947,0.05385626672,-0.7314370458,-0.143486023,0.1605664732,0.09862811376,0.6809471698,-0.03669316292,-0.01200900643,-0.7313141237,-0.1449786804,0.1569030682,0.06089072202,0.6814423844,-0.02591742589,-0.02357534916,-0.7310326714,0.003674845968,0.1852523852,1.149830867,0.7085428262,-0.003668699701,0.001259550534,-0.705657153,0.156913287,0.1976695009,1.382608455,0.7106498032,0.04273593853,0.04785590606,-0.7006142369,0.2301896133,0.23680542,1.372389715,0.7019444025,0.1188425809,-0.02769689893,-0.7017003481,0.2572806156,0.2116179649,1.284933595,0.7262121363,0.1160139876,-0.0336527119,-0.6767748391,0.2707909273,0.226959133,1.136798598,0.7063235382,0.01605001024,-0.1383685,-0.6940487121,0.3374639285,0.2099144759,1.023517509,0.6914812764,0.0234093804,-0.140203917,-0.7082714924,0.3935007816,0.1576885694,0.9056912284,0.6914812764,0.0234093804,-0.140203917,-0.7082714924,0.3793305309,0.1575771517,0.9012511685,0.6914812764,0.0234093804,-0.140203917,-0.7082714924,-0.1463968203,0.1964352778,1.384724562,0.6975732598,0.07528826778,0.08048652749,-0.7079866827,-0.2198096638,0.2362518161,1.379187368,0.7015876669,0.007177865267,0.1488718422,-0.6968216404,-0.2463856905,0.2193227811,1.289610441,0.6731038853,-0.0009126221273,0.1469950322,-0.7247915474,-0.2589194083,0.2480053525,1.143384339,0.7000542503,-0.1544484054,-0.001156263064,-0.6971860582,-0.3251751021,0.2240645952,1.031135949,0.7137236117,-0.1566405091,0.006345585652,-0.6826581067,-0.3798929976,0.1652795622,0.9158099424,0.7137236117,-0.1566405091,0.006345585652,-0.6826581067,-0.3657254411,0.1653310683,0.9113601962,0.7137236117,-0.1566405091,0.006345585652,-0.6826581067,-0.0254895212,0.1975939436,1.491951998,0.7084620497,0.005805967882,0.0107725177,-0.7056428046,0.006717154532,0.195376804,1.591802257,0.7093435636,0.005819429206,0.01076525171,-0.7047566618
-0.24540662,0.05606744736,-0.005064937546,0.3856716114,-0.2233151508,-0.04293830177,-0.2279487605,-0.03839047727,-0.02414610567,0.3482159016,-0.1935891227,0.03163715623,-0.01407368532,0.1320027593,0.2152948701,0.07083941932,-0.2945628477,-0.04391905955,0.2249467736,-0.1945588196,-0.08157067616,-0.4344935092,0.04292339964,0.02685320515,0.002500166339,2,2,0,0,0.00141763033,0.2002832685,0.8673366774,0.713490803,-0.003659709378,0.001285355222,-0.7006538578,0.1263550826,0.1187817819,0.9073836517,0.7326093538,-0.06591717597,-0.1017743414,-0.669761483,0.1286855744,0.1310728546,0.8199413164,0.7309108563,-0.06565922453,-0.1019409481,-0.6716146436,0.09463143788,0.1864039379,0.9978090804,0.7304738357,-0.08642635408,-0.08296090321,-0.672351061,0.1839935762,0.1045690593,0.5348139238,0.7368994785,0.06426796897,0.04002243577,-0.6717492028,0.1549439943,0.1687236411,0.09988923223,0.7367701617,-0.01098237213,-0.04233633824,-0.6747271677,0.1568431242,0.164843101,0.06219183165,0.7363646065,-0.02679645587,-0.02784187511,-0.6754805299,-0.1196359264,0.1157093751,0.9079738247,0.6867044854,-0.09384038556,-0.06343878083,-0.7180574161,-0.1222747272,0.1292684587,0.8207278985,0.6779855049,-0.09306766547,-0.06456706992,-0.7262955034,-0.08938973121,0.1830648756,0.9991018007,0.6883791567,-0.08064245099,-0.077209531,-0.7167074857,-0.1743949254,0.1059383948,0.5347239662,0.6789202846,0.03415529318,0.05385627751,-0.7314370544,-0.1434860224,0.1605664789,0.0986281188,0.6809471597,-0.03669321118,-0.01200904228,-0.7313141301,-0.1449786806,0.1569030695,0.06089072753,0.6814423759,-0.02591745383,-0.02357540707,-0.7310326765,0.003674845247,0.1852523019,1.149830885,0.7085427878,-0.003668663537,0.001259570812,-0.7056571917,0.1569132824,0.1976693824,1.382608478,0.7106497715,0.0427366152,0.047856564,-0.7006141829,0.2301896079,0.2368053226,1.372389813,0.7019446448,0.1188412037,-0.02769419322,-0.7017004458,0.2572801252,0.2116180468,1.284933491,0.7262194949,0.1160118408,-0.03365173092,-0.6767673597,0.2707896584,0.2269589046,1.136798391,0.7063307203,0.01604781138,-0.1383698247,-0.6940411897,0.3374626679,0.2099147552,1.023517231,0.6914559586,0.02342324095,-0.1402091636,-0.7082947123,0.3935000377,0.1576875333,0.9056917788,0.6914559586,0.02342324095,-0.1402091636,-0.7082947123,0.379329926,0.1575771135,0.9012512505,0.6914559586,0.02342324095,-0.1402091636,-0.7082947123,-0.1463968251,0.1964351923,1.384724578,0.6975731837,0.07528848825,0.0804867246,-0.7079867118,-0.2198096623,0.2362517451,1.379187406,0.701587593,0.007180001652,0.1488701446,-0.6968220554,-0.2463852342,0.2193227916,1.289610329,0.6730986058,-0.0009118635928,0.1469930663,-0.72479685,-0.2589181993,0.2480050544,1.143384102,0.7000487983,-0.1544494688,-0.001157685665,-0.6971912946,-0.325174,0.2240646801,1.031135693,0.7137416566,-0.1566453028,0.006357191237,-0.6826380321,-0.379892337,0.1652786462,0.9158104063,0.7137416566,-0.1566453028,0.006357191237,-0.6826380321,-0.365724913,0.165330923,0.9113602476,0.7137416566,-0.1566453028,0.006357191237,-0.6826380321,-0.02548952827,0.1975938363,1.491952016,0.7084620117,0.005805961141,0.01077249387,-0.7056428432,0.006717144929,0.1953766976,1.591802277,0.7093435702,0.005819423115,0.01076522752,-0.7047566556
-0.2454065668,0.05606742166,-0.005064924019,0.3856715154,-0.2233152772,-0.04293828914,-0.2279487042,-0.03839050645,-0.02414615062,0.3482157999,-0.193589232,0.03163720548,-0.01407378378,0.1320041911,0.2152902375,0.0708562004,-0.2945655314,-0.04399484137,0.2249471769,-0.1945545246,-0.08158216115,-0.4344949429,0.04298197015,0.02685310759,0.002500267126,2,2,0,0,0.001417635107,0.2002832209,0.867336693,0.713490807,-0.003659680474,0.001285371278,-0.7006538538,0.1263550865,0.1187817373,0.9073836608,0.7326093548,-0.06591713781,-0.1017743003,-0.6697614918,0.1286855777,0.1310728199,0.8199413269,0.7309108619,-0.06565918716,-0.1019409064,-0.6716146475,0.09463144051,0.186403883,0.9978090968,0.7304738389,-0.08642630657,-0.0829608705,-0.6723510676,0.1839935764,0.1045690567,0.5348139307,0.7368994779,0.06426797414,0.04002244235,-0.6717492025,0.1549439933,0.1687236458,0.09988924025,0.7367701592,-0.01098240962,-0.04233637821,-0.6747271673,0.1568431235,0.1648431015,0.0621918401,0.7363646033,-0.02679648865,-0.02784191934,-0.6754805302,-0.1196359206,0.1157093281,0.9079738292,0.6867044981,-0.09384034822,-0.06343873475,-0.7180574129,-0.1222747226,0.129268422,0.8207279046,0.6779855014,-0.09306762725,-0.06456702548,-0.7262955155,-0.08938972856,0.1830648186,0.9991018136,0.6883791698,-0.08064240337,-0.07720949532,-0.7167074823,-0.174394922,0.105938393,0.5347239696,0.6789202761,0.03415529572,0.05385628612,-0.7314370615,-0.1434860218,0.1605664833,0.09862812284,0.6809471515,-0.03669324928,-0.0120090701,-0.7313141354,-0.1449786808,0.1569030704,0.06089073193,0.6814423689,-0.02591747528,-0.02357545297,-0.7310326808,0.003674845227,0.1852522363,1.1498309,0.7085427571,-0.003668634809,0.00125958689,-0.7056572227,0.1569132793,0.1976692887,1.382608496,0.7106497461,0.04273714866,0.04785708251,-0.7006141407,0.2301896043,0.2368052454,1.37238989,0.7019448374,0.1188401054,-0.02769204783,-0.7017005237,0.2572797361,0.2116181109,1.284933408,0.7262253393,0.1160101312,-0.03365095512,-0.6767614198,0.2707886508,0.2269587207,1.136798227,0.7063364255,0.01604606593,-0.1383708746,-0.6940352144,0.3374616668,0.2099149752,1.023517009,0.6914358439,0.02343425387,-0.140213329,-0.7083131594,0.3934994468,0.1576867088,0.9056922151,0.6914358439,0.02343425387,-0.140213329,-0.7083131594,0.3793294455,0.1575770819,0.9012513148,0.6914358439,0.02343425387,-0.140213329,-0.7083131594,-0.1463968284,0.196435125,1.38472459,0.6975731235,0.07528866112,0.08048687884,-0.7079867352,-0.2198096606,0.2362516894,1.379187436,0.7015875344,0.00718168624,0.148868804,-0.6968223835,-0.2463848737,0.2193227997,1.289610241,0.6730944389,-0.000911266358,0.1469915139,-0.7248010353,-0.2589172448,0.2480048185,1.143383914,0.700044495,-0.1544503079,-0.001158807575,-0.6971954278,-0.32517313,0.2240647467,1.031135491,0.7137558998,-0.1566490861,0.006366353018,-0.6826221861,-0.3798918156,0.165277923,0.9158107724,0.7137558998,-0.1566490861,0.006366353018,-0.6826221861,-0.3657244961,0.1653308082,0.911360288,0.7137558998,-0.1566490861,0.006366353018,-0.6826221861,-0.02548953334,0.1975937516,1.491952031,0.7084619813,0.005805955862,0.01077247498,-0.705642874,0.00671713784,0.1953766136,1.591802292,0.7093435753,0.005819418354,0.01076520834,-0.7047566508
-0.2454065249,0.05606740054,-0.005064913709,0.3856714394,-0.2233153769,-0.04293827765,-0.22794866,-0.03839053024,-0.02414618631,0.3482157193,-0.1935893177,0.03163724585,-0.01407386238,0.132005322,0.2152865567,0.07086952933,-0.2945676541,-0.04405504535,0.2249474925,-0.1945511357,-0.08159122499,-0.434496071,0.04302820174,0.02685303029,0.002500347833,2,2,0,0,0.001417639348,0.2002831834,0.8673367054,0.7134908101,-0.003659657527,0.001285384001,-0.7006538507,0.1263550901,0.1187817021,0.907383668,0.7326093556,-0.0659171079,-0.1017742676,-0.6697614989,0.1286855807,0.1310727925,0.8199413352,0.7309108661,-0.06565915786,-0.1019408733,-0.6716146508,0.09463144305,0.1864038396,0.9978091098,0.7304738415,-0.08642626899,-0.08296084466,-0.6723510729,0.1839935768,0.1045690547,0.5348139362,0.7368994772,0.064267978,0.0400224477,-0.6717492026,0.1549439925,0.1687236494,0.0998892466,0.736770157,-0.01098243941,-0.04233640952,-0.6747271673,0.1568431229,0.1648431019,0.06219184681,0.7363646006,-0.02679651415,-0.02784195453,-0.6754805307,-0.1196359155,0.115709291,0.9079738327,0.686704508,-0.09384031899,-0.06343869814,-0.7180574105,-0.1222747186,0.1292683931,0.8207279094,0.6779854984,-0.0930675973,-0.06456699019,-0.7262955253,-0.08938972602,0.1830647736,0.9991018239,0.6883791801,-0.08064236577,-0.0772094672,-0.7167074796,-0.1743949191,0.1059383916,0.5347239724,0.6789202692,0.03415529745,0.05385629301,-0.7314370673,-0.1434860214,0.1605664868,0.09862812606,0.6809471447,-0.03669327946,-0.01200909174,-0.7313141398,-0.144978681,0.1569030712,0.06089073545,0.6814423631,-0.0259174918,-0.02357548943,-0.7310326844,0.003674845645,0.1852521845,1.149830912,0.7085427325,-0.003668612001,0.00125959963,-0.7056572475,0.1569132772,0.1976692145,1.38260851,0.7106497256,0.0427375702,0.04785749211,-0.7006141078,0.2301896018,0.2368051842,1.372389952,0.7019449905,0.1188392305,-0.02769034565,-0.701700586,0.2572794275,0.2116181614,1.284933342,0.7262299814,0.1160087706,-0.03365034069,-0.6767567021,0.2707878507,0.2269585732,1.136798096,0.7063409577,0.01604467997,-0.1383717071,-0.6940304679,0.3374608716,0.2099151489,1.023516833,0.6914198634,0.02344300369,-0.1402166364,-0.7083278146,0.3934989773,0.1576860531,0.9056925612,0.6914198634,0.02344300369,-0.1402166364,-0.7083278146,0.3793290638,0.157577056,0.9012513652,0.6914198634,0.02344300369,-0.1402166364,-0.7083278146,-0.1463968305,0.1964350719,1.384724601,0.6975730758,0.07528879678,0.08048699962,-0.7079867541,-0.2198096588,0.2362516455,1.37918746,0.7015874879,0.007183014679,0.1488677453,-0.6968226428,-0.2463845887,0.2193228061,1.289610171,0.6730911501,-0.0009107960122,0.146990288,-0.7248043386,-0.2589164911,0.2480046319,1.143383766,0.7000410983,-0.15445097,-0.001159692399,-0.6971986902,-0.3251724432,0.2240647992,1.031135331,0.7137671422,-0.1566520721,0.006373585493,-0.682609678,-0.379891404,0.1652773522,0.9158110612,0.7137671422,-0.1566520721,0.006373585493,-0.682609678,-0.365724167,0.1653307175,0.9113603198,0.7137671422,-0.1566520721,0.006373585493,-0.682609678,-0.02548953693,0.1975936848,1.491952043,0.708461957,0.005805951725,0.01077246,-0.7056428988,0.006717132637,0.1953765472,1.591802305,0.7093435794,0.005819414633,0.01076519313,-0.7047566469
-0.2454064919,0.0560673832,-0.005064905946,0.3856713792,-0.2233154556,-0.04293826736,-0.2279486253,-0.03839054965,-0.02414621483,0.3482156555,-0.193589385,0.03163727893,-0.01407392532,0.132006217,0.215283632,0.07088011709,-0.2945693352,-0.04410287345,0.2249477396,-0.1945484619,-0.08159837798,-0.434496959,0.04306469364,0.02685296905,0.00250041263,2,2,0,0,0.001417643065,0.2002831538,0.8673367152,0.7134908126,-0.003659639317,0.001285394079,-0.7006538483,0.1263550933,0.1187816743,0.9073836738,0.7326093562,-0.06591708446,-0.1017742415,-0.6697615046,0.1286855834,0.1310727708,0.8199413418,0.7309108692,-0.06565913489,-0.1019408469,-0.6716146536,0.09463144541,0.1864038054,0.99780912,0.7304738434,-0.08642623924,-0.08296082425,-0.6723510771,0.1839935773,0.1045690531,0.5348139405,0.7368994764,0.06426798088,0.04002245206,-0.6717492029,0.1549439919,0.1687236523,0.09988925165,0.7367701551,-0.01098246313,-0.0423364341,-0.6747271674,0.1568431225,0.1648431022,0.06219185212,0.7363645983,-0.02679653403,-0.02784198257,-0.6754805313,-0.1196359112,0.1157092618,0.9079738355,0.6867045158,-0.09384029607,-0.06343866901,-0.7180574086,-0.1222747151,0.1292683704,0.8207279133,0.6779854958,-0.09306757382,-0.06456696211,-0.7262955332,-0.08938972365,0.1830647381,0.999101832,0.6883791883,-0.08064233602,-0.07720944499,-0.7167074776,-0.1743949166,0.1059383907,0.5347239747,0.6789202635,0.03415529861,0.05385629856,-0.7314370721,-0.1434860211,0.1605664895,0.09862812863,0.6809471392,-0.03669330339,-0.0120091086,-0.7313141434,-0.1449786812,0.1569030717,0.06089073825,0.6814423584,-0.02591750455,-0.02357551844,-0.7310326874,0.00367484632,0.1852521436,1.149830921,0.7085427127,-0.003668593902,0.001259609721,-0.7056572674,0.156913276,0.1976691557,1.382608522,0.7106497091,0.04273790386,0.04785781624,-0.700614082,0.2301896003,0.2368051356,1.37239,0.7019451121,0.118838534,-0.0276889945,-0.7017006357,0.2572791826,0.2116182013,1.28493329,0.7262336688,0.1160076883,-0.03364985352,-0.6767529548,0.2707872153,0.2269584552,1.136797991,0.7063445581,0.01604357922,-0.1383723676,-0.6940266974,0.3374602401,0.2099152862,1.023516692,0.6914071675,0.02344995519,-0.140219263,-0.7083394572,0.3934986043,0.1576855317,0.9056928357,0.6914071675,0.02344995519,-0.140219263,-0.7083394572,0.3793287606,0.1575770351,0.901251405,0.6914071675,0.02344995519,-0.140219263,-0.7083394572,-0.1463968319,0.1964350301,1.384724608,0.6975730379,0.0752889033,0.08048709425,-0.7079867693,-0.219809657,0.236251611,1.379187479,0.701587451,0.007184062323,0.1488669094,-0.6968228477,-0.2463843636,0.2193228111,1.289610116,0.6730885544,-0.000910425534,0.1469893202,-0.7248069459,-0.2589158961,0.2480044844,1.14338365,0.7000384173,-0.1544514925,-0.001160390265,-0.6972012652,-0.3251719009,0.2240648404,1.031135206,0.713776016,-0.1566544289,0.006379294873,-0.6825998048,-0.3798910791,0.1652769015,0.9158112892,0.713776016,-0.1566544289,0.006379294873,-0.6825998048,-0.3657239073,0.165330646,0.9113603449,0.713776016,-0.1566544289,0.006379294873,-0.6825998048,-0.02548953944,0.1975936319,1.491952053,0.7084619374,0.005805948484,0.01077244813,-0.7056429186,0.006717128845,0.1953764947,1.591802315,0.7093435827,0.005819411725,0.01076518108,-0.7047566438
-0.2454064659,0.05606736896,-0.005064900163,0.3856713317,-0.2233155178,-0.04293825829,-0.2279485978,-0.03839056549,-0.02414623771,0.3482156049,-0.193589438,0.03163730601,-0.01407397584,0.1320069263,0.2152813081,0.07088852788,-0.294570668,-0.0441408696,0.2249479332,-0.1945463523,-0.0816040229,-0.4344976581,0.0430934976,0.02685292055,0.002500464746,2,2,0,0,0.001417646288,0.2002831304,0.867336723,0.7134908145,-0.00365962487,0.001285402061,-0.7006538464,0.1263550961,0.1187816524,0.9073836784,0.7326093566,-0.06591706609,-0.1017742207,-0.669761509,0.1286855858,0.1310727538,0.8199413471,0.7309108716,-0.06565911686,-0.1019408258,-0.671614656,0.09463144755,0.1864037784,0.9978091282,0.730473845,-0.08642621569,-0.08296080812,-0.6723510804,0.1839935778,0.1045690519,0.5348139439,0.7368994757,0.06426798304,0.04002245563,-0.6717492033,0.1549439914,0.1687236546,0.09988925564,0.7367701534,-0.01098248203,-0.04233645341,-0.6747271677,0.1568431221,0.1648431024,0.06219185633,0.7363645964,-0.02679654955,-0.02784200493,-0.6754805318,-0.1196359074,0.1157092387,0.9079738378,0.6867045219,-0.09384027809,-0.06343864581,-0.7180574072,-0.1222747121,0.1292683524,0.8207279164,0.6779854936,-0.09306755538,-0.06456693976,-0.7262955396,-0.0893897215,0.18306471,0.9991018384,0.6883791947,-0.08064231248,-0.07720942745,-0.7167074759,-0.1743949145,0.1059383899,0.5347239765,0.6789202589,0.03415529937,0.05385630303,-0.7314370761,-0.1434860209,0.1605664917,0.09862813068,0.6809471347,-0.0366933224,-0.01200912176,-0.7313141465,-0.1449786813,0.1569030722,0.06089074048,0.6814423546,-0.0259175144,-0.02357554153,-0.7310326899,0.003674847124,0.1852521112,1.149830928,0.7085426969,-0.003668579543,0.001259617711,-0.7056572834,0.1569132752,0.1976691091,1.382608531,0.7106496959,0.04273816829,0.04785807308,-0.7006140618,0.2301895994,0.236805097,1.372390038,0.7019452086,0.1188379798,-0.02768792163,-0.7017006753,0.2572789883,0.2116182328,1.284933248,0.726236598,0.1160068277,-0.03364946695,-0.6767499783,0.2707867107,0.2269583611,1.136797908,0.7063474183,0.01604270487,-0.1383728917,-0.6940237021,0.3374597385,0.209915395,1.023516581,0.6913970813,0.02345547781,-0.1402213489,-0.7083487064,0.3934983081,0.1576851173,0.9056930535,0.6913970813,0.02345547781,-0.1402213489,-0.7083487064,0.3793285197,0.1575770183,0.9012514363,0.6913970813,0.02345547781,-0.1402213489,-0.7083487064,-0.1463968327,0.1964349971,1.384724615,0.6975730078,0.07528898697,0.08048716844,-0.7079867816,-0.2198096553,0.2362515838,1.379187493,0.7015874216,0.007184888555,0.1488662494,-0.6968230098,-0.2463841856,0.2193228151,1.289610072,0.6730865056,-0.0009101336841,0.1469885561,-0.7248090038,-0.2589154264,0.2480043678,1.143383557,0.7000363012,-0.1544519048,-0.00116094069,-0.6972032977,-0.3251714729,0.2240648728,1.031135106,0.7137830203,-0.156656289,0.006383801865,-0.6825920114,-0.3798908226,0.1652765458,0.9158114691,0.7137830203,-0.156656289,0.006383801865,-0.6825920114,-0.3657237022,0.1653305894,0.9113603647,0.7137830203,-0.156656289,0.006383801865,-0.6825920114,-0.02548954117,0.1975935901,1.49195206,0.7084619217,0.005805945943,0.01077243873,-0.7056429346,0.006717126102,0.1953764532,1.591802322,0.7093435854,0.005819409453,0.01076517153,-0.7047566413
-0.2454064453,0.05606735729,-0.0050648959,0.385671294,-0.2233155671,-0.04293825037,-0.2279485762,-0.03839057843,-0.02414625611,0.3482155649,-0.1935894798,0.03163732817,-0.01407401643,0.1320074888,0.2152794615,0.07089520959,-0.2945717252,-0.04417105491,0.2249480849,-0.1945446879,-0.08160847764,-0.4344982087,0.04311623316,0.02685288213,0.002500506712,2,2,0,0,0.001417649062,0.2002831119,0.8673367291,0.713490816,-0.003659613411,0.001285408379,-0.7006538449,0.1263550985,0.118781635,0.907383682,0.732609357,-0.06591705169,-0.1017742041,-0.6697615126,0.1286855879,0.1310727403,0.8199413513,0.7309108734,-0.06565910272,-0.1019408091,-0.671614658,0.09463144947,0.186403757,0.9978091347,0.7304738463,-0.08642619704,-0.08296079537,-0.672351083,0.1839935783,0.1045690509,0.5348139466,0.736899475,0.06426798466,0.04002245854,-0.6717492037,0.154943991,0.1687236564,0.09988925881,0.736770152,-0.01098249711,-0.04233646859,-0.6747271681,0.1568431217,0.1648431026,0.06219185967,0.7363645947,-0.02679656168,-0.02784202278,-0.6754805324,-0.1196359042,0.1157092204,0.9079738395,0.6867045268,-0.09384026399,-0.06343862733,-0.718057406,-0.1222747096,0.1292683381,0.8207279188,0.6779854918,-0.09306754091,-0.06456692196,-0.7262955447,-0.08938971958,0.1830646878,0.9991018435,0.6883791998,-0.08064229383,-0.07720941358,-0.7167074746,-0.1743949127,0.1059383894,0.534723978,0.6789202551,0.03415529986,0.05385630664,-0.7314370793,-0.1434860207,0.1605664934,0.09862813231,0.680947131,-0.0366933375,-0.01200913203,-0.731314149,-0.1449786815,0.1569030726,0.06089074225,0.6814423514,-0.02591752201,-0.02357555994,-0.7310326919,0.003674847976,0.1852520856,1.149830934,0.7085426841,-0.003668568155,0.001259624036,-0.7056572963,0.1569132749,0.1976690721,1.382608538,0.7106496852,0.04273837805,0.04785827677,-0.7006140459,0.2301895988,0.2368050664,1.372390069,0.7019452851,0.1188375391,-0.02768706951,-0.701700707,0.2572788341,0.2116182577,1.284933215,0.7262389249,0.1160061435,-0.03364916002,-0.6767476138,0.27078631,0.2269582861,1.136797842,0.7063496905,0.01604201025,-0.1383733077,-0.6940213227,0.3374593401,0.2099154813,1.023516492,0.6913890684,0.02345986516,-0.1402230057,-0.7083560542,0.3934980727,0.157684788,0.9056932265,0.6913890684,0.02345986516,-0.1402230057,-0.7083560542,0.3793283284,0.1575770048,0.9012514611,0.6913890684,0.02345986516,-0.1402230057,-0.7083560542,-0.1463968331,0.1964349711,1.38472462,0.6975729839,0.07528905272,0.0804872266,-0.7079867915,-0.2198096537,0.2362515624,1.379187505,0.7015873982,0.007185540185,0.1488657284,-0.6968231379,-0.246384045,0.2193228181,1.289610038,0.6730848887,-0.0009099037559,0.1469879528,-0.724810628,-0.2589150555,0.2480042756,1.143383485,0.700034631,-0.1544522302,-0.001161374831,-0.6972049019,-0.325171135,0.2240648983,1.031135028,0.713788549,-0.1566577572,0.006387359659,-0.6825858599,-0.3798906201,0.165276265,0.9158116112,0.713788549,-0.1566577572,0.006387359659,-0.6825858599,-0.3657235404,0.1653305448,0.9113603803,0.713788549,-0.1566577572,0.006387359659,-0.6825858599,-0.02548954232,0.197593557,1.491952066,0.708461909,0.005805943951,0.01077243127,-0.7056429474,0.006717124136,0.1953764203,1.591802329,0.7093435876,0.005819407678,0.01076516395,-0.7047566392
-0.2454064291,0.05606734773,-0.00506489279,0.3856712642,-0.2233156062,-0.04293824352,-0.227948559,-0.03839058898,-0.02414627094,0.3482155331,-0.1935895128,0.03163734628,-0.0140740491,0.1320079354,0.2152779941,0.07090051784,-0.2945725645,-0.04419503503,0.2249482038,-0.1945433747,-0.08161199311,-0.4344986422,0.04313417873,0.02685285172,0.002500540531,2,2,0,0,0.001417651433,0.2002830973,0.867336734,0.7134908173,-0.003659604323,0.001285413381,-0.7006538437,0.1263551006,0.1187816213,0.9073836849,0.7326093573,-0.0659170404,-0.1017741909,-0.6697615154,0.1286855897,0.1310727296,0.8199413546,0.7309108748,-0.06565909162,-0.1019407957,-0.6716146596,0.09463145116,0.1864037401,0.9978091398,0.7304738473,-0.08642618227,-0.0829607853,-0.672351085,0.1839935787,0.1045690501,0.5348139487,0.7368994743,0.06426798587,0.04002246093,-0.6717492042,0.1549439907,0.1687236579,0.09988926132,0.7367701508,-0.01098250914,-0.04233648055,-0.6747271684,0.1568431215,0.1648431028,0.06219186232,0.7363645934,-0.02679657116,-0.02784203704,-0.6754805329,-0.1196359015,0.1157092059,0.9079738409,0.6867045306,-0.09384025291,-0.06343861258,-0.7180574051,-0.1222747074,0.1292683269,0.8207279207,0.6779854903,-0.09306752953,-0.06456690778,-0.7262955489,-0.08938971788,0.1830646703,0.9991018475,0.6883792038,-0.08064227905,-0.0772094026,-0.7167074736,-0.1743949112,0.105938389,0.5347239791,0.678920252,0.03415530016,0.05385630956,-0.731437082,-0.1434860205,0.1605664947,0.09862813361,0.680947128,-0.03669334952,-0.01200914005,-0.731314151,-0.1449786816,0.1569030728,0.06089074366,0.6814423489,-0.02591752791,-0.02357557462,-0.7310326937,0.00367484882,0.1852520653,1.149830939,0.7085426738,-0.003668559123,0.001259629042,-0.7056573066,0.1569132747,0.1976690428,1.382608544,0.7106496765,0.04273854454,0.04785843843,-0.7006140335,0.2301895986,0.2368050421,1.372390093,0.7019453458,0.1188371887,-0.02768639261,-0.7017007323,0.2572787117,0.2116182775,1.284933189,0.7262407733,0.1160055996,-0.03364891623,-0.6767457354,0.2707859918,0.2269582264,1.13679779,0.7063514957,0.01604145839,-0.138373638,-0.6940194324,0.3374590237,0.2099155497,1.023516421,0.6913827027,0.02346335056,-0.1402243216,-0.7083618915,0.3934978857,0.1576845263,0.9056933637,0.6913827027,0.02346335056,-0.1402243216,-0.7083618915,0.3793281764,0.157576994,0.9012514807,0.6913827027,0.02346335056,-0.1402243216,-0.7083618915,-0.1463968333,0.1964349506,1.384724624,0.6975729649,0.07528910439,0.08048727222,-0.7079867996,-0.2198096523,0.2362515456,1.379187514,0.7015873796,0.007186054118,0.148865317,-0.6968232393,-0.2463839338,0.2193228205,1.289610011,0.6730836125,-0.0009097226015,0.1469874766,-0.7248119099,-0.2589147627,0.2480042028,1.143383427,0.7000333127,-0.1544524871,-0.001161717259,-0.697206168,-0.3251708682,0.2240649184,1.031134966,0.7137929129,-0.1566589159,0.006390168141,-0.6825810042,-0.3798904603,0.1652760433,0.9158117233,0.7137929129,-0.1566589159,0.006390168141,-0.6825810042,-0.3657234126,0.1653305095,0.9113603927,0.7137929129,-0.1566589159,0.006390168141,-0.6825810042,-0.02548954307,0.1975935308,1.491952071,0.7084618989,0.005805942389,0.01077242537,-0.7056429577,0.006717122743,0.1953763942,1.591802333,0.7093435893,0.005819406291,0.01076515795,-0.7047566375
-0.2454064162,0.0560673399,-0.005064890547,0.3856712407,-0.2233156372,-0.04293823764,-0.2279485454,-0.03839059759,-0.0241462829,0.3482155079,-0.1935895388,0.03163736109,-0.01407407539,0.13200829,0.215276828,0.07090473504,-0.2945732308,-0.04421408557,0.2249482971,-0.1945423386,-0.08161476733,-0.4344989837,0.04314834339,0.02685282764,0.002500567796,2,2,0,0,0.001417653449,0.2002830857,0.8673367379,0.7134908183,-0.003659597118,0.001285417341,-0.7006538427,0.1263551024,0.1187816104,0.9073836872,0.7326093576,-0.06591703155,-0.1017741803,-0.6697615175,0.1286855913,0.1310727212,0.8199413572,0.7309108758,-0.06565908291,-0.1019407851,-0.671614661,0.09463145263,0.1864037267,0.9978091439,0.7304738482,-0.08642617057,-0.08296077733,-0.6723510866,0.1839935792,0.1045690494,0.5348139504,0.7368994738,0.06426798677,0.04002246289,-0.6717492046,0.1549439905,0.168723659,0.09988926331,0.7367701498,-0.01098251875,-0.04233648996,-0.6747271688,0.1568431213,0.1648431029,0.06219186442,0.7363645922,-0.02679657859,-0.02784204843,-0.6754805334,-0.1196358993,0.1157091945,0.9079738421,0.6867045337,-0.09384024421,-0.06343860082,-0.7180574043,-0.1222747055,0.129268318,0.8207279222,0.677985489,-0.09306752059,-0.06456689647,-0.7262955522,-0.08938971641,0.1830646564,0.9991018507,0.6883792071,-0.08064226733,-0.07720939391,-0.7167074727,-0.17439491,0.1059383886,0.5347239801,0.6789202494,0.03415530032,0.05385631192,-0.7314370841,-0.1434860204,0.1605664958,0.09862813464,0.6809471256,-0.03669335909,-0.01200914632,-0.7313141527,-0.1449786817,0.1569030731,0.06089074478,0.6814423467,-0.02591753247,-0.02357558633,-0.7310326951,0.003674849623,0.1852520493,1.149830942,0.7085426656,-0.003668551962,0.001259633004,-0.7056573149,0.1569132748,0.1976690195,1.382608548,0.7106496696,0.04273867676,0.0478585668,-0.7006140237,0.2301895986,0.2368050227,1.372390112,0.701945394,0.1188369101,-0.02768585483,-0.7017007525,0.2572786147,0.2116182932,1.284933168,0.7262422418,0.1160051674,-0.03364872253,-0.6767442433,0.270785739,0.2269581789,1.136797748,0.7063529297,0.0160410199,-0.1383739002,-0.6940179306,0.3374587723,0.2099156041,1.023516365,0.6913776455,0.02346611942,-0.1402253669,-0.7083665287,0.3934977371,0.1576843184,0.9056934727,0.6913776455,0.02346611942,-0.1402253669,-0.7083665287,0.3793280556,0.1575769854,0.9012514962,0.6913776455,0.02346611942,-0.1402253669,-0.7083665287,-0.1463968333,0.1964349344,1.384724627,0.6975729498,0.075289145,0.080487308,-0.7079868061,-0.219809651,0.2362515323,1.379187521,0.7015873648,0.007186459455,0.1488649923,-0.6968233194,-0.246383846,0.2193228224,1.289609989,0.6730826052,-0.0009095798693,0.1469871007,-0.7248129217,-0.2589145315,0.2480041452,1.143383382,0.7000322722,-0.1544526897,-0.001161987349,-0.6972071674,-0.3251706577,0.2240649342,1.031134917,0.7137963574,-0.1566598305,0.006392385109,-0.6825771716,-0.3798903342,0.1652758683,0.9158118117,0.7137963574,-0.1566598305,0.006392385109,-0.6825771716,-0.3657233118,0.1653304817,0.9113604024,0.7137963574,-0.1566598305,0.006392385109,-0.6825771716,-0.02548954353,0.1975935101,1.491952074,0.7084618907,0.005805941165,0.01077242069,-0.705642966,0.00671712177,0.1953763736,1.591802337,0.7093435908,0.005819405208,0.01076515319,-0.7047566362
-0.2454064061,0.0560673335,-0.00506488895,0.3856712221,-0.2233156618,-0.04293823262,-0.2279485347,-0.03839060461,-0.02414629257,0.3482154879,-0.1935895594,0.03163737317,-0.01407409656,0.1320085717,0.2152759014,0.07090808551,-0.2945737601,-0.04422921992,0.2249483702,-0.1945415212,-0.08161695656,-0.4344992527,0.04315952367,0.02685280857,0.002500589781,2,2,0,0,0.001417655154,0.2002830766,0.867336741,0.7134908191,-0.003659591404,0.001285420474,-0.7006538418,0.126355104,0.1187816019,0.907383689,0.7326093578,-0.06591702461,-0.1017741719,-0.6697615193,0.1286855926,0.1310727145,0.8199413593,0.7309108765,-0.06565907607,-0.1019407766,-0.6716146621,0.09463145391,0.1864037161,0.9978091471,0.7304738489,-0.0864261613,-0.08296077103,-0.6723510878,0.1839935796,0.1045690489,0.5348139517,0.7368994733,0.06426798745,0.04002246448,-0.671749205,0.1549439903,0.1687236599,0.09988926489,0.7367701489,-0.01098252643,-0.04233649738,-0.6747271691,0.1568431211,0.164843103,0.06219186608,0.7363645913,-0.02679658439,-0.02784205753,-0.6754805338,-0.1196358973,0.1157091854,0.907973843,0.6867045361,-0.09384023738,-0.06343859143,-0.7180574037,-0.122274704,0.1292683109,0.8207279234,0.6779854879,-0.09306751356,-0.06456688745,-0.7262955549,-0.08938971513,0.1830646453,0.9991018532,0.6883792097,-0.08064225804,-0.07720938703,-0.716707472,-0.174394909,0.1059383884,0.5347239808,0.6789202474,0.0341553004,0.05385631382,-0.7314370859,-0.1434860203,0.1605664966,0.09862813546,0.6809471236,-0.03669336671,-0.01200915122,-0.7313141541,-0.1449786818,0.1569030732,0.06089074567,0.681442345,-0.025917536,-0.02357559567,-0.7310326963,0.003674850364,0.1852520366,1.149830945,0.7085426589,-0.003668546284,0.001259636138,-0.7056573216,0.1569132749,0.197669001,1.382608552,0.710649664,0.0427387818,0.04785866876,-0.700614016,0.2301895987,0.2368050074,1.372390128,0.7019454322,0.1188366887,-0.02768542753,-0.7017007686,0.2572785376,0.2116183056,1.284933151,0.7262434084,0.116004824,-0.03364856859,-0.6767430578,0.2707855383,0.2269581412,1.136797715,0.706354069,0.0160406715,-0.1383741085,-0.6940167376,0.3374585727,0.2099156472,1.02351632,0.6913736279,0.02346831903,-0.1402261972,-0.7083702127,0.3934976191,0.1576841532,0.9056935592,0.6913736279,0.02346831903,-0.1402261972,-0.7083702127,0.3793279597,0.1575769786,0.9012515084,0.6913736279,0.02346831903,-0.1402261972,-0.7083702127,-0.1463968332,0.1964349216,1.384724629,0.6975729378,0.07528917693,0.08048733607,-0.7079868113,-0.2198096499,0.2362515218,1.379187527,0.701587353,0.007186779144,0.1488647359,-0.6968233827,-0.2463837766,0.2193228239,1.289609972,0.6730818102,-0.0009094674078,0.1469868039,-0.7248137203,-0.258914349,0.2480040996,1.143383346,0.700031451,-0.1544528497,-0.001162200382,-0.6972079562,-0.3251704914,0.2240649466,1.031134879,0.7137990761,-0.1566605524,0.006394135135,-0.6825741463,-0.3798902346,0.1652757302,0.9158118816,0.7137990761,-0.1566605524,0.006394135135,-0.6825741463,-0.3657232322,0.1653304597,0.9113604101,0.7137990761,-0.1566605524,0.006394135135,-0.6825741463,-0.02548954378,0.1975934937,1.491952077,0.7084618841,0.005805940205,0.01077241698,-0.7056429726,0.006717121103,0.1953763573,1.59180234,0.709343592,0.005819404362,0.01076514942,-0.7047566351
-0.2454063981,0.05606732826,-0.00506488783,0.3856712073,-0.2233156813,-0.04293822836,-0.2279485261,-0.03839061032,-0.02414630038,0.348215472,-0.1935895757,0.03163738303,-0.01407411362,0.1320087956,0.2152751651,0.07091074741,-0.2945741806,-0.04424124313,0.2249484275,-0.1945408763,-0.08161868416,-0.4344994646,0.04316834832,0.02685279348,0.002500607512,2,2,0,0,0.00141765659,0.2002830693,0.8673367434,0.7134908198,-0.003659586874,0.001285422954,-0.7006538412,0.1263551053,0.1187815951,0.9073836904,0.732609358,-0.06591701916,-0.1017741652,-0.6697615206,0.1286855937,0.1310727092,0.8199413609,0.7309108771,-0.0656590707,-0.1019407699,-0.6716146631,0.094631455,0.1864037078,0.9978091496,0.7304738494,-0.08642615395,-0.08296076606,-0.6723510887,0.1839935799,0.1045690485,0.5348139528,0.7368994728,0.06426798795,0.04002246579,-0.6717492054,0.1549439901,0.1687236606,0.09988926614,0.7367701482,-0.01098253256,-0.04233650322,-0.6747271694,0.1568431209,0.164843103,0.0621918674,0.7363645905,-0.02679658894,-0.0278420648,-0.6754805342,-0.1196358957,0.1157091782,0.9079738437,0.6867045381,-0.09384023201,-0.06343858394,-0.7180574032,-0.1222747026,0.1292683053,0.8207279244,0.6779854871,-0.09306750803,-0.06456688026,-0.7262955571,-0.08938971403,0.1830646366,0.9991018552,0.6883792117,-0.08064225067,-0.07720938158,-0.7167074715,-0.1743949081,0.1059383882,0.5347239814,0.6789202457,0.03415530042,0.05385631537,-0.7314370874,-0.1434860202,0.1605664973,0.09862813611,0.6809471219,-0.03669337277,-0.01200915506,-0.7313141553,-0.1449786818,0.1569030734,0.06089074637,0.6814423436,-0.02591753873,-0.02357560312,-0.7310326972,0.003674851036,0.1852520265,1.149830947,0.7085426536,-0.003668541783,0.001259638619,-0.705657327,0.1569132751,0.1976689863,1.382608555,0.7106496595,0.04273886527,0.04785874978,-0.7006140099,0.2301895989,0.2368049952,1.37239014,0.7019454625,0.1188365128,-0.02768508799,-0.7017007815,0.2572784765,0.2116183155,1.284933138,0.7262443352,0.1160045511,-0.03364844624,-0.6767421161,0.2707853789,0.2269581112,1.136797689,0.7063549741,0.01604039465,-0.1383742739,-0.6940157899,0.3374584141,0.2099156815,1.023516285,0.6913704362,0.02347006641,-0.1402268568,-0.7083731393,0.3934975254,0.157684022,0.905693628,0.6913704362,0.02347006641,-0.1402268568,-0.7083731393,0.3793278835,0.1575769731,0.9012515181,0.6913704362,0.02347006641,-0.1402268568,-0.7083731393,-0.146396833,0.1964349115,1.384724631,0.6975729282,0.07528920203,0.08048735808,-0.7079868156,-0.2198096489,0.2362515136,1.379187531,0.7015873436,0.007187031282,0.1488645335,-0.6968234328,-0.2463837218,0.219322825,1.289609959,0.6730811828,-0.0009093787961,0.1469865696,-0.7248143505,-0.2589142049,0.2480040637,1.143383318,0.7000308028,-0.154452976,-0.001162368411,-0.6972085787,-0.3251703602,0.2240649564,1.031134848,0.7138012221,-0.1566611222,0.006395516558,-0.6825717585,-0.379890156,0.1652756212,0.9158119367,0.7138012221,-0.1566611222,0.006395516558,-0.6825717585,-0.3657231694,0.1653304423,0.9113604161,0.7138012221,-0.1566611222,0.006395516558,-0.6825717585,-0.0254895439,0.1975934807,1.49195208,0.7084618788,0.005805939453,0.01077241404,-0.705642978,0.006717120657,0.1953763443,1.591802343,0.7093435929,0.005819403701,0.01076514643,-0.7047566341
-0.2454063917,0.05606732399,-0.00506488706,0.3856711957,-0.2233156969,-0.04293822476,-0.2279485194,-0.03839061498,-0.02414630669,0.3482154594,-0.1935895885,0.03163739106,-0.01407412736,0.1320089736,0.21527458,0.07091286227,-0.2945745146,-0.04425079478,0.2249484725,-0.1945403675,-0.08162004745,-0.4344996314,0.04317531362,0.02685278153,0.00250062181,2,2,0,0,0.001417657796,0.2002830635,0.8673367453,0.7134908204,-0.003659583283,0.001285424916,-0.7006538406,0.1263551064,0.1187815897,0.9073836916,0.7326093581,-0.0659170149,-0.1017741599,-0.6697615217,0.1286855947,0.131072705,0.8199413622,0.7309108775,-0.06565906649,-0.1019407645,-0.6716146638,0.09463145594,0.1864037011,0.9978091517,0.7304738499,-0.08642614813,-0.08296076212,-0.6723510895,0.1839935803,0.1045690482,0.5348139536,0.7368994724,0.06426798832,0.04002246686,-0.6717492057,0.15494399,0.1687236612,0.09988926714,0.7367701476,-0.01098253746,-0.04233650783,-0.6747271697,0.1568431208,0.1648431031,0.06219186844,0.7363645898,-0.0267965925,-0.02784207062,-0.6754805346,-0.1196358944,0.1157091725,0.9079738442,0.6867045396,-0.0938402278,-0.06343857796,-0.7180574028,-0.1222747015,0.1292683008,0.8207279252,0.6779854863,-0.09306750368,-0.06456687452,-0.7262955588,-0.08938971309,0.1830646297,0.9991018568,0.6883792134,-0.08064224482,-0.07720937726,-0.716707471,-0.1743949074,0.1059383881,0.5347239819,0.6789202443,0.0341553004,0.05385631662,-0.7314370885,-0.1434860202,0.1605664978,0.09862813662,0.6809471206,-0.0366933776,-0.01200915806,-0.7313141562,-0.1449786819,0.1569030735,0.06089074693,0.6814423425,-0.02591754084,-0.02357560907,-0.7310326981,0.003674851635,0.1852520186,1.149830949,0.7085426493,-0.003668538214,0.001259640581,-0.7056573313,0.1569132753,0.1976689747,1.382608557,0.7106496559,0.04273893161,0.04785881416,-0.7006140052,0.2301895991,0.2368049855,1.372390149,0.7019454866,0.118836373,-0.02768481818,-0.7017007918,0.257278428,0.2116183234,1.284933128,0.7262450715,0.1160043342,-0.03364834897,-0.676741368,0.2707852522,0.2269580873,1.136797668,0.7063556932,0.01604017466,-0.1383744052,-0.6940150369,0.3374582881,0.2099157087,1.023516257,0.6913679007,0.02347145453,-0.1402273807,-0.7083754643,0.3934974509,0.1576839177,0.9056936825,0.6913679007,0.02347145453,-0.1402273807,-0.7083754643,0.3793278229,0.1575769688,0.9012515258,0.6913679007,0.02347145453,-0.1402273807,-0.7083754643,-0.1463968328,0.1964349036,1.384724633,0.6975729206,0.07528922176,0.08048737535,-0.707986819,-0.219809648,0.2362515071,1.379187535,0.7015873361,0.007187230143,0.1488643738,-0.6968234724,-0.2463836784,0.2193228259,1.289609949,0.6730806876,-0.0009093089762,0.1469863847,-0.724814848,-0.2589140911,0.2480040352,1.143383296,0.7000302912,-0.1544530756,-0.001162500944,-0.6972090701,-0.3251702566,0.2240649641,1.031134824,0.7138029159,-0.1566615719,0.00639660701,-0.6825698737,-0.3798900939,0.1652755351,0.9158119803,0.7138029159,-0.1566615719,0.00639660701,-0.6825698737,-0.3657231198,0.1653304286,0.9113604209,0.7138029159,-0.1566615719,0.00639660701,-0.6825698737,-0.02548954393,0.1975934705,1.491952081,0.7084618746,0.005805938863,0.01077241171,-0.7056429823,0.006717120369,0.1953763341,1.591802345,0.7093435937,0.005819403185,0.01076514406,-0.7047566334
-0.2454063867,0.0560673205,-0.005064886543,0.3856711865,-0.2233157092,-0.04293822173,-0.227948514,-0.03839061877,-0.02414631179,0.3482154494,-0.1935895987,0.03163739761,-0.01407413842,0.1320091151,0.215274115,0.07091454253,-0.2945747801,-0.04425838295,0.2249485077,-0.1945399661,-0.08162112324,-0.4344997629,0.0431808113,0.02685277207,0.002500633338,2,2,0,0,0.001417658805,0.200283059,0.8673367469,0.7134908208,-0.003659580436,0.001285426469,-0.7006538402,0.1263551074,0.1187815854,0.9073836925,0.7326093583,-0.06591701155,-0.1017741556,-0.6697615225,0.1286855955,0.1310727017,0.8199413633,0.7309108778,-0.06565906318,-0.1019407602,-0.6716146645,0.09463145673,0.1864036959,0.9978091533,0.7304738503,-0.08642614352,-0.082960759,-0.67235109,0.1839935805,0.1045690479,0.5348139542,0.7368994721,0.06426798859,0.04002246773,-0.671749206,0.1549439899,0.1687236616,0.09988926792,0.7367701471,-0.01098254137,-0.04233651146,-0.67472717,0.1568431207,0.1648431032,0.06219186927,0.7363645893,-0.02679659529,-0.02784207527,-0.6754805348,-0.1196358933,0.1157091679,0.9079738446,0.6867045409,-0.09384022449,-0.06343857319,-0.7180574025,-0.1222747006,0.1292682973,0.8207279258,0.6779854857,-0.09306750026,-0.06456686994,-0.7262955603,-0.08938971229,0.1830646242,0.9991018581,0.6883792147,-0.08064224018,-0.07720937384,-0.7167074706,-0.1743949068,0.105938388,0.5347239823,0.6789202432,0.03415530036,0.05385631763,-0.7314370895,-0.1434860201,0.1605664982,0.09862813703,0.6809471195,-0.03669338145,-0.0120091604,-0.731314157,-0.1449786819,0.1569030736,0.06089074738,0.6814423415,-0.02591754248,-0.02357561382,-0.7310326987,0.003674852162,0.1852520122,1.149830951,0.7085426459,-0.003668535384,0.001259642134,-0.7056573348,0.1569132756,0.1976689654,1.382608559,0.7106496529,0.04273898434,0.04785886533,-0.7006140014,0.2301895993,0.2368049778,1.372390157,0.7019455056,0.1188362619,-0.02768460376,-0.7017008,0.2572783895,0.2116183296,1.284933119,0.7262456565,0.1160041619,-0.03364827164,-0.6767407736,0.2707851517,0.2269580684,1.136797651,0.7063562645,0.01603999985,-0.1383745095,-0.6940144387,0.337458188,0.2099157303,1.023516234,0.6913658863,0.02347255726,-0.1402277969,-0.7083773114,0.3934973917,0.1576838349,0.9056937258,0.6913658863,0.02347255726,-0.1402277969,-0.7083773114,0.3793277749,0.1575769654,0.9012515319,0.6913658863,0.02347255726,-0.1402277969,-0.7083773114,-0.1463968326,0.1964348973,1.384724634,0.6975729146,0.07528923727,0.0804873889,-0.7079868218,-0.2198096473,0.236251502,1.379187537,0.7015873302,0.007187386983,0.1488642477,-0.6968235037,-0.2463836441,0.2193228266,1.28960994,0.6730802968,-0.0009092539631,0.1469862387,-0.7248152406,-0.2589140013,0.2480040128,1.143383278,0.7000298875,-0.1544531543,-0.001162605477,-0.6972094579,-0.3251701748,0.2240649701,1.031134805,0.7138042529,-0.1566619269,0.006397467773,-0.6825683861,-0.379890045,0.1652754672,0.9158120146,0.7138042529,-0.1566619269,0.006397467773,-0.6825683861,-0.3657230806,0.1653304178,0.9113604247,0.7138042529,-0.1566619269,0.006397467773,-0.6825683861,-0.0254895439,0.1975934623,1.491952083,0.7084618712,0.005805938401,0.01077240987,-0.7056429858,0.006717120192,0.1953763259,1.591802346,0.7093435944,0.005819402783,0.01076514219,-0.7047566328
-0.2454063827,0.05606731766,-0.005064886209,0.3856711792,-0.2233157189,-0.04293821919,-0.2279485097,-0.03839062185,-0.02414631591,0.3482154415,-0.1935896067,0.03163740293,-0.01407414734,0.1320092275,0.2152737455,0.07091587751,-0.2945749911,-0.04426441128,0.2249485354,-0.1945396494,-0.08162197217,-0.4344998664,0.04318515057,0.02685276458,0.002500642633,2,2,0,0,0.001417659647,0.2002830554,0.8673367481,0.7134908212,-0.003659578178,0.001285427698,-0.7006538398,0.1263551082,0.1187815821,0.9073836932,0.7326093584,-0.06591700893,-0.1017741522,-0.6697615232,0.1286855962,0.1310726991,0.8199413641,0.730910878,-0.06565906059,-0.1019407568,-0.671614665,0.09463145741,0.1864036917,0.9978091546,0.7304738506,-0.08642613986,-0.08296075654,-0.6723510905,0.1839935808,0.1045690477,0.5348139548,0.7368994718,0.06426798879,0.04002246845,-0.6717492063,0.1549439898,0.168723662,0.09988926855,0.7367701467,-0.0109825445,-0.04233651432,-0.6747271702,0.1568431206,0.1648431032,0.06219186993,0.7363645888,-0.02679659747,-0.02784207898,-0.6754805351,-0.1196358923,0.1157091643,0.907973845,0.6867045419,-0.09384022188,-0.06343856938,-0.7180574022,-0.1222746998,0.1292682945,0.8207279262,0.6779854852,-0.09306749757,-0.06456686629,-0.7262955614,-0.08938971162,0.1830646198,0.9991018591,0.6883792158,-0.0806422365,-0.07720937113,-0.7167074703,-0.1743949063,0.1059383879,0.5347239826,0.6789202423,0.03415530031,0.05385631845,-0.7314370903,-0.1434860201,0.1605664986,0.09862813736,0.6809471187,-0.03669338452,-0.01200916223,-0.7313141576,-0.144978682,0.1569030737,0.06089074773,0.6814423408,-0.02591754374,-0.02357561761,-0.7310326993,0.003674852622,0.1852520072,1.149830952,0.7085426431,-0.003668533142,0.001259643362,-0.7056573376,0.1569132758,0.1976689581,1.38260856,0.7106496506,0.04273902626,0.04785890601,-0.7006139985,0.2301895995,0.2368049716,1.372390163,0.7019455207,0.1188361737,-0.02768443337,-0.7017008066,0.2572783589,0.2116183345,1.284933113,0.7262461212,0.116004025,-0.03364821016,-0.6767403014,0.2707850718,0.2269580534,1.136797638,0.7063567183,0.01603986093,-0.1383745924,-0.6940139635,0.3374581085,0.2099157475,1.023516216,0.6913642861,0.02347343328,-0.1402281275,-0.7083787787,0.3934973447,0.1576837691,0.9056937602,0.6913642861,0.02347343328,-0.1402281275,-0.7083787787,0.3793277366,0.1575769627,0.9012515367,0.6913642861,0.02347343328,-0.1402281275,-0.7083787787,-0.1463968324,0.1964348923,1.384724635,0.6975729098,0.07528924947,0.08048739952,-0.707986824,-0.2198096467,0.2362514979,1.37918754,0.7015873254,0.00718751068,0.1488641481,-0.6968235285,-0.2463836171,0.2193228272,1.289609934,0.6730799884,-0.0009092106169,0.1469861235,-0.7248155504,-0.2589139303,0.248003995,1.143383264,0.7000295688,-0.1544532164,-0.001162687926,-0.6972097639,-0.3251701102,0.2240649749,1.03113479,0.7138053081,-0.156662207,0.006398147225,-0.6825672119,-0.3798900063,0.1652754135,0.9158120417,0.7138053081,-0.156662207,0.006398147225,-0.6825672119,-0.3657230497,0.1653304093,0.9113604277,0.7138053081,-0.156662207,0.006398147225,-0.6825672119,-0.02548954384,0.1975934559,1.491952084,0.7084618684,0.005805938039,0.0107724084,-0.7056429886,0.006717120092,0.1953763195,1.591802348,0.7093435949,0.005819402469,0.0107651407,-0.7047566323
-0.2454063796,0.05606731535,-0.005064886003,0.3856711734,-0.2233157267,-0.04293821707,-0.2279485063,-0.03839062436,-0.02414631925,0.3482154352,-0.193589613,0.03163740727,-0.01407415451,0.132009317,0.2152734519,0.07091693816,-0.2945751587,-0.04426920041,0.2249485571,-0.1945393995,-0.08162264206,-0.434499948,0.04318857551,0.02685275865,0.002500650125,2,2,0,0,0.001417660347,0.2002830525,0.867336749,0.7134908215,-0.003659576389,0.001285428671,-0.7006538395,0.1263551088,0.1187815794,0.9073836938,0.7326093585,-0.06591700688,-0.1017741495,-0.6697615237,0.1286855967,0.131072697,0.8199413648,0.7309108782,-0.06565905855,-0.101940754,-0.6716146654,0.09463145797,0.1864036884,0.9978091556,0.7304738508,-0.08642613697,-0.0829607546,-0.6723510908,0.183993581,0.1045690475,0.5348139552,0.7368994715,0.06426798894,0.04002246903,-0.6717492065,0.1549439897,0.1687236623,0.09988926904,0.7367701464,-0.010982547,-0.04233651658,-0.6747271704,0.1568431206,0.1648431032,0.06219187045,0.7363645885,-0.02679659918,-0.02784208195,-0.6754805353,-0.1196358915,0.1157091615,0.9079738453,0.6867045427,-0.09384021984,-0.06343856633,-0.718057402,-0.1222746992,0.1292682923,0.8207279266,0.6779854848,-0.09306749546,-0.06456686338,-0.7262955623,-0.08938971105,0.1830646164,0.9991018599,0.6883792167,-0.08064223358,-0.07720936898,-0.71670747,-0.1743949059,0.1059383878,0.5347239828,0.6789202415,0.03415530025,0.05385631911,-0.7314370909,-0.1434860201,0.1605664988,0.09862813762,0.6809471179,-0.03669338696,-0.01200916367,-0.7313141581,-0.144978682,0.1569030737,0.06089074802,0.6814423402,-0.02591754472,-0.02357562064,-0.7310326997,0.003674853019,0.1852520033,1.149830953,0.7085426409,-0.003668531364,0.001259644334,-0.7056573398,0.156913276,0.1976689522,1.382608561,0.7106496487,0.04273905958,0.04785893835,-0.7006139962,0.2301895997,0.2368049668,1.372390168,0.7019455327,0.1188361035,-0.02768429795,-0.7017008118,0.2572783347,0.2116183385,1.284933107,0.7262464904,0.1160039163,-0.03364816128,-0.6767399263,0.2707850084,0.2269580415,1.136797628,0.7063570789,0.01603975054,-0.1383746582,-0.694013586,0.3374580454,0.2099157612,1.023516202,0.6913630148,0.02347412919,-0.1402283901,-0.7083799444,0.3934973074,0.1576837168,0.9056937876,0.6913630148,0.02347412919,-0.1402283901,-0.7083799444,0.3793277063,0.1575769605,0.9012515406,0.6913630148,0.02347412919,-0.1402283901,-0.7083799444,-0.1463968322,0.1964348884,1.384724636,0.6975729059,0.07528925906,0.08048740785,-0.7079868258,-0.2198096461,0.2362514948,1.379187541,0.7015873217,0.007187608238,0.1488640696,-0.6968235481,-0.2463835957,0.2193228276,1.289609929,0.6730797449,-0.0009091764639,0.1469860325,-0.724815795,-0.2589138744,0.248003981,1.143383253,0.7000293173,-0.1544532654,-0.001162752956,-0.6972100055,-0.3251700593,0.2240649787,1.031134778,0.713806141,-0.1566624281,0.006398683554,-0.6825662851,-0.3798899758,0.1652753712,0.9158120631,0.713806141,-0.1566624281,0.006398683554,-0.6825662851,-0.3657230253,0.1653304025,0.9113604301,0.713806141,-0.1566624281,0.006398683554,-0.6825662851,-0.02548954376,0.1975934508,1.491952085,0.7084618662,0.005805937755,0.01077240725,-0.7056429908,0.006717120046,0.1953763144,1.591802348,0.7093435953,0.005819402224,0.01076513952,-0.7047566318
-0.2454063771,0.05606731346,-0.005064885888,0.3856711688,-0.2233157329,-0.04293821529,-0.2279485036,-0.03839062639,-0.02414632194,0.3482154302,-0.1935896181,0.03163741079,-0.01407416029,0.1320093881,0.2152732185,0.07091778086,-0.294575292,-0.04427300509,0.2249485741,-0.1945392024,-0.08162317067,-0.4345000123,0.04319127875,0.02685275395,0.002500656162,2,2,0,0,0.001417660929,0.2002830503,0.8673367498,0.7134908217,-0.00365957497,0.00128542944,-0.7006538393,0.1263551094,0.1187815773,0.9073836943,0.7326093586,-0.06591700527,-0.1017741473,-0.6697615241,0.1286855972,0.1310726954,0.8199413653,0.7309108783,-0.06565905695,-0.1019407519,-0.6716146658,0.09463145845,0.1864036858,0.9978091564,0.7304738511,-0.08642613467,-0.08296075306,-0.672351091,0.1839935812,0.1045690474,0.5348139555,0.7368994713,0.06426798904,0.0400224695,-0.6717492067,0.1549439897,0.1687236625,0.09988926943,0.7367701461,-0.010982549,-0.04233651836,-0.6747271706,0.1568431205,0.1648431032,0.06219187086,0.7363645882,-0.02679660052,-0.02784208433,-0.6754805355,-0.1196358909,0.1157091592,0.9079738455,0.6867045433,-0.09384021823,-0.06343856391,-0.7180574018,-0.1222746987,0.1292682906,0.8207279269,0.6779854845,-0.0930674938,-0.06456686106,-0.7262955631,-0.08938971058,0.1830646136,0.9991018605,0.6883792173,-0.08064223126,-0.07720936728,-0.7167074698,-0.1743949056,0.1059383878,0.534723983,0.6789202409,0.03415530019,0.05385631964,-0.7314370915,-0.1434860201,0.160566499,0.09862813782,0.6809471174,-0.03669338891,-0.01200916479,-0.7313141586,-0.1449786821,0.1569030738,0.06089074824,0.6814423397,-0.02591754548,-0.02357562305,-0.7310327001,0.003674853359,0.1852520001,1.149830953,0.7085426391,-0.003668529954,0.001259645103,-0.7056573416,0.1569132762,0.1976689476,1.382608562,0.7106496471,0.04273908608,0.04785896405,-0.7006139944,0.2301895999,0.2368049629,1.372390172,0.7019455422,0.1188360478,-0.02768419033,-0.701700816,0.2572783155,0.2116183416,1.284933103,0.7262467837,0.1160038298,-0.03364812242,-0.6767396283,0.270784958,0.226958032,1.136797619,0.7063573653,0.01603966282,-0.1383747104,-0.694013286,0.3374579953,0.209915772,1.023516191,0.6913620048,0.02347468202,-0.1402285988,-0.7083808705,0.3934972777,0.1576836753,0.9056938093,0.6913620048,0.02347468202,-0.1402285988,-0.7083808705,0.3793276822,0.1575769588,0.9012515436,0.6913620048,0.02347468202,-0.1402285988,-0.7083808705,-0.146396832,0.1964348853,1.384724637,0.6975729029,0.07528926659,0.08048741439,-0.7079868273,-0.2198096457,0.2362514923,1.379187543,0.7015873187,0.007187685179,0.1488640075,-0.6968235636,-0.2463835788,0.219322828,1.289609925,0.6730795528,-0.0009091495547,0.1469859607,-0.724815988,-0.2589138302,0.2480039699,1.143383245,0.7000291188,-0.154453304,-0.001162804247,-0.6972101962,-0.325170019,0.2240649816,1.031134769,0.7138067984,-0.1566626026,0.006399106906,-0.6825655535,-0.3798899517,0.1652753378,0.91581208,0.7138067984,-0.1566626026,0.006399106906,-0.6825655535,-0.3657230061,0.1653303972,0.9113604319,0.7138067984,-0.1566626026,0.006399106906,-0.6825655535,-0.02548954366,0.1975934467,1.491952086,0.7084618644,0.005805937532,0.01077240633,-0.7056429926,0.006717120035,0.1953763104,1.591802349,0.7093435957,0.005819402032,0.01076513858,-0.7047566315
-0.2454063751,0.05606731193,-0.005064885834,0.3856711652,-0.2233157378,-0.04293821382,-0.2279485015,-0.03839062804,-0.02414632411,0.3482154262,-0.193589622,0.03163741365,-0.01407416495,0.1320094446,0.2152730331,0.0709184504,-0.2945753979,-0.04427602769,0.2249485874,-0.1945390469,-0.0816235878,-0.4345000629,0.04319341236,0.02685275024,0.002500661026,2,2,0,0,0.001417661411,0.2002830485,0.8673367504,0.7134908219,-0.003659573846,0.001285430049,-0.7006538391,0.1263551098,0.1187815756,0.9073836946,0.7326093586,-0.06591700401,-0.1017741456,-0.6697615244,0.1286855976,0.1310726941,0.8199413657,0.7309108784,-0.0656590557,-0.1019407501,-0.6716146661,0.09463145885,0.1864036837,0.997809157,0.7304738512,-0.08642613285,-0.08296075184,-0.6723510912,0.1839935813,0.1045690473,0.5348139558,0.7368994712,0.06426798912,0.04002246989,-0.6717492068,0.1549439897,0.1687236627,0.09988926974,0.7367701458,-0.0109825506,-0.04233651976,-0.6747271707,0.1568431205,0.1648431033,0.06219187118,0.7363645879,-0.02679660157,-0.02784208622,-0.6754805356,-0.1196358904,0.1157091574,0.9079738457,0.6867045438,-0.09384021697,-0.06343856197,-0.7180574017,-0.1222746982,0.1292682892,0.8207279272,0.6779854842,-0.09306749249,-0.0645668592,-0.7262955636,-0.08938971018,0.1830646115,0.999101861,0.6883792179,-0.08064222942,-0.07720936593,-0.7167074696,-0.1743949053,0.1059383878,0.5347239832,0.6789202404,0.03415530013,0.05385632007,-0.7314370919,-0.14348602,0.1605664992,0.09862813799,0.6809471169,-0.03669339046,-0.01200916566,-0.7313141589,-0.1449786821,0.1569030738,0.06089074842,0.6814423392,-0.02591754606,-0.02357562498,-0.7310327004,0.00367485365,0.1852519976,1.149830954,0.7085426376,-0.003668528837,0.001259645711,-0.7056573431,0.1569132764,0.1976689439,1.382608563,0.7106496459,0.04273910715,0.04785898449,-0.7006139929,0.2301896001,0.2368049598,1.372390175,0.7019455497,0.1188360036,-0.0276841048,-0.7017008193,0.2572783002,0.2116183441,1.2849331,0.7262470167,0.1160037612,-0.03364809151,-0.6767393915,0.270784918,0.2269580245,1.136797613,0.7063575929,0.01603959311,-0.1383747519,-0.6940130477,0.3374579554,0.2099157807,1.023516182,0.6913612024,0.02347512119,-0.1402287645,-0.7083816062,0.3934972542,0.1576836423,0.9056938265,0.6913612024,0.02347512119,-0.1402287645,-0.7083816062,0.379327663,0.1575769575,0.901251546,0.6913612024,0.02347512119,-0.1402287645,-0.7083816062,-0.1463968318,0.1964348828,1.384724637,0.6975729005,0.07528927252,0.08048741952,-0.7079868285,-0.2198096453,0.2362514903,1.379187544,0.7015873163,0.00718774586,0.1488639586,-0.6968235758,-0.2463835654,0.2193228282,1.289609921,0.6730794012,-0.0009091283531,0.1469859041,-0.7248161403,-0.2589137953,0.2480039611,1.143383238,0.7000289621,-0.1544533345,-0.0011628447,-0.6972103466,-0.3251699873,0.2240649839,1.031134762,0.7138073173,-0.1566627404,0.006399441078,-0.6825649761,-0.3798899327,0.1652753114,0.9158120934,0.7138073173,-0.1566627404,0.006399441078,-0.6825649761,-0.3657229909,0.165330393,0.9113604334,0.7138073173,-0.1566627404,0.006399441078,-0.6825649761,-0.02548954357,0.1975934435,1.491952086,0.708461863,0.005805937358,0.0107724056,-0.7056429941,0.006717120047,0.1953763072,1.59180235,0.7093435959,0.005819401883,0.01076513784,-0.7047566312
-0.2454063736,0.05606731069,-0.005064885821,0.3856711624,-0.2233157417,-0.0429382126,-0.2279484998,-0.03839062938,-0.02414632586,0.3482154231,-0.1935896252,0.03163741597,-0.01407416869,0.1320094896,0.2152728857,0.07091898237,-0.2945754821,-0.04427842898,0.2249485978,-0.1945389243,-0.08162391695,-0.4345001027,0.04319509636,0.0268527473,0.002500664945,2,2,0,0,0.001417661809,0.200283047,0.8673367509,0.7134908221,-0.003659572954,0.001285430531,-0.7006538389,0.1263551102,0.1187815743,0.9073836949,0.7326093587,-0.06591700302,-0.1017741442,-0.6697615246,0.1286855979,0.131072693,0.819941366,0.7309108785,-0.06565905471,-0.1019407488,-0.6716146663,0.09463145918,0.1864036821,0.9978091575,0.7304738514,-0.08642613141,-0.08296075087,-0.6723510914,0.1839935814,0.1045690472,0.534813956,0.736899471,0.06426798917,0.0400224702,-0.671749207,0.1549439896,0.1687236628,0.09988926999,0.7367701456,-0.01098255187,-0.04233652087,-0.6747271708,0.1568431204,0.1648431033,0.06219187144,0.7363645877,-0.02679660239,-0.02784208774,-0.6754805358,-0.1196358899,0.115709156,0.9079738458,0.6867045442,-0.09384021598,-0.06343856042,-0.7180574015,-0.1222746979,0.1292682881,0.8207279273,0.6779854839,-0.09306749146,-0.06456685773,-0.7262955641,-0.08938970985,0.1830646097,0.9991018614,0.6883792183,-0.08064222796,-0.07720936486,-0.7167074695,-0.1743949051,0.1059383877,0.5347239833,0.67892024,0.03415530008,0.05385632042,-0.7314370922,-0.14348602,0.1605664993,0.09862813812,0.6809471165,-0.0366933917,-0.01200916635,-0.7313141592,-0.1449786821,0.1569030738,0.06089074856,0.6814423389,-0.02591754651,-0.02357562652,-0.7310327006,0.003674853897,0.1852519957,1.149830954,0.7085426365,-0.003668527951,0.001259646192,-0.7056573443,0.1569132765,0.197668941,1.382608564,0.7106496449,0.0427391239,0.04785900074,-0.7006139918,0.2301896002,0.2368049574,1.372390177,0.7019455557,0.1188359684,-0.02768403683,-0.701700822,0.2572782881,0.2116183461,1.284933097,0.7262472019,0.1160037066,-0.03364806694,-0.6767392034,0.2707848862,0.2269580185,1.136797607,0.7063577737,0.01603953771,-0.1383747849,-0.6940128584,0.3374579238,0.2099157875,1.023516175,0.691360565,0.02347547008,-0.1402288962,-0.7083821907,0.3934972355,0.1576836161,0.9056938402,0.691360565,0.02347547008,-0.1402288962,-0.7083821907,0.3793276478,0.1575769564,0.9012515479,0.691360565,0.02347547008,-0.1402288962,-0.7083821907,-0.1463968317,0.1964348809,1.384724637,0.6975728985,0.07528927718,0.08048742354,-0.7079868294,-0.219809645,0.2362514887,1.379187545,0.7015873143,0.007187793716,0.1488639199,-0.6968235855,-0.2463835548,0.2193228284,1.289609919,0.6730792815,-0.0009091116489,0.1469858593,-0.7248162605,-0.2589137677,0.2480039542,1.143383232,0.7000288385,-0.1544533586,-0.001162876606,-0.6972104654,-0.3251699622,0.2240649858,1.031134756,0.7138077269,-0.1566628491,0.006399704854,-0.6825645204,-0.3798899177,0.1652752906,0.9158121039,0.7138077269,-0.1566628491,0.006399704854,-0.6825645204,-0.3657229789,0.1653303896,0.9113604345,0.7138077269,-0.1566628491,0.006399704854,-0.6825645204,-0.02548954348,0.197593441,1.491952087,0.7084618618,0.005805937221,0.01077240502,-0.7056429952,0.006717120072,0.1953763046,1.59180235,0.7093435962,0.005819401767,0.01076513725,-0.704756631
-0.2454063723,0.05606730967,-0.005064885835,0.3856711601,-0.2233157448,-0.04293821158,-0.2279484984,-0.03839063047,-0.02414632728,0.3482154206,-0.1935896277,0.03163741786,-0.0140741717,0.1320095254,0.2152727686,0.07091940502,-0.294575549,-0.04428033667,0.224948606,-0.1945388275,-0.08162417668,-0.4345001341,0.04319642549,0.02685274497,0.0025006681,2,2,0,0,0.001417662138,0.2002830459,0.8673367513,0.7134908222,-0.003659572247,0.001285430912,-0.7006538388,0.1263551105,0.1187815733,0.9073836951,0.7326093587,-0.06591700224,-0.1017741431,-0.6697615248,0.1286855982,0.1310726922,0.8199413663,0.7309108785,-0.06565905394,-0.1019407477,-0.6716146665,0.09463145945,0.1864036808,0.9978091579,0.7304738515,-0.08642613027,-0.08296075011,-0.6723510915,0.1839935816,0.1045690471,0.5348139561,0.7368994709,0.06426798921,0.04002247045,-0.6717492071,0.1549439896,0.1687236629,0.09988927018,0.7367701455,-0.01098255289,-0.04233652174,-0.6747271709,0.1568431204,0.1648431033,0.06219187165,0.7363645876,-0.02679660303,-0.02784208895,-0.6754805359,-0.1196358896,0.1157091549,0.9079738459,0.6867045445,-0.0938402152,-0.06343855918,-0.7180574014,-0.1222746976,0.1292682872,0.8207279275,0.6779854838,-0.09306749065,-0.06456685655,-0.7262955645,-0.08938970957,0.1830646084,0.9991018617,0.6883792187,-0.0806422268,-0.07720936401,-0.7167074694,-0.1743949049,0.1059383877,0.5347239834,0.6789202397,0.03415530003,0.0538563207,-0.7314370925,-0.14348602,0.1605664994,0.09862813822,0.6809471162,-0.03669339268,-0.01200916688,-0.7313141594,-0.1449786821,0.1569030738,0.06089074867,0.6814423386,-0.02591754686,-0.02357562774,-0.7310327008,0.003674854106,0.1852519941,1.149830955,0.7085426355,-0.003668527249,0.001259646573,-0.7056573452,0.1569132766,0.1976689387,1.382608564,0.7106496441,0.04273913722,0.04785901366,-0.7006139909,0.2301896004,0.2368049554,1.372390179,0.7019455604,0.1188359404,-0.0276839828,-0.7017008241,0.2572782785,0.2116183477,1.284933095,0.726247349,0.1160036633,-0.0336480474,-0.676739054,0.2707848609,0.2269580138,1.136797603,0.7063579174,0.01603949369,-0.1383748111,-0.694012708,0.3374578986,0.209915793,1.023516169,0.6913600586,0.02347574724,-0.1402290008,-0.7083826551,0.3934972206,0.1576835953,0.9056938511,0.6913600586,0.02347574724,-0.1402290008,-0.7083826551,0.3793276357,0.1575769555,0.9012515494,0.6913600586,0.02347574724,-0.1402290008,-0.7083826551,-0.1463968315,0.1964348794,1.384724638,0.697572897,0.07528928084,0.08048742669,-0.7079868302,-0.2198096447,0.2362514875,1.379187545,0.7015873128,0.007187831458,0.1488638894,-0.6968235932,-0.2463835465,0.2193228286,1.289609917,0.6730791871,-0.0009090984883,0.146985824,-0.7248163554,-0.258913746,0.2480039487,1.143383228,0.7000287409,-0.1544533776,-0.00116290177,-0.6972105591,-0.3251699424,0.2240649872,1.031134751,0.7138080501,-0.1566629349,0.006399913063,-0.6825641607,-0.3798899058,0.1652752742,0.9158121122,0.7138080501,-0.1566629349,0.006399913063,-0.6825641607,-0.3657229694,0.165330387,0.9113604355,0.7138080501,-0.1566629349,0.006399913063,-0.6825641607,-0.02548954339,0.197593439,1.491952087,0.7084618609,0.005805937114,0.01077240457,-0.7056429962,0.006717120105,0.1953763026,1.591802351,0.7093435964,0.005819401677,0.01076513679,-0.7047566308
-0.2454063713,0.05606730885,-0.005064885864,0.3856711583,-0.2233157472,-0.04293821075,-0.2279484974,-0.03839063135,-0.02414632842,0.3482154186,-0.1935896296,0.03163741939,-0.01407417413,0.1320095538,0.2152726756,0.07091974083,-0.2945756022,-0.04428185224,0.2249486124,-0.1945387511,-0.08162438162,-0.4345001589,0.04319747453,0.02685274312,0.002500670641,2,2,0,0,0.001417662409,0.200283045,0.8673367516,0.7134908223,-0.003659571687,0.001285431214,-0.7006538387,0.1263551108,0.1187815724,0.9073836953,0.7326093588,-0.06591700163,-0.1017741423,-0.6697615249,0.1286855984,0.1310726916,0.8199413665,0.7309108785,-0.06565905333,-0.1019407468,-0.6716146667,0.09463145968,0.1864036798,0.9978091582,0.7304738516,-0.08642612936,-0.08296074951,-0.6723510916,0.1839935816,0.1045690471,0.5348139562,0.7368994708,0.06426798923,0.04002247066,-0.6717492072,0.1549439896,0.168723663,0.09988927034,0.7367701454,-0.0109825537,-0.04233652243,-0.674727171,0.1568431204,0.1648431033,0.06219187181,0.7363645874,-0.02679660353,-0.02784208992,-0.675480536,-0.1196358893,0.115709154,0.907973846,0.6867045448,-0.09384021459,-0.0634385582,-0.7180574013,-0.1222746973,0.1292682865,0.8207279276,0.6779854836,-0.09306749001,-0.06456685561,-0.7262955648,-0.08938970934,0.1830646073,0.999101862,0.688379219,-0.08064222588,-0.07720936334,-0.7167074693,-0.1743949047,0.1059383877,0.5347239835,0.6789202394,0.03415529999,0.05385632093,-0.7314370928,-0.14348602,0.1605664995,0.0986281383,0.680947116,-0.03669339346,-0.0120091673,-0.7313141596,-0.1449786821,0.1569030739,0.06089074876,0.6814423384,-0.02591754712,-0.02357562872,-0.731032701,0.003674854281,0.1852519929,1.149830955,0.7085426348,-0.003668526692,0.001259646874,-0.7056573459,0.1569132768,0.1976689368,1.382608564,0.7106496435,0.04273914781,0.04785902393,-0.7006139902,0.2301896005,0.2368049539,1.372390181,0.7019455642,0.1188359182,-0.02768393987,-0.7017008258,0.2572782708,0.2116183489,1.284933093,0.7262474658,0.1160036289,-0.03364803186,-0.6767389352,0.2707848409,0.22695801,1.1367976,0.7063580315,0.01603945871,-0.1383748319,-0.6940125885,0.3374578787,0.2099157973,1.023516165,0.6913596563,0.02347596741,-0.1402290839,-0.7083830239,0.3934972088,0.1576835788,0.9056938597,0.6913596563,0.02347596741,-0.1402290839,-0.7083830239,0.3793276261,0.1575769549,0.9012515506,0.6913596563,0.02347596741,-0.1402290839,-0.7083830239,-0.1463968314,0.1964348782,1.384724638,0.6975728958,0.07528928372,0.08048742916,-0.7079868308,-0.2198096445,0.2362514865,1.379187546,0.7015873116,0.007187861223,0.1488638653,-0.6968235992,-0.2463835399,0.2193228287,1.289609915,0.6730791125,-0.0009090881198,0.1469857962,-0.7248164302,-0.2589137288,0.2480039444,1.143383225,0.7000286639,-0.1544533926,-0.001162921616,-0.6972106331,-0.3251699268,0.2240649883,1.031134748,0.7138083053,-0.1566630026,0.006400077409,-0.6825638768,-0.3798898965,0.1652752612,0.9158121188,0.7138083053,-0.1566630026,0.006400077409,-0.6825638768,-0.3657229619,0.1653303849,0.9113604362,0.7138083053,-0.1566630026,0.006400077409,-0.6825638768,-0.02548954331,0.1975934374,1.491952087,0.7084618602,0.00580593703,0.0107724042,-0.7056429969,0.006717120141,0.195376301,1.591802351,0.7093435965,0.005819401606,0.01076513642,-0.7047566307
-0.2454063706,0.05606730818,-0.005064885902,0.3856711569,-0.2233157492,-0.04293821005,-0.2279484965,-0.03839063206,-0.02414632935,0.348215417,-0.1935896312,0.03163742063,-0.01407417608,0.1320095764,0.2152726016,0.07092000764,-0.2945756444,-0.04428305628,0.2249486175,-0.1945386909,-0.08162454334,-0.4345001783,0.04319830249,0.02685274166,0.002500672686,2,2,0,0,0.001417662632,0.2002830443,0.8673367518,0.7134908224,-0.003659571243,0.001285431452,-0.7006538386,0.126355111,0.1187815718,0.9073836955,0.7326093588,-0.06591700116,-0.1017741416,-0.6697615251,0.1286855986,0.1310726911,0.8199413666,0.7309108786,-0.06565905286,-0.1019407461,-0.6716146668,0.09463145987,0.186403679,0.9978091585,0.7304738516,-0.08642612864,-0.08296074903,-0.6723510917,0.1839935817,0.104569047,0.5348139563,0.7368994707,0.06426798925,0.04002247083,-0.6717492073,0.1549439896,0.1687236631,0.09988927046,0.7367701452,-0.01098255436,-0.04233652297,-0.6747271711,0.1568431204,0.1648431033,0.06219187194,0.7363645873,-0.02679660393,-0.0278420907,-0.675480536,-0.119635889,0.1157091533,0.9079738461,0.686704545,-0.09384021411,-0.06343855741,-0.7180574013,-0.1222746971,0.129268286,0.8207279277,0.6779854835,-0.09306748951,-0.06456685486,-0.7262955651,-0.08938970915,0.1830646064,0.9991018622,0.6883792192,-0.08064222515,-0.0772093628,-0.7167074692,-0.1743949046,0.1059383877,0.5347239836,0.6789202392,0.03415529995,0.05385632111,-0.7314370929,-0.14348602,0.1605664996,0.09862813837,0.6809471157,-0.03669339409,-0.01200916763,-0.7313141598,-0.1449786822,0.1569030739,0.06089074883,0.6814423382,-0.02591754733,-0.02357562951,-0.7310327011,0.003674854428,0.1852519919,1.149830955,0.7085426342,-0.003668526251,0.001259647112,-0.7056573466,0.1569132769,0.1976689354,1.382608565,0.710649643,0.04273915623,0.04785903209,-0.7006139897,0.2301896006,0.2368049526,1.372390182,0.7019455672,0.1188359006,-0.02768390575,-0.7017008272,0.2572782648,0.2116183499,1.284933092,0.7262475586,0.1160036015,-0.03364801951,-0.6767388409,0.270784825,0.226958007,1.136797597,0.7063581221,0.0160394309,-0.1383748484,-0.6940124936,0.3374578628,0.2099158008,1.023516161,0.6913593367,0.02347614232,-0.1402291499,-0.708383317,0.3934971994,0.1576835657,0.9056938665,0.6913593367,0.02347614232,-0.1402291499,-0.708383317,0.3793276185,0.1575769543,0.9012515516,0.6913593367,0.02347614232,-0.1402291499,-0.708383317,-0.1463968313,0.1964348772,1.384724638,0.6975728948,0.07528928598,0.0804874311,-0.7079868313,-0.2198096443,0.2362514858,1.379187546,0.7015873106,0.007187884696,0.1488638463,-0.696823604,-0.2463835347,0.2193228288,1.289609914,0.6730790537,-0.0009090799512,0.1469857742,-0.7248164893,-0.2589137152,0.248003941,1.143383222,0.7000286031,-0.1544534045,-0.001162937269,-0.6972106915,-0.3251699144,0.2240649892,1.031134745,0.7138085066,-0.1566630561,0.006400207133,-0.6825636528,-0.3798898891,0.165275251,0.915812124,0.7138085066,-0.1566630561,0.006400207133,-0.6825636528,-0.365722956,0.1653303833,0.9113604368,0.7138085066,-0.1566630561,0.006400207133,-0.6825636528,-0.02548954324,0.1975934361,1.491952088,0.7084618596,0.005805936965,0.01077240392,-0.7056429975,0.006717120178,0.1953762998,1.591802351,0.7093435967,0.005819401551,0.01076513613,-0.7047566305
-0.24540637,0.05606730764,-0.005064885944,0.3856711558,-0.2233157507,-0.04293820948,-0.2279484958,-0.03839063264,-0.02414633009,0.3482154158,-0.1935896324,0.03163742163,-0.01407417765,0.1320095944,0.2152725429,0.07092021962,-0.294575678,-0.04428401283,0.2249486214,-0.1945386434,-0.08162467094,-0.4345001937,0.04319895596,0.02685274051,0.002500674332,2,2,0,0,0.001417662816,0.2002830437,0.867336752,0.7134908225,-0.00365957089,0.001285431641,-0.7006538385,0.1263551112,0.1187815713,0.9073836956,0.7326093588,-0.06591700079,-0.101774141,-0.6697615252,0.1286855988,0.1310726906,0.8199413668,0.7309108786,-0.06565905248,-0.1019407455,-0.6716146669,0.09463146003,0.1864036783,0.9978091587,0.7304738517,-0.08642612807,-0.08296074866,-0.6723510917,0.1839935818,0.104569047,0.5348139564,0.7368994706,0.06426798926,0.04002247097,-0.6717492073,0.1549439896,0.1687236632,0.09988927056,0.7367701452,-0.01098255487,-0.0423365234,-0.6747271711,0.1568431204,0.1648431033,0.06219187204,0.7363645872,-0.02679660423,-0.02784209132,-0.6754805361,-0.1196358888,0.1157091527,0.9079738461,0.6867045452,-0.09384021373,-0.06343855678,-0.7180574012,-0.1222746969,0.1292682855,0.8207279278,0.6779854834,-0.09306748911,-0.06456685426,-0.7262955653,-0.08938970899,0.1830646058,0.9991018623,0.6883792194,-0.08064222457,-0.07720936238,-0.7167074691,-0.1743949045,0.1059383877,0.5347239836,0.6789202391,0.03415529991,0.05385632126,-0.7314370931,-0.14348602,0.1605664996,0.09862813842,0.6809471156,-0.03669339459,-0.01200916788,-0.7313141599,-0.1449786822,0.1569030739,0.06089074888,0.6814423381,-0.02591754749,-0.02357563013,-0.7310327012,0.003674854552,0.1852519911,1.149830956,0.7085426337,-0.003668525901,0.001259647301,-0.705657347,0.156913277,0.1976689342,1.382608565,0.7106496426,0.04273916293,0.04785903859,-0.7006139892,0.2301896007,0.2368049517,1.372390183,0.7019455695,0.1188358866,-0.02768387863,-0.7017008282,0.25727826,0.2116183507,1.284933091,0.7262476324,0.1160035798,-0.03364800969,-0.676738766,0.2707848123,0.2269580047,1.136797595,0.7063581942,0.01603940881,-0.1383748615,-0.6940124182,0.3374578502,0.2099158035,1.023516158,0.6913590828,0.02347628128,-0.1402292023,-0.7083835498,0.3934971919,0.1576835552,0.905693872,0.6913590828,0.02347628128,-0.1402292023,-0.7083835498,0.3793276124,0.1575769539,0.9012515523,0.6913590828,0.02347628128,-0.1402292023,-0.7083835498,-0.1463968312,0.1964348765,1.384724638,0.697572894,0.07528928776,0.08048743262,-0.7079868317,-0.2198096442,0.2362514852,1.379187546,0.7015873099,0.007187903208,0.1488638313,-0.6968236078,-0.2463835306,0.2193228289,1.289609913,0.6730790073,-0.0009090735158,0.1469857568,-0.724816536,-0.2589137045,0.2480039383,1.14338322,0.7000285551,-0.1544534138,-0.001162949614,-0.6972107375,-0.3251699047,0.2240649899,1.031134743,0.7138086656,-0.1566630983,0.006400309527,-0.6825634759,-0.3798898833,0.1652752429,0.915812128,0.7138086656,-0.1566630983,0.006400309527,-0.6825634759,-0.3657229514,0.165330382,0.9113604372,0.7138086656,-0.1566630983,0.006400309527,-0.6825634759,-0.02548954318,0.1975934351,1.491952088,0.7084618591,0.005805936913,0.01077240369,-0.705642998,0.006717120213,0.1953762988,1.591802351,0.7093435968,0.005819401508,0.01076513589,-0.7047566304
-0.2454063695,0.0560673072,-0.005064885987,0.3856711549,-0.223315752,-0.04293820902,-0.2279484953,-0.03839063311,-0.02414633069,0.3482154148,-0.1935896334,0.03163742244,-0.01407417891,0.1320096087,0.2152724962,0.07092038805,-0.2945757047,-0.04428477277,0.2249486245,-0.1945386059,-0.08162477163,-0.4345002057,0.04319947172,0.02685273959,0.002500675656,2,2,0,0,0.001417662966,0.2002830433,0.8673367521,0.7134908225,-0.003659570611,0.001285431791,-0.7006538385,0.1263551113,0.1187815709,0.9073836957,0.7326093589,-0.06591700049,-0.1017741406,-0.6697615252,0.1286855989,0.1310726903,0.8199413669,0.7309108786,-0.06565905219,-0.1019407451,-0.671614667,0.09463146016,0.1864036778,0.9978091588,0.7304738518,-0.08642612762,-0.08296074836,-0.6723510918,0.1839935818,0.104569047,0.5348139565,0.7368994706,0.06426798927,0.04002247108,-0.6717492074,0.1549439895,0.1687236632,0.09988927064,0.7367701451,-0.01098255529,-0.04233652374,-0.6747271712,0.1568431203,0.1648431033,0.06219187212,0.7363645871,-0.02679660448,-0.02784209181,-0.6754805361,-0.1196358886,0.1157091523,0.9079738462,0.6867045453,-0.09384021343,-0.06343855628,-0.7180574012,-0.1222746968,0.1292682852,0.8207279278,0.6779854833,-0.0930674888,-0.06456685378,-0.7262955654,-0.08938970886,0.1830646052,0.9991018624,0.6883792195,-0.08064222411,-0.07720936205,-0.7167074691,-0.1743949044,0.1059383877,0.5347239837,0.6789202389,0.03415529988,0.05385632138,-0.7314370932,-0.14348602,0.1605664996,0.09862813846,0.6809471154,-0.03669339498,-0.01200916808,-0.73131416,-0.1449786822,0.1569030739,0.06089074893,0.681442338,-0.02591754761,-0.02357563063,-0.7310327013,0.003674854654,0.1852519905,1.149830956,0.7085426333,-0.003668525623,0.00125964745,-0.7056573474,0.156913277,0.1976689333,1.382608565,0.7106496422,0.04273916825,0.04785904375,-0.7006139889,0.2301896008,0.2368049509,1.372390184,0.7019455714,0.1188358755,-0.02768385708,-0.7017008291,0.2572782562,0.2116183513,1.28493309,0.726247691,0.1160035625,-0.03364800187,-0.6767387064,0.2707848023,0.2269580028,1.136797593,0.7063582514,0.01603939125,-0.138374872,-0.6940123583,0.3374578402,0.2099158057,1.023516156,0.6913588811,0.02347639166,-0.140229244,-0.7083837348,0.393497186,0.1576835469,0.9056938763,0.6913588811,0.02347639166,-0.140229244,-0.7083837348,0.3793276076,0.1575769536,0.9012515529,0.6913588811,0.02347639166,-0.140229244,-0.7083837348,-0.1463968312,0.1964348759,1.384724638,0.6975728934,0.07528928916,0.08048743381,-0.707986832,-0.219809644,0.2362514847,1.379187547,0.7015873093,0.007187917806,0.1488638195,-0.6968236108,-0.2463835273,0.219322829,1.289609912,0.6730789707,-0.0009090684461,0.1469857431,-0.7248165728,-0.2589136961,0.2480039362,1.143383218,0.7000285172,-0.1544534212,-0.001162959349,-0.6972107739,-0.325169897,0.2240649905,1.031134741,0.713808791,-0.1566631315,0.006400390349,-0.6825633363,-0.3798898787,0.1652752365,0.9158121313,0.713808791,-0.1566631315,0.006400390349,-0.6825633363,-0.3657229477,0.165330381,0.9113604376,0.713808791,-0.1566631315,0.006400390349,-0.6825633363,-0.02548954313,0.1975934344,1.491952088,0.7084618587,0.005805936873,0.01077240351,-0.7056429984,0.006717120246,0.195376298,1.591802352,0.7093435968,0.005819401475,0.01076513571,-0.7047566304
-0.2454063691,0.05606730685,-0.005064886028,0.3856711542,-0.2233157529,-0.04293820863,-0.2279484949,-0.03839063349,-0.02414633117,0.348215414,-0.1935896342,0.0316374231,-0.01407417992,0.1320096201,0.2152724591,0.07092052187,-0.294575726,-0.0442853765,0.2249486269,-0.1945385764,-0.08162485107,-0.4345002153,0.04319987878,0.02685273887,0.002500676721,2,2,0,0,0.00141766309,0.2002830429,0.8673367523,0.7134908226,-0.00365957039,0.001285431909,-0.7006538384,0.1263551115,0.1187815705,0.9073836957,0.7326093589,-0.06591700027,-0.1017741402,-0.6697615253,0.128685599,0.1310726901,0.819941367,0.7309108786,-0.06565905196,-0.1019407447,-0.6716146671,0.09463146027,0.1864036774,0.997809159,0.7304738518,-0.08642612727,-0.08296074812,-0.6723510918,0.1839935819,0.1045690469,0.5348139565,0.7368994705,0.06426798927,0.04002247117,-0.6717492074,0.1549439895,0.1687236632,0.0998892707,0.736770145,-0.01098255562,-0.042336524,-0.6747271712,0.1568431203,0.1648431033,0.06219187219,0.7363645871,-0.02679660466,-0.0278420922,-0.6754805362,-0.1196358885,0.1157091519,0.9079738462,0.6867045454,-0.0938402132,-0.06343855588,-0.7180574012,-0.1222746967,0.1292682849,0.8207279279,0.6779854832,-0.09306748856,-0.0645668534,-0.7262955656,-0.08938970875,0.1830646048,0.9991018625,0.6883792196,-0.08064222374,-0.07720936178,-0.716707469,-0.1743949044,0.1059383877,0.5347239837,0.6789202388,0.03415529986,0.05385632147,-0.7314370933,-0.14348602,0.1605664997,0.09862813849,0.6809471153,-0.0366933953,-0.01200916824,-0.7313141601,-0.1449786822,0.1569030739,0.06089074896,0.6814423379,-0.0259175477,-0.02357563103,-0.7310327014,0.00367485474,0.18525199,1.149830956,0.708542633,-0.003668525404,0.001259647568,-0.7056573477,0.1569132771,0.1976689325,1.382608565,0.710649642,0.04273917248,0.04785904786,-0.7006139886,0.2301896008,0.2368049503,1.372390184,0.7019455729,0.1188358666,-0.02768383995,-0.7017008298,0.2572782531,0.2116183518,1.284933089,0.7262477376,0.1160035488,-0.03364799566,-0.6767386591,0.2707847943,0.2269580013,1.136797592,0.7063582969,0.0160393773,-0.1383748802,-0.6940123107,0.3374578323,0.2099158074,1.023516154,0.6913587208,0.02347647935,-0.1402292771,-0.7083838817,0.3934971813,0.1576835404,0.9056938797,0.6913587208,0.02347647935,-0.1402292771,-0.7083838817,0.3793276038,0.1575769533,0.9012515534,0.6913587208,0.02347647935,-0.1402292771,-0.7083838817,-0.1463968311,0.1964348754,1.384724639,0.6975728929,0.07528929025,0.08048743474,-0.7079868323,-0.2198096439,0.2362514843,1.379187547,0.7015873088,0.007187929319,0.1488638101,-0.6968236132,-0.2463835247,0.219322829,1.289609912,0.6730789417,-0.0009090644523,0.1469857323,-0.7248166018,-0.2589136894,0.2480039345,1.143383217,0.7000284874,-0.154453427,-0.001162967027,-0.6972108026,-0.325169891,0.2240649909,1.03113474,0.71380889,-0.1566631578,0.006400454143,-0.6825632262,-0.379889875,0.1652752315,0.9158121338,0.71380889,-0.1566631578,0.006400454143,-0.6825632262,-0.3657229448,0.1653303802,0.9113604379,0.71380889,-0.1566631578,0.006400454143,-0.6825632262,-0.02548954308,0.1975934337,1.491952088,0.7084618584,0.005805936842,0.01077240337,-0.7056429987,0.006717120277,0.1953762973,1.591802352,0.7093435969,0.005819401449,0.01076513556,-0.7047566303
-0.2454063688,0.05606730656,-0.005064886067,0.3856711537,-0.2233157537,-0.04293820831,-0.2279484945,-0.03839063379,-0.02414633156,0.3482154134,-0.1935896348,0.03163742364,-0.01407418074,0.1320096291,0.2152724296,0.0709206282,-0.2945757428,-0.04428585615,0.2249486288,-0.194538553,-0.08162491376,-0.4345002228,0.04320020004,0.02685273829,0.002500677578,2,2,0,0,0.001417663191,0.2002830427,0.8673367523,0.7134908226,-0.003659570214,0.001285432003,-0.7006538384,0.1263551116,0.1187815703,0.9073836958,0.7326093589,-0.06591700009,-0.1017741399,-0.6697615253,0.1286855991,0.1310726899,0.819941367,0.7309108786,-0.06565905178,-0.1019407445,-0.6716146671,0.09463146035,0.1864036771,0.9978091591,0.7304738518,-0.08642612698,-0.08296074794,-0.6723510918,0.1839935819,0.1045690469,0.5348139566,0.7368994705,0.06426798928,0.04002247124,-0.6717492075,0.1549439895,0.1687236633,0.09988927075,0.736770145,-0.01098255589,-0.04233652421,-0.6747271713,0.1568431203,0.1648431033,0.06219187224,0.736364587,-0.02679660481,-0.02784209252,-0.6754805362,-0.1196358884,0.1157091517,0.9079738462,0.6867045455,-0.09384021302,-0.06343855556,-0.7180574011,-0.1222746966,0.1292682847,0.8207279279,0.6779854832,-0.09306748837,-0.0645668531,-0.7262955657,-0.08938970867,0.1830646044,0.9991018626,0.6883792197,-0.08064222345,-0.07720936157,-0.716707469,-0.1743949043,0.1059383877,0.5347239837,0.6789202387,0.03415529984,0.05385632155,-0.7314370934,-0.14348602,0.1605664997,0.09862813852,0.6809471153,-0.03669339555,-0.01200916836,-0.7313141601,-0.1449786822,0.1569030739,0.06089074899,0.6814423378,-0.02591754777,-0.02357563134,-0.7310327014,0.003674854811,0.1852519896,1.149830956,0.7085426328,-0.003668525229,0.001259647661,-0.705657348,0.1569132771,0.197668932,1.382608565,0.7106496417,0.04273917585,0.04785905112,-0.7006139884,0.2301896009,0.2368049498,1.372390185,0.7019455741,0.1188358596,-0.02768382633,-0.7017008303,0.2572782507,0.2116183522,1.284933089,0.7262477745,0.1160035379,-0.03364799072,-0.6767386215,0.2707847879,0.2269580001,1.136797591,0.706358333,0.01603936621,-0.1383748868,-0.6940122728,0.337457826,0.2099158088,1.023516153,0.6913585935,0.02347654902,-0.1402293033,-0.7083839985,0.3934971776,0.1576835351,0.9056938825,0.6913585935,0.02347654902,-0.1402293033,-0.7083839985,0.3793276008,0.1575769531,0.9012515538,0.6913585935,0.02347654902,-0.1402293033,-0.7083839985,-0.1463968311,0.196434875,1.384724639,0.6975728925,0.07528929112,0.08048743547,-0.7079868325,-0.2198096438,0.2362514841,1.379187547,0.7015873084,0.007187938397,0.1488638028,-0.696823615,-0.2463835227,0.219322829,1.289609911,0.6730789189,-0.0009090613061,0.1469857237,-0.7248166248,-0.2589136841,0.2480039331,1.143383216,0.7000284638,-0.1544534316,-0.001162973082,-0.6972108252,-0.3251698862,0.2240649913,1.031134739,0.7138089681,-0.1566631786,0.006400504497,-0.6825631392,-0.3798898722,0.1652752275,0.9158121358,0.7138089681,-0.1566631786,0.006400504497,-0.6825631392,-0.3657229425,0.1653303796,0.9113604381,0.7138089681,-0.1566631786,0.006400504497,-0.6825631392,-0.02548954304,0.1975934332,1.491952088,0.7084618582,0.005805936817,0.01077240325,-0.7056429989,0.006717120304,0.1953762968,1.591802352,0.709343597,0.005819401429,0.01076513545,-0.7047566302
-0.2454063685,0.05606730633,-0.005064886102,0.3856711532,-0.2233157543,-0.04293820805,-0.2279484943,-0.03839063404,-0.02414633188,0.3482154129,-0.1935896353,0.03163742407,-0.01407418139,0.1320096363,0.2152724062,0.07092071268,-0.2945757562,-0.0442862372,0.2249486303,-0.1945385346,-0.08162496322,-0.4345002287,0.0432004536,0.02685273784,0.002500678267,2,2,0,0,0.001417663274,0.2002830424,0.8673367524,0.7134908227,-0.003659570075,0.001285432077,-0.7006538383,0.1263551116,0.1187815701,0.9073836959,0.7326093589,-0.06591699995,-0.1017741397,-0.6697615254,0.1286855992,0.1310726897,0.8199413671,0.7309108786,-0.06565905164,-0.1019407442,-0.6716146672,0.09463146043,0.1864036768,0.9978091591,0.7304738519,-0.08642612676,-0.08296074779,-0.6723510918,0.183993582,0.1045690469,0.5348139566,0.7368994705,0.06426798928,0.0400224713,-0.6717492075,0.1549439895,0.1687236633,0.09988927078,0.7367701449,-0.0109825561,-0.04233652438,-0.6747271713,0.1568431203,0.1648431033,0.06219187228,0.736364587,-0.02679660493,-0.02784209277,-0.6754805363,-0.1196358883,0.1157091514,0.9079738462,0.6867045455,-0.09384021287,-0.0634385553,-0.7180574011,-0.1222746965,0.1292682845,0.8207279279,0.6779854831,-0.09306748822,-0.06456685285,-0.7262955658,-0.08938970859,0.1830646042,0.9991018627,0.6883792198,-0.08064222322,-0.0772093614,-0.716707469,-0.1743949043,0.1059383877,0.5347239837,0.6789202386,0.03415529982,0.05385632161,-0.7314370935,-0.14348602,0.1605664997,0.09862813854,0.6809471152,-0.03669339575,-0.01200916846,-0.7313141602,-0.1449786822,0.1569030739,0.06089074901,0.6814423378,-0.02591754783,-0.0235756316,-0.7310327015,0.00367485487,0.1852519893,1.149830956,0.7085426326,-0.003668525091,0.001259647735,-0.7056573482,0.1569132772,0.1976689315,1.382608565,0.7106496416,0.04273917853,0.04785905371,-0.7006139883,0.2301896009,0.2368049494,1.372390185,0.701945575,0.118835854,-0.02768381551,-0.7017008308,0.2572782488,0.2116183525,1.284933088,0.7262478039,0.1160035292,-0.0336479868,-0.6767385917,0.2707847829,0.2269579992,1.13679759,0.7063583617,0.0160393574,-0.138374892,-0.6940122428,0.3374578209,0.2099158099,1.023516152,0.6913584924,0.02347660436,-0.1402293242,-0.7083840912,0.3934971746,0.157683531,0.9056938846,0.6913584924,0.02347660436,-0.1402293242,-0.7083840912,0.3793275984,0.1575769529,0.9012515541,0.6913584924,0.02347660436,-0.1402293242,-0.7083840912,-0.146396831,0.1964348748,1.384724639,0.6975728922,0.0752892918,0.08048743604,-0.7079868327,-0.2198096438,0.2362514838,1.379187547,0.7015873081,0.007187945556,0.1488637969,-0.6968236165,-0.2463835211,0.2193228291,1.289609911,0.6730789009,-0.0009090588278,0.146985717,-0.7248166428,-0.25891368,0.2480039321,1.143383215,0.7000284452,-0.1544534352,-0.001162977858,-0.6972108431,-0.3251698824,0.2240649915,1.031134738,0.7138090298,-0.1566631949,0.006400544242,-0.6825630706,-0.3798898699,0.1652752244,0.9158121374,0.7138090298,-0.1566631949,0.006400544242,-0.6825630706,-0.3657229407,0.1653303791,0.9113604383,0.7138090298,-0.1566631949,0.006400544242,-0.6825630706,-0.02548954301,0.1975934328,1.491952088,0.708461858,0.005805936798,0.01077240316,-0.7056429991,0.006717120328,0.1953762964,1.591802352,0.709343597,0.005819401413,0.01076513536,-0.7047566302
-0.2454063684,0.05606730614,-0.005064886134,0.3856711529,-0.2233157548,-0.04293820784,-0.2279484941,-0.03839063424,-0.02414633213,0.3482154125,-0.1935896356,0.03163742441,-0.01407418192,0.132009642,0.2152723875,0.0709207798,-0.2945757669,-0.04428653994,0.2249486315,-0.1945385201,-0.08162500225,-0.4345002333,0.04320065371,0.02685273748,0.002500678821,2,2,0,0,0.001417663341,0.2002830423,0.8673367525,0.7134908227,-0.003659569965,0.001285432135,-0.7006538383,0.1263551117,0.1187815699,0.9073836959,0.7326093589,-0.06591699984,-0.1017741395,-0.6697615254,0.1286855992,0.1310726896,0.8199413671,0.7309108786,-0.06565905153,-0.1019407441,-0.6716146672,0.09463146048,0.1864036766,0.9978091592,0.7304738519,-0.08642612658,-0.08296074767,-0.6723510918,0.183993582,0.1045690469,0.5348139566,0.7368994704,0.06426798928,0.04002247135,-0.6717492075,0.1549439895,0.1687236633,0.09988927081,0.7367701449,-0.01098255627,-0.04233652451,-0.6747271713,0.1568431203,0.1648431033,0.06219187231,0.736364587,-0.02679660502,-0.02784209297,-0.6754805363,-0.1196358882,0.1157091513,0.9079738463,0.6867045456,-0.09384021276,-0.0634385551,-0.7180574011,-0.1222746965,0.1292682844,0.820727928,0.6779854831,-0.0930674881,-0.06456685266,-0.7262955658,-0.08938970853,0.183064604,0.9991018627,0.6883792199,-0.08064222304,-0.07720936127,-0.716707469,-0.1743949042,0.1059383877,0.5347239837,0.6789202386,0.0341552998,0.05385632166,-0.7314370935,-0.14348602,0.1605664997,0.09862813855,0.6809471151,-0.03669339591,-0.01200916853,-0.7313141602,-0.1449786822,0.1569030739,0.06089074903,0.6814423377,-0.02591754787,-0.0235756318,-0.7310327015,0.003674854918,0.1852519891,1.149830956,0.7085426324,-0.003668524981,0.001259647793,-0.7056573484,0.1569132772,0.1976689311,1.382608565,0.7106496414,0.04273918065,0.04785905578,-0.7006139881,0.230189601,0.2368049491,1.372390185,0.7019455757,0.1188358496,-0.02768380691,-0.7017008311,0.2572782473,0.2116183528,1.284933088,0.7262478273,0.1160035224,-0.03364798367,-0.676738568,0.2707847789,0.2269579984,1.13679759,0.7063583845,0.0160393504,-0.1383748962,-0.6940122189,0.3374578169,0.2099158107,1.023516151,0.691358412,0.02347664833,-0.1402293408,-0.7083841649,0.3934971722,0.1576835277,0.9056938864,0.691358412,0.02347664833,-0.1402293408,-0.7083841649,0.3793275964,0.1575769528,0.9012515543,0.691358412,0.02347664833,-0.1402293408,-0.7083841649,-0.146396831,0.1964348745,1.384724639,0.697572892,0.07528929233,0.08048743649,-0.7079868328,-0.2198096437,0.2362514836,1.379187547,0.7015873078,0.007187951202,0.1488637923,-0.6968236177,-0.2463835198,0.2193228291,1.289609911,0.6730788867,-0.0009090568755,0.1469857117,-0.7248166571,-0.2589136767,0.2480039312,1.143383215,0.7000284305,-0.1544534381,-0.001162981624,-0.6972108572,-0.3251698794,0.2240649917,1.031134737,0.7138090785,-0.1566632078,0.006400575612,-0.6825630164,-0.3798898681,0.1652752219,0.9158121387,0.7138090785,-0.1566632078,0.006400575612,-0.6825630164,-0.3657229393,0.1653303787,0.9113604384,0.7138090785,-0.1566632078,0.006400575612,-0.6825630164,-0.02548954298,0.1975934325,1.491952088,0.7084618578,0.005805936782,0.01077240309,-0.7056429993,0.006717120349,0.1953762961,1.591802352,0.709343597,0.005819401401,0.01076513528,-0.7047566302
-0.2454063682,0.05606730599,-0.005064886162,0.3856711526,-0.2233157552,-0.04293820767,-0.2279484939,-0.0383906344,-0.02414633233,0.3482154122,-0.1935896359,0.0316374247,-0.01407418234,0.1320096466,0.2152723727,0.07092083313,-0.2945757754,-0.04428678045,0.2249486324,-0.1945385087,-0.08162503305,-0.434500237,0.04320081165,0.0268527372,0.002500679266,2,2,0,0,0.001417663396,0.2002830421,0.8673367525,0.7134908227,-0.003659569878,0.001285432182,-0.7006538383,0.1263551118,0.1187815698,0.9073836959,0.7326093589,-0.06591699975,-0.1017741394,-0.6697615254,0.1286855993,0.1310726895,0.8199413671,0.7309108786,-0.06565905144,-0.1019407439,-0.6716146672,0.09463146053,0.1864036765,0.9978091593,0.7304738519,-0.08642612644,-0.08296074758,-0.6723510919,0.183993582,0.1045690469,0.5348139566,0.7368994704,0.06426798927,0.04002247139,-0.6717492076,0.1549439895,0.1687236633,0.09988927084,0.7367701449,-0.0109825564,-0.04233652461,-0.6747271713,0.1568431203,0.1648431033,0.06219187234,0.7363645869,-0.02679660509,-0.02784209313,-0.6754805363,-0.1196358882,0.1157091511,0.9079738463,0.6867045456,-0.09384021267,-0.06343855494,-0.7180574011,-0.1222746964,0.1292682843,0.820727928,0.677985483,-0.09306748801,-0.06456685251,-0.7262955659,-0.08938970849,0.1830646038,0.9991018628,0.6883792199,-0.08064222289,-0.07720936117,-0.7167074689,-0.1743949042,0.1059383877,0.5347239838,0.6789202385,0.03415529979,0.0538563217,-0.7314370936,-0.14348602,0.1605664998,0.09862813856,0.6809471151,-0.03669339604,-0.01200916859,-0.7313141603,-0.1449786822,0.1569030739,0.06089074904,0.6814423377,-0.0259175479,-0.02357563196,-0.7310327015,0.003674854958,0.1852519889,1.149830956,0.7085426323,-0.003668524895,0.00125964784,-0.7056573485,0.1569132773,0.1976689308,1.382608566,0.7106496413,0.04273918235,0.04785905742,-0.700613988,0.230189601,0.2368049488,1.372390186,0.7019455763,0.1188358461,-0.02768380008,-0.7017008314,0.2572782461,0.211618353,1.284933088,0.7262478458,0.1160035169,-0.03364798119,-0.6767385491,0.2707847757,0.2269579978,1.136797589,0.7063584026,0.01603934484,-0.1383748995,-0.6940122,0.3374578138,0.2099158114,1.02351615,0.6913583482,0.02347668326,-0.140229354,-0.7083842234,0.3934971704,0.1576835251,0.9056938877,0.6913583482,0.02347668326,-0.140229354,-0.7083842234,0.3793275949,0.1575769527,0.9012515545,0.6913583482,0.02347668326,-0.140229354,-0.7083842234,-0.1463968309,0.1964348743,1.384724639,0.6975728918,0.07528929275,0.08048743684,-0.7079868329,-0.2198096437,0.2362514835,1.379187547,0.7015873076,0.007187955654,0.1488637887,-0.6968236186,-0.2463835188,0.2193228291,1.28960991,0.6730788755,-0.0009090553378,0.1469857075,-0.7248166684,-0.2589136741,0.2480039306,1.143383214,0.7000284189,-0.1544534404,-0.001162984594,-0.6972108684,-0.325169877,0.2240649919,1.031134736,0.7138091169,-0.156663218,0.006400600373,-0.6825629737,-0.3798898667,0.1652752199,0.9158121397,0.7138091169,-0.156663218,0.006400600373,-0.6825629737,-0.3657229381,0.1653303783,0.9113604385,0.7138091169,-0.156663218,0.006400600373,-0.6825629737,-0.02548954295,0.1975934323,1.491952088,0.7084618577,0.005805936771,0.01077240304,-0.7056429994,0.006717120367,0.1953762959,1.591802352,0.7093435971,0.005819401391,0.01076513523,-0.7047566301
-0.2454063681,0.05606730586,-0.005064886186,0.3856711524,-0.2233157555,-0.04293820753,-0.2279484938,-0.03839063453,-0.0241463325,0.3482154119,-0.1935896362,0.03163742492,-0.01407418268,0.1320096502,0.215272361,0.07092087551,-0.2945757821,-0.04428697153,0.2249486331,-0.1945384996,-0.08162505734,-0.4345002398,0.0432009363,0.02685273697,0.002500679624,2,2,0,0,0.001417663441,0.200283042,0.8673367526,0.7134908227,-0.003659569808,0.001285432218,-0.7006538383,0.1263551118,0.1187815697,0.9073836959,0.7326093589,-0.06591699968,-0.1017741393,-0.6697615254,0.1286855993,0.1310726894,0.8199413672,0.7309108786,-0.06565905137,-0.1019407438,-0.6716146673,0.09463146057,0.1864036764,0.9978091593,0.7304738519,-0.08642612633,-0.08296074751,-0.6723510919,0.183993582,0.1045690469,0.5348139567,0.7368994704,0.06426798927,0.04002247142,-0.6717492076,0.1549439895,0.1687236633,0.09988927086,0.7367701449,-0.01098255651,-0.04233652469,-0.6747271714,0.1568431203,0.1648431033,0.06219187236,0.7363645869,-0.02679660514,-0.02784209326,-0.6754805363,-0.1196358881,0.115709151,0.9079738463,0.6867045457,-0.0938402126,-0.06343855481,-0.7180574011,-0.1222746964,0.1292682842,0.820727928,0.677985483,-0.09306748793,-0.06456685238,-0.7262955659,-0.08938970845,0.1830646037,0.9991018628,0.68837922,-0.08064222278,-0.07720936108,-0.7167074689,-0.1743949042,0.1059383877,0.5347239838,0.6789202385,0.03415529978,0.05385632173,-0.7314370936,-0.14348602,0.1605664998,0.09862813857,0.680947115,-0.03669339614,-0.01200916863,-0.7313141603,-0.1449786822,0.1569030739,0.06089074905,0.6814423376,-0.02591754793,-0.02357563209,-0.7310327016,0.003674854992,0.1852519887,1.149830956,0.7085426322,-0.003668524826,0.001259647876,-0.7056573486,0.1569132773,0.1976689306,1.382608566,0.7106496412,0.04273918369,0.04785905872,-0.7006139879,0.230189601,0.2368049486,1.372390186,0.7019455768,0.1188358433,-0.02768379465,-0.7017008316,0.2572782452,0.2116183531,1.284933088,0.7262478606,0.1160035126,-0.03364797922,-0.6767385341,0.2707847732,0.2269579973,1.136797589,0.706358417,0.01603934041,-0.1383749021,-0.6940121849,0.3374578113,0.209915812,1.023516149,0.6913582975,0.023476711,-0.1402293645,-0.7083842699,0.3934971689,0.157683523,0.9056938888,0.6913582975,0.023476711,-0.1402293645,-0.7083842699,0.3793275937,0.1575769526,0.9012515546,0.6913582975,0.023476711,-0.1402293645,-0.7083842699,-0.1463968309,0.1964348742,1.384724639,0.6975728916,0.07528929308,0.08048743712,-0.707986833,-0.2198096436,0.2362514834,1.379187547,0.7015873075,0.007187959164,0.1488637858,-0.6968236193,-0.246383518,0.2193228291,1.28960991,0.6730788666,-0.0009090541265,0.1469857042,-0.7248166773,-0.2589136721,0.2480039301,1.143383214,0.7000284098,-0.1544534421,-0.001162986936,-0.6972108771,-0.3251698752,0.224064992,1.031134736,0.7138091472,-0.1566632261,0.006400619917,-0.6825629399,-0.3798898656,0.1652752184,0.9158121404,0.7138091472,-0.1566632261,0.006400619917,-0.6825629399,-0.3657229373,0.1653303781,0.9113604386,0.7138091472,-0.1566632261,0.006400619917,-0.6825629399,-0.02548954293,0.1975934321,1.491952088,0.7084618576,0.005805936761,0.01077240299,-0.7056429995,0.006717120383,0.1953762957,1.591802352,0.7093435971,0.005819401384,0.01076513518,-0.7047566301
-0.245406368,0.05606730576,-0.005064886208,0.3856711522,-0.2233157558,-0.04293820741,-0.2279484936,-0.03839063464,-0.02414633263,0.3482154117,-0.1935896364,0.03163742511,-0.01407418295,0.1320096531,0.2152723516,0.07092090917,-0.2945757875,-0.04428712334,0.2249486336,-0.1945384925,-0.08162507651,-0.4345002421,0.04320103467,0.02685273679,0.002500679911,2,2,0,0,0.001417663478,0.2002830419,0.8673367526,0.7134908227,-0.003659569753,0.001285432247,-0.7006538383,0.1263551119,0.1187815696,0.907383696,0.7326093589,-0.06591699963,-0.1017741392,-0.6697615254,0.1286855993,0.1310726893,0.8199413672,0.7309108786,-0.06565905132,-0.1019407437,-0.6716146673,0.09463146061,0.1864036763,0.9978091593,0.7304738519,-0.08642612624,-0.08296074745,-0.6723510919,0.183993582,0.1045690469,0.5348139567,0.7368994704,0.06426798927,0.04002247144,-0.6717492076,0.1549439895,0.1687236633,0.09988927087,0.7367701448,-0.0109825566,-0.04233652475,-0.6747271714,0.1568431203,0.1648431033,0.06219187237,0.7363645869,-0.02679660518,-0.02784209337,-0.6754805363,-0.1196358881,0.1157091509,0.9079738463,0.6867045457,-0.09384021255,-0.0634385547,-0.718057401,-0.1222746963,0.1292682841,0.820727928,0.677985483,-0.09306748788,-0.06456685229,-0.726295566,-0.08938970841,0.1830646036,0.9991018628,0.68837922,-0.08064222269,-0.07720936102,-0.7167074689,-0.1743949041,0.1059383877,0.5347239838,0.6789202385,0.03415529977,0.05385632176,-0.7314370936,-0.14348602,0.1605664998,0.09862813858,0.680947115,-0.03669339622,-0.01200916867,-0.7313141603,-0.1449786822,0.1569030739,0.06089074906,0.6814423376,-0.02591754795,-0.02357563219,-0.7310327016,0.003674855019,0.1852519886,1.149830956,0.7085426321,-0.003668524771,0.001259647905,-0.7056573487,0.1569132773,0.1976689304,1.382608566,0.7106496412,0.04273918476,0.04785905976,-0.7006139879,0.2301896011,0.2368049485,1.372390186,0.7019455771,0.118835841,-0.02768379033,-0.7017008318,0.2572782444,0.2116183533,1.284933088,0.7262478723,0.1160035091,-0.03364797765,-0.6767385223,0.2707847712,0.226957997,1.136797588,0.7063584284,0.0160393369,-0.1383749042,-0.6940121729,0.3374578093,0.2099158124,1.023516149,0.6913582572,0.02347673305,-0.1402293728,-0.7083843069,0.3934971677,0.1576835213,0.9056938897,0.6913582572,0.02347673305,-0.1402293728,-0.7083843069,0.3793275927,0.1575769525,0.9012515548,0.6913582572,0.02347673305,-0.1402293728,-0.7083843069,-0.1463968309,0.1964348741,1.384724639,0.6975728915,0.07528929333,0.08048743733,-0.7079868331,-0.2198096436,0.2362514833,1.379187547,0.7015873074,0.007187961932,0.1488637836,-0.6968236199,-0.2463835174,0.2193228291,1.28960991,0.6730788597,-0.0009090531724,0.1469857016,-0.7248166843,-0.2589136704,0.2480039297,1.143383213,0.7000284025,-0.1544534435,-0.001162988783,-0.6972108841,-0.3251698737,0.2240649921,1.031134736,0.7138091712,-0.1566632324,0.006400635343,-0.6825629133,-0.3798898647,0.1652752172,0.9158121411,0.7138091712,-0.1566632324,0.006400635343,-0.6825629133,-0.3657229366,0.1653303779,0.9113604387,0.7138091712,-0.1566632324,0.006400635343,-0.6825629133,-0.02548954291,0.1975934319,1.491952088,0.7084618575,0.005805936754,0.01077240296,-0.7056429996,0.006717120396,0.1953762955,1.591802352,0.7093435971,0.005819401378,0.01076513514,-0.7047566301
-0.2454063679,0.05606730568,-0.005064886226,0.3856711521,-0.223315756,-0.04293820732,-0.2279484936,-0.03839063472,-0.02414633274,0.3482154116,-0.1935896365,0.03163742525,-0.01407418317,0.1320096554,0.2152723442,0.07092093592,-0.2945757917,-0.04428724394,0.2249486341,-0.1945384869,-0.08162509164,-0.4345002439,0.04320111231,0.02685273665,0.002500680142,2,2,0,0,0.001417663508,0.2002830419,0.8673367526,0.7134908227,-0.00365956971,0.00128543227,-0.7006538383,0.1263551119,0.1187815695,0.907383696,0.7326093589,-0.06591699959,-0.1017741391,-0.6697615254,0.1286855994,0.1310726893,0.8199413672,0.7309108786,-0.06565905128,-0.1019407436,-0.6716146673,0.09463146063,0.1864036762,0.9978091594,0.7304738519,-0.08642612617,-0.0829607474,-0.6723510919,0.183993582,0.1045690469,0.5348139567,0.7368994704,0.06426798927,0.04002247146,-0.6717492076,0.1549439895,0.1687236634,0.09988927088,0.7367701448,-0.01098255666,-0.04233652481,-0.6747271714,0.1568431203,0.1648431033,0.06219187239,0.7363645869,-0.02679660522,-0.02784209345,-0.6754805363,-0.1196358881,0.1157091508,0.9079738463,0.6867045457,-0.0938402125,-0.06343855462,-0.718057401,-0.1222746963,0.1292682841,0.820727928,0.677985483,-0.09306748783,-0.06456685221,-0.726295566,-0.08938970839,0.1830646035,0.9991018628,0.68837922,-0.08064222261,-0.07720936097,-0.7167074689,-0.1743949041,0.1059383877,0.5347239838,0.6789202384,0.03415529976,0.05385632178,-0.7314370936,-0.14348602,0.1605664998,0.09862813859,0.680947115,-0.03669339629,-0.01200916869,-0.7313141603,-0.1449786822,0.1569030739,0.06089074907,0.6814423376,-0.02591754796,-0.02357563227,-0.7310327016,0.003674855041,0.1852519885,1.149830956,0.708542632,-0.003668524728,0.001259647928,-0.7056573487,0.1569132773,0.1976689303,1.382608566,0.7106496411,0.04273918561,0.04785906058,-0.7006139878,0.2301896011,0.2368049484,1.372390186,0.7019455774,0.1188358393,-0.0276837869,-0.701700832,0.2572782438,0.2116183534,1.284933087,0.7262478816,0.1160035064,-0.0336479764,-0.6767385128,0.2707847696,0.2269579967,1.136797588,0.7063584375,0.01603933411,-0.1383749058,-0.6940121634,0.3374578077,0.2099158128,1.023516149,0.6913582252,0.02347675056,-0.1402293794,-0.7083843362,0.3934971668,0.15768352,0.9056938904,0.6913582252,0.02347675056,-0.1402293794,-0.7083843362,0.379327592,0.1575769525,0.9012515548,0.6913582252,0.02347675056,-0.1402293794,-0.7083843362,-0.1463968309,0.196434874,1.384724639,0.6975728914,0.07528929354,0.0804874375,-0.7079868331,-0.2198096436,0.2362514832,1.379187548,0.7015873073,0.007187964115,0.1488637818,-0.6968236204,-0.2463835169,0.2193228291,1.28960991,0.6730788541,-0.0009090524209,0.1469856995,-0.7248166898,-0.2589136692,0.2480039293,1.143383213,0.7000283968,-0.1544534446,-0.001162990239,-0.6972108895,-0.3251698726,0.2240649922,1.031134735,0.71380919,-0.1566632375,0.006400647518,-0.6825628923,-0.379889864,0.1652752162,0.9158121415,0.71380919,-0.1566632375,0.006400647518,-0.6825628923,-0.365722936,0.1653303778,0.9113604387,0.71380919,-0.1566632375,0.006400647518,-0.6825628923,-0.0254895429,0.1975934318,1.491952088,0.7084618574,0.005805936749,0.01077240293,-0.7056429997,0.006717120407,0.1953762954,1.591802352,0.7093435971,0.005819401374,0.01076513511,-0.7047566301
-0.2454063679,0.05606730562,-0.005064886241,0.385671152,-0.2233157561,-0.04293820724,-0.2279484935,-0.03839063479,-0.02414633282,0.3482154115,-0.1935896366,0.03163742537,-0.01407418334,0.1320096572,0.2152723383,0.07092095718,-0.2945757951,-0.04428733976,0.2249486344,-0.1945384825,-0.08162510357,-0.4345002453,0.04320117358,0.02685273654,0.002500680327,2,2,0,0,0.001417663532,0.2002830418,0.8673367526,0.7134908228,-0.003659569675,0.001285432288,-0.7006538383,0.1263551119,0.1187815695,0.907383696,0.7326093589,-0.06591699956,-0.1017741391,-0.6697615255,0.1286855994,0.1310726893,0.8199413672,0.7309108786,-0.06565905124,-0.1019407436,-0.6716146673,0.09463146065,0.1864036761,0.9978091594,0.7304738519,-0.08642612611,-0.08296074737,-0.6723510919,0.183993582,0.1045690469,0.5348139567,0.7368994704,0.06426798927,0.04002247148,-0.6717492076,0.1549439895,0.1687236634,0.09988927089,0.7367701448,-0.01098255672,-0.04233652484,-0.6747271714,0.1568431203,0.1648431033,0.0621918724,0.7363645869,-0.02679660524,-0.02784209351,-0.6754805363,-0.119635888,0.1157091508,0.9079738463,0.6867045457,-0.09384021247,-0.06343855456,-0.718057401,-0.1222746963,0.129268284,0.820727928,0.677985483,-0.0930674878,-0.06456685215,-0.726295566,-0.08938970836,0.1830646034,0.9991018629,0.68837922,-0.08064222256,-0.07720936092,-0.7167074689,-0.1743949041,0.1059383877,0.5347239838,0.6789202384,0.03415529976,0.0538563218,-0.7314370937,-0.14348602,0.1605664998,0.09862813859,0.680947115,-0.03669339634,-0.01200916872,-0.7313141604,-0.1449786822,0.1569030739,0.06089074908,0.6814423376,-0.02591754797,-0.02357563234,-0.7310327016,0.003674855059,0.1852519884,1.149830956,0.708542632,-0.003668524694,0.001259647946,-0.7056573488,0.1569132773,0.1976689301,1.382608566,0.7106496411,0.04273918629,0.04785906124,-0.7006139878,0.2301896011,0.2368049483,1.372390186,0.7019455777,0.1188358379,-0.02768378417,-0.7017008321,0.2572782433,0.2116183534,1.284933087,0.726247889,0.1160035042,-0.0336479754,-0.6767385053,0.2707847684,0.2269579964,1.136797588,0.7063584447,0.01603933189,-0.1383749071,-0.6940121559,0.3374578064,0.209915813,1.023516148,0.6913581997,0.02347676447,-0.1402293847,-0.7083843596,0.393497166,0.157683519,0.9056938909,0.6913581997,0.02347676447,-0.1402293847,-0.7083843596,0.3793275914,0.1575769524,0.9012515549,0.6913581997,0.02347676447,-0.1402293847,-0.7083843596,-0.1463968309,0.1964348739,1.384724639,0.6975728913,0.0752892937,0.08048743764,-0.7079868332,-0.2198096435,0.2362514832,1.379187548,0.7015873072,0.007187965836,0.1488637804,-0.6968236207,-0.2463835165,0.2193228292,1.28960991,0.6730788498,-0.000909051829,0.1469856979,-0.7248166942,-0.2589136682,0.2480039291,1.143383213,0.7000283923,-0.1544534455,-0.001162991387,-0.6972108939,-0.3251698716,0.2240649923,1.031134735,0.7138092049,-0.1566632414,0.006400657128,-0.6825628757,-0.3798898635,0.1652752155,0.9158121419,0.7138092049,-0.1566632414,0.006400657128,-0.6825628757,-0.3657229356,0.1653303776,0.9113604388,0.7138092049,-0.1566632414,0.006400657128,-0.6825628757,-0.02548954289,0.1975934317,1.491952088,0.7084618574,0.005805936744,0.01077240291,-0.7056429997,0.006717120417,0.1953762953,1.591802352,0.7093435971,0.00581940137,0.01076513509,-0.7047566301
-0.2454063678,0.05606730557,-0.005064886255,0.3856711519,-0.2233157562,-0.04293820718,-0.2279484934,-0.03839063485,-0.02414633289,0.3482154114,-0.1935896367,0.03163742547,-0.01407418349,0.1320096586,0.2152723336,0.07092097406,-0.2945757978,-0.04428741588,0.2249486347,-0.194538479,-0.08162511299,-0.4345002464,0.04320122194,0.02685273645,0.002500680476,2,2,0,0,0.001417663552,0.2002830418,0.8673367527,0.7134908228,-0.003659569648,0.001285432303,-0.7006538382,0.1263551119,0.1187815694,0.907383696,0.7326093589,-0.06591699953,-0.101774139,-0.6697615255,0.1286855994,0.1310726892,0.8199413672,0.7309108786,-0.06565905122,-0.1019407435,-0.6716146673,0.09463146067,0.1864036761,0.9978091594,0.7304738519,-0.08642612607,-0.08296074734,-0.6723510919,0.1839935821,0.1045690469,0.5348139567,0.7368994703,0.06426798927,0.04002247149,-0.6717492076,0.1549439895,0.1687236634,0.0998892709,0.7367701448,-0.01098255676,-0.04233652488,-0.6747271714,0.1568431203,0.1648431033,0.0621918724,0.7363645869,-0.02679660527,-0.02784209357,-0.6754805364,-0.119635888,0.1157091507,0.9079738463,0.6867045458,-0.09384021244,-0.0634385545,-0.718057401,-0.1222746963,0.129268284,0.820727928,0.677985483,-0.09306748777,-0.0645668521,-0.726295566,-0.08938970835,0.1830646033,0.9991018629,0.68837922,-0.08064222251,-0.07720936089,-0.7167074689,-0.1743949041,0.1059383877,0.5347239838,0.6789202384,0.03415529975,0.05385632181,-0.7314370937,-0.14348602,0.1605664998,0.0986281386,0.680947115,-0.03669339638,-0.01200916873,-0.7313141604,-0.1449786822,0.1569030739,0.06089074908,0.6814423376,-0.02591754798,-0.02357563239,-0.7310327016,0.003674855074,0.1852519884,1.149830956,0.7085426319,-0.003668524666,0.00125964796,-0.7056573488,0.1569132773,0.1976689301,1.382608566,0.710649641,0.04273918683,0.04785906176,-0.7006139878,0.2301896011,0.2368049482,1.372390186,0.7019455779,0.1188358367,-0.02768378201,-0.7017008322,0.257278243,0.2116183535,1.284933087,0.7262478948,0.1160035025,-0.03364797462,-0.6767384993,0.2707847674,0.2269579963,1.136797588,0.7063584505,0.01603933012,-0.1383749082,-0.6940121498,0.3374578054,0.2099158133,1.023516148,0.6913581795,0.02347677553,-0.1402293888,-0.7083843781,0.3934971654,0.1576835181,0.9056938913,0.6913581795,0.02347677553,-0.1402293888,-0.7083843781,0.3793275909,0.1575769524,0.901251555,0.6913581795,0.02347677553,-0.1402293888,-0.7083843781,-0.1463968309,0.1964348739,1.384724639,0.6975728913,0.07528929382,0.08048743774,-0.7079868332,-0.2198096435,0.2362514831,1.379187548,0.7015873071,0.007187967193,0.1488637793,-0.696823621,-0.2463835162,0.2193228292,1.28960991,0.6730788464,-0.0009090513629,0.1469856966,-0.7248166977,-0.2589136674,0.2480039289,1.143383213,0.7000283888,-0.1544534462,-0.001162992293,-0.6972108973,-0.3251698709,0.2240649923,1.031134735,0.7138092167,-0.1566632445,0.006400664713,-0.6825628626,-0.3798898631,0.1652752149,0.9158121422,0.7138092167,-0.1566632445,0.006400664713,-0.6825628626,-0.3657229352,0.1653303775,0.9113604388,0.7138092167,-0.1566632445,0.006400664713,-0.6825628626,-0.02548954288,0.1975934316,1.491952088,0.7084618573,0.005805936741,0.01077240289,-0.7056429998,0.006717120425,0.1953762952,1.591802352,0.7093435972,0.005819401368,0.01076513507,-0.7047566301
-0.2454063678,0.05606730552,-0.005064886266,0.3856711518,-0.2233157563,-0.04293820713,-0.2279484934,-0.03839063489,-0.02414633295,0.3482154113,-0.1935896368,0.03163742555,-0.0140741836,0.1320096598,0.2152723299,0.07092098748,-0.2945757999,-0.04428747636,0.2249486349,-0.1945384762,-0.08162512042,-0.4345002473,0.0432012601,0.02685273638,0.002500680596,2,2,0,0,0.001417663568,0.2002830417,0.8673367527,0.7134908228,-0.003659569626,0.001285432314,-0.7006538382,0.1263551119,0.1187815694,0.907383696,0.732609359,-0.06591699951,-0.101774139,-0.6697615255,0.1286855994,0.1310726892,0.8199413672,0.7309108786,-0.0656590512,-0.1019407435,-0.6716146673,0.09463146069,0.186403676,0.9978091594,0.730473852,-0.08642612603,-0.08296074732,-0.6723510919,0.1839935821,0.1045690469,0.5348139567,0.7368994703,0.06426798927,0.0400224715,-0.6717492076,0.1549439895,0.1687236634,0.09988927091,0.7367701448,-0.0109825568,-0.0423365249,-0.6747271714,0.1568431203,0.1648431033,0.06219187241,0.7363645869,-0.02679660528,-0.02784209361,-0.6754805364,-0.119635888,0.1157091507,0.9079738463,0.6867045458,-0.09384021242,-0.06343855446,-0.718057401,-0.1222746962,0.1292682839,0.820727928,0.677985483,-0.09306748775,-0.06456685206,-0.726295566,-0.08938970833,0.1830646033,0.9991018629,0.6883792201,-0.08064222248,-0.07720936087,-0.7167074689,-0.1743949041,0.1059383877,0.5347239838,0.6789202384,0.03415529975,0.05385632182,-0.7314370937,-0.14348602,0.1605664998,0.0986281386,0.6809471149,-0.03669339641,-0.01200916875,-0.7313141604,-0.1449786822,0.1569030739,0.06089074908,0.6814423375,-0.02591754799,-0.02357563243,-0.7310327016,0.003674855087,0.1852519883,1.149830956,0.7085426319,-0.003668524645,0.001259647972,-0.7056573489,0.1569132774,0.19766893,1.382608566,0.710649641,0.04273918726,0.04785906217,-0.7006139877,0.2301896011,0.2368049481,1.372390186,0.701945578,0.1188358359,-0.02768378028,-0.7017008322,0.2572782427,0.2116183535,1.284933087,0.7262478995,0.1160035011,-0.03364797399,-0.6767384946,0.2707847666,0.2269579961,1.136797587,0.706358455,0.01603932872,-0.138374909,-0.6940121451,0.3374578046,0.2099158134,1.023516148,0.6913581635,0.02347678431,-0.1402293921,-0.7083843928,0.3934971649,0.1576835175,0.9056938917,0.6913581635,0.02347678431,-0.1402293921,-0.7083843928,0.3793275905,0.1575769524,0.901251555,0.6913581635,0.02347678431,-0.1402293921,-0.7083843928,-0.1463968308,0.1964348738,1.384724639,0.6975728912,0.07528929392,0.08048743782,-0.7079868332,-0.2198096435,0.2362514831,1.379187548,0.7015873071,0.007187968263,0.1488637784,-0.6968236213,-0.2463835159,0.2193228292,1.28960991,0.6730788437,-0.0009090509957,0.1469856956,-0.7248167004,-0.2589136667,0.2480039287,1.143383213,0.700028386,-0.1544534468,-0.001162993007,-0.6972109,-0.3251698704,0.2240649924,1.031134735,0.713809226,-0.156663247,0.006400670699,-0.6825628523,-0.3798898627,0.1652752144,0.9158121425,0.713809226,-0.156663247,0.006400670699,-0.6825628523,-0.3657229349,0.1653303775,0.9113604388,0.713809226,-0.156663247,0.006400670699,-0.6825628523,-0.02548954287,0.1975934316,1.491952088,0.7084618573,0.005805936738,0.01077240288,-0.7056429998,0.006717120432,0.1953762952,1.591802352,0.7093435972,0.005819401365,0.01076513506,-0.70475663
-0.2454063677,0.05606730549,-0.005064886276,0.3856711518,-0.2233157564,-0.04293820709,-0.2279484934,-0.03839063493,-0.02414633299,0.3482154112,-0.1935896369,0.03163742561,-0.01407418369,0.1320096607,0.2152723269,0.07092099814,-0.2945758016,-0.04428752441,0.2249486351,-0.194538474,-0.08162512628,-0.434500248,0.04320129021,0.02685273633,0.002500680692,2,2,0,0,0.001417663581,0.2002830417,0.8673367527,0.7134908228,-0.003659569609,0.001285432323,-0.7006538382,0.126355112,0.1187815694,0.907383696,0.732609359,-0.0659169995,-0.1017741389,-0.6697615255,0.1286855994,0.1310726892,0.8199413672,0.7309108786,-0.06565905118,-0.1019407435,-0.6716146673,0.0946314607,0.186403676,0.9978091594,0.730473852,-0.086426126,-0.0829607473,-0.6723510919,0.1839935821,0.1045690469,0.5348139567,0.7368994703,0.06426798927,0.04002247151,-0.6717492076,0.1549439895,0.1687236634,0.09988927091,0.7367701448,-0.01098255683,-0.04233652492,-0.6747271714,0.1568431203,0.1648431033,0.06219187242,0.7363645868,-0.02679660529,-0.02784209364,-0.6754805364,-0.119635888,0.1157091507,0.9079738463,0.6867045458,-0.09384021241,-0.06343855443,-0.718057401,-0.1222746962,0.1292682839,0.820727928,0.6779854829,-0.09306748773,-0.06456685202,-0.726295566,-0.08938970832,0.1830646033,0.9991018629,0.6883792201,-0.08064222245,-0.07720936085,-0.7167074689,-0.1743949041,0.1059383877,0.5347239838,0.6789202384,0.03415529974,0.05385632183,-0.7314370937,-0.14348602,0.1605664998,0.0986281386,0.6809471149,-0.03669339644,-0.01200916876,-0.7313141604,-0.1449786822,0.1569030739,0.06089074909,0.6814423375,-0.02591754799,-0.02357563246,-0.7310327016,0.003674855097,0.1852519883,1.149830956,0.7085426319,-0.003668524628,0.001259647981,-0.7056573489,0.1569132774,0.1976689299,1.382608566,0.710649641,0.0427391876,0.0478590625,-0.7006139877,0.2301896011,0.2368049481,1.372390186,0.7019455781,0.1188358352,-0.02768377892,-0.7017008323,0.2572782424,0.2116183536,1.284933087,0.7262479032,0.1160035,-0.03364797349,-0.6767384908,0.2707847659,0.226957996,1.136797587,0.7063584586,0.01603932761,-0.1383749097,-0.6940121413,0.337457804,0.2099158136,1.023516148,0.6913581507,0.02347679128,-0.1402293948,-0.7083844045,0.3934971646,0.1576835169,0.9056938919,0.6913581507,0.02347679128,-0.1402293948,-0.7083844045,0.3793275902,0.1575769524,0.9012515551,0.6913581507,0.02347679128,-0.1402293948,-0.7083844045,-0.1463968308,0.1964348738,1.384724639,0.6975728912,0.075289294,0.08048743788,-0.7079868333,-0.2198096435,0.2362514831,1.379187548,0.701587307,0.007187969107,0.1488637777,-0.6968236214,-0.2463835158,0.2193228292,1.28960991,0.6730788415,-0.0009090507066,0.1469856948,-0.7248167025,-0.2589136662,0.2480039286,1.143383212,0.7000283838,-0.1544534472,-0.00116299357,-0.6972109021,-0.3251698699,0.2240649924,1.031134735,0.7138092333,-0.1566632489,0.006400675424,-0.6825628442,-0.3798898625,0.165275214,0.9158121427,0.7138092333,-0.1566632489,0.006400675424,-0.6825628442,-0.3657229347,0.1653303774,0.9113604388,0.7138092333,-0.1566632489,0.006400675424,-0.6825628442,-0.02548954286,0.1975934315,1.491952088,0.7084618573,0.005805936736,0.01077240286,-0.7056429998,0.006717120438,0.1953762951,1.591802352,0.7093435972,0.005819401364,0.01076513505,-0.70475663
-0.2454063677,0.05606730546,-0.005064886284,0.3856711517,-0.2233157565,-0.04293820705,-0.2279484933,-0.03839063496,-0.02414633303,0.3482154112,-0.1935896369,0.03163742566,-0.01407418376,0.1320096614,0.2152723246,0.07092100661,-0.294575803,-0.04428756258,0.2249486352,-0.1945384723,-0.0816251309,-0.4345002485,0.04320131398,0.02685273628,0.002500680769,2,2,0,0,0.001417663592,0.2002830417,0.8673367527,0.7134908228,-0.003659569595,0.00128543233,-0.7006538382,0.126355112,0.1187815694,0.907383696,0.732609359,-0.06591699949,-0.1017741389,-0.6697615255,0.1286855994,0.1310726892,0.8199413673,0.7309108786,-0.06565905117,-0.1019407434,-0.6716146674,0.09463146071,0.186403676,0.9978091594,0.730473852,-0.08642612598,-0.08296074728,-0.6723510919,0.1839935821,0.1045690469,0.5348139567,0.7368994703,0.06426798927,0.04002247152,-0.6717492076,0.1549439895,0.1687236634,0.09988927092,0.7367701448,-0.01098255685,-0.04233652494,-0.6747271714,0.1568431203,0.1648431033,0.06219187242,0.7363645868,-0.0267966053,-0.02784209367,-0.6754805364,-0.119635888,0.1157091507,0.9079738463,0.6867045458,-0.09384021239,-0.0634385544,-0.718057401,-0.1222746962,0.1292682839,0.820727928,0.6779854829,-0.09306748771,-0.064566852,-0.7262955661,-0.08938970831,0.1830646032,0.9991018629,0.6883792201,-0.08064222242,-0.07720936083,-0.7167074689,-0.1743949041,0.1059383877,0.5347239838,0.6789202384,0.03415529974,0.05385632184,-0.7314370937,-0.14348602,0.1605664998,0.09862813861,0.6809471149,-0.03669339646,-0.01200916876,-0.7313141604,-0.1449786822,0.1569030739,0.06089074909,0.6814423375,-0.025917548,-0.02357563249,-0.7310327017,0.003674855105,0.1852519883,1.149830956,0.7085426318,-0.003668524614,0.001259647988,-0.7056573489,0.1569132774,0.1976689299,1.382608566,0.7106496409,0.04273918787,0.04785906277,-0.7006139877,0.2301896011,0.236804948,1.372390186,0.7019455782,0.1188358346,-0.02768377783,-0.7017008323,0.2572782422,0.2116183536,1.284933087,0.7262479061,0.1160034991,-0.03364797309,-0.6767384878,0.2707847654,0.2269579959,1.136797587,0.7063584615,0.01603932672,-0.1383749102,-0.6940121383,0.3374578035,0.2099158137,1.023516148,0.6913581406,0.02347679682,-0.1402293969,-0.7083844138,0.3934971643,0.1576835165,0.9056938922,0.6913581406,0.02347679682,-0.1402293969,-0.7083844138,0.37932759,0.1575769523,0.9012515551,0.6913581406,0.02347679682,-0.1402293969,-0.7083844138,-0.1463968308,0.1964348738,1.384724639,0.6975728911,0.07528929406,0.08048743793,-0.7079868333,-0.2198096435,0.236251483,1.379187548,0.701587307,0.007187969772,0.1488637772,-0.6968236216,-0.2463835156,0.2193228292,1.28960991,0.6730788398,-0.0009090504789,0.1469856941,-0.7248167042,-0.2589136659,0.2480039285,1.143383212,0.700028382,-0.1544534475,-0.001162994014,-0.6972109038,-0.3251698695,0.2240649924,1.031134735,0.7138092391,-0.1566632505,0.006400679153,-0.6825628377,-0.3798898622,0.1652752137,0.9158121428,0.7138092391,-0.1566632505,0.006400679153,-0.6825628377,-0.3657229346,0.1653303774,0.9113604389,0.7138092391,-0.1566632505,0.006400679153,-0.6825628377,-0.02548954286,0.1975934315,1.491952089,0.7084618573,0.005805936734,0.01077240286,-0.7056429999,0.006717120442,0.1953762951,1.591802352,0.7093435972,0.005819401363,0.01076513504,-0.70475663
-0.2454063677,0.05606730544,-0.00506488629,0.3856711517,-0.2233157565,-0.04293820702,-0.2279484933,-0.03839063498,-0.02414633305,0.3482154111,-0.1935896369,0.0316374257,-0.01407418382,0.132009662,0.2152723227,0.07092101334,-0.294575804,-0.04428759291,0.2249486353,-0.194538471,-0.08162513455,-0.4345002489,0.04320133274,0.02685273625,0.002500680831,2,2,0,0,0.0014176636,0.2002830417,0.8673367527,0.7134908228,-0.003659569584,0.001285432336,-0.7006538382,0.126355112,0.1187815693,0.907383696,0.732609359,-0.06591699948,-0.1017741389,-0.6697615255,0.1286855994,0.1310726892,0.8199413673,0.7309108786,-0.06565905116,-0.1019407434,-0.6716146674,0.09463146072,0.186403676,0.9978091594,0.730473852,-0.08642612596,-0.08296074727,-0.6723510919,0.1839935821,0.1045690469,0.5348139567,0.7368994703,0.06426798926,0.04002247152,-0.6717492076,0.1549439895,0.1687236634,0.09988927092,0.7367701448,-0.01098255687,-0.04233652495,-0.6747271714,0.1568431203,0.1648431033,0.06219187242,0.7363645868,-0.02679660531,-0.02784209369,-0.6754805364,-0.119635888,0.1157091506,0.9079738463,0.6867045458,-0.09384021238,-0.06343855438,-0.718057401,-0.1222746962,0.1292682839,0.8207279281,0.6779854829,-0.0930674877,-0.06456685198,-0.7262955661,-0.0893897083,0.1830646032,0.9991018629,0.6883792201,-0.08064222241,-0.07720936082,-0.7167074689,-0.1743949041,0.1059383877,0.5347239838,0.6789202384,0.03415529974,0.05385632185,-0.7314370937,-0.14348602,0.1605664998,0.09862813861,0.6809471149,-0.03669339647,-0.01200916877,-0.7313141604,-0.1449786822,0.1569030739,0.06089074909,0.6814423375,-0.025917548,-0.02357563251,-0.7310327017,0.003674855112,0.1852519882,1.149830956,0.7085426318,-0.003668524603,0.001259647993,-0.7056573489,0.1569132774,0.1976689298,1.382608566,0.7106496409,0.04273918808,0.04785906297,-0.7006139877,0.2301896011,0.236804948,1.372390186,0.7019455783,0.1188358342,-0.02768377696,-0.7017008324,0.2572782421,0.2116183536,1.284933087,0.7262479085,0.1160034984,-0.03364797278,-0.6767384855,0.270784765,0.2269579958,1.136797587,0.7063584638,0.01603932602,-0.1383749106,-0.6940121359,0.3374578031,0.2099158138,1.023516148,0.6913581325,0.02347680123,-0.1402293985,-0.7083844212,0.393497164,0.1576835162,0.9056938923,0.6913581325,0.02347680123,-0.1402293985,-0.7083844212,0.3793275898,0.1575769523,0.9012515551,0.6913581325,0.02347680123,-0.1402293985,-0.7083844212,-0.1463968308,0.1964348737,1.384724639,0.6975728911,0.07528929411,0.08048743797,-0.7079868333,-0.2198096435,0.236251483,1.379187548,0.701587307,0.007187970297,0.1488637767,-0.6968236217,-0.2463835155,0.2193228292,1.28960991,0.6730788385,-0.0009090502996,0.1469856936,-0.7248167056,-0.2589136655,0.2480039284,1.143383212,0.7000283807,-0.1544534478,-0.001162994365,-0.6972109051,-0.3251698693,0.2240649925,1.031134735,0.7138092437,-0.1566632517,0.006400682097,-0.6825628326,-0.3798898621,0.1652752135,0.9158121429,0.7138092437,-0.1566632517,0.006400682097,-0.6825628326,-0.3657229344,0.1653303773,0.9113604389,0.7138092437,-0.1566632517,0.006400682097,-0.6825628326,-0.02548954285,0.1975934315,1.491952089,0.7084618572,0.005805936733,0.01077240285,-0.7056429999,0.006717120446,0.195376295,1.591802352,0.7093435972,0.005819401362,0.01076513503,-0.70475663
-0.2454063677,0.05606730542,-0.005064886296,0.3856711517,-0.2233157566,-0.042938207,-0.2279484933,-0.038390635,-0.02414633308,0.3482154111,-0.193589637,0.03163742573,-0.01407418387,0.1320096624,0.2152723212,0.07092101869,-0.2945758049,-0.04428761701,0.2249486354,-0.1945384699,-0.08162513743,-0.4345002493,0.04320134754,0.02685273622,0.00250068088,2,2,0,0,0.001417663607,0.2002830417,0.8673367527,0.7134908228,-0.003659569576,0.00128543234,-0.7006538382,0.126355112,0.1187815693,0.907383696,0.732609359,-0.06591699947,-0.1017741389,-0.6697615255,0.1286855994,0.1310726891,0.8199413673,0.7309108786,-0.06565905115,-0.1019407434,-0.6716146674,0.09463146072,0.1864036759,0.9978091594,0.730473852,-0.08642612595,-0.08296074726,-0.6723510919,0.1839935821,0.1045690469,0.5348139567,0.7368994703,0.06426798926,0.04002247153,-0.6717492076,0.1549439895,0.1687236634,0.09988927092,0.7367701448,-0.01098255688,-0.04233652496,-0.6747271714,0.1568431203,0.1648431033,0.06219187243,0.7363645868,-0.02679660532,-0.02784209371,-0.6754805364,-0.1196358879,0.1157091506,0.9079738463,0.6867045458,-0.09384021238,-0.06343855436,-0.718057401,-0.1222746962,0.1292682839,0.8207279281,0.6779854829,-0.0930674877,-0.06456685196,-0.7262955661,-0.0893897083,0.1830646032,0.9991018629,0.6883792201,-0.08064222239,-0.07720936081,-0.7167074689,-0.1743949041,0.1059383877,0.5347239838,0.6789202383,0.03415529974,0.05385632185,-0.7314370937,-0.14348602,0.1605664998,0.09862813861,0.6809471149,-0.03669339649,-0.01200916877,-0.7313141604,-0.1449786822,0.1569030739,0.06089074909,0.6814423375,-0.025917548,-0.02357563253,-0.7310327017,0.003674855117,0.1852519882,1.149830956,0.7085426318,-0.003668524595,0.001259647998,-0.705657349,0.1569132774,0.1976689298,1.382608566,0.7106496409,0.04273918825,0.04785906314,-0.7006139877,0.2301896011,0.236804948,1.372390186,0.7019455783,0.1188358338,-0.02768377628,-0.7017008324,0.257278242,0.2116183537,1.284933087,0.7262479103,0.1160034979,-0.03364797253,-0.6767384836,0.2707847647,0.2269579958,1.136797587,0.7063584656,0.01603932546,-0.1383749109,-0.694012134,0.3374578028,0.2099158138,1.023516147,0.6913581261,0.02347680472,-0.1402293998,-0.708384427,0.3934971638,0.1576835159,0.9056938925,0.6913581261,0.02347680472,-0.1402293998,-0.708384427,0.3793275896,0.1575769523,0.9012515551,0.6913581261,0.02347680472,-0.1402293998,-0.708384427,-0.1463968308,0.1964348737,1.384724639,0.6975728911,0.07528929414,0.080487438,-0.7079868333,-0.2198096435,0.236251483,1.379187548,0.701587307,0.00718797071,0.1488637764,-0.6968236218,-0.2463835154,0.2193228292,1.289609909,0.6730788375,-0.0009090501583,0.1469856932,-0.7248167066,-0.2589136653,0.2480039283,1.143383212,0.7000283796,-0.154453448,-0.001162994641,-0.6972109061,-0.325169869,0.2240649925,1.031134735,0.7138092473,-0.1566632526,0.00640068442,-0.6825628286,-0.3798898619,0.1652752133,0.915812143,0.7138092473,-0.1566632526,0.00640068442,-0.6825628286,-0.3657229343,0.1653303773,0.9113604389,0.7138092473,-0.1566632526,0.00640068442,-0.6825628286,-0.02548954285,0.1975934314,1.491952089,0.7084618572,0.005805936732,0.01077240284,-0.7056429999,0.00671712045,0.195376295,1.591802352,0.7093435972,0.005819401361,0.01076513503,-0.70475663
-0.2454063677,0.05606730541,-0.0050648863,0.3856711517,-0.2233157566,-0.04293820698,-0.2279484933,-0.03839063501,-0.0241463331,0.3482154111,-0.193589637,0.03163742576,-0.01407418391,0.1320096628,0.21527232,0.07092102294,-0.2945758056,-0.04428763615,0.2249486354,-0.1945384691,-0.0816251397,-0.4345002495,0.04320135923,0.0268527362,0.00250068092,2,2,0,0,0.001417663613,0.2002830416,0.8673367527,0.7134908228,-0.003659569569,0.001285432344,-0.7006538382,0.126355112,0.1187815693,0.907383696,0.732609359,-0.06591699946,-0.1017741389,-0.6697615255,0.1286855994,0.1310726891,0.8199413673,0.7309108786,-0.06565905115,-0.1019407434,-0.6716146674,0.09463146073,0.1864036759,0.9978091594,0.730473852,-0.08642612594,-0.08296074726,-0.6723510919,0.1839935821,0.1045690468,0.5348139567,0.7368994703,0.06426798926,0.04002247153,-0.6717492076,0.1549439895,0.1687236634,0.09988927092,0.7367701448,-0.01098255689,-0.04233652496,-0.6747271714,0.1568431203,0.1648431033,0.06219187243,0.7363645868,-0.02679660532,-0.02784209372,-0.6754805364,-0.1196358879,0.1157091506,0.9079738463,0.6867045458,-0.09384021237,-0.06343855435,-0.718057401,-0.1222746962,0.1292682839,0.8207279281,0.6779854829,-0.09306748769,-0.06456685195,-0.7262955661,-0.08938970829,0.1830646032,0.9991018629,0.6883792201,-0.08064222238,-0.0772093608,-0.7167074689,-0.1743949041,0.1059383877,0.5347239838,0.6789202383,0.03415529973,0.05385632185,-0.7314370937,-0.14348602,0.1605664998,0.09862813861,0.6809471149,-0.0366933965,-0.01200916878,-0.7313141604,-0.1449786822,0.1569030739,0.06089074909,0.6814423375,-0.025917548,-0.02357563254,-0.7310327017,0.003674855122,0.1852519882,1.149830956,0.7085426318,-0.003668524588,0.001259648001,-0.705657349,0.1569132774,0.1976689298,1.382608566,0.7106496409,0.04273918839,0.04785906327,-0.7006139877,0.2301896011,0.236804948,1.372390186,0.7019455784,0.1188358335,-0.02768377573,-0.7017008324,0.2572782419,0.2116183537,1.284933087,0.7262479118,0.1160034975,-0.03364797233,-0.6767384821,0.2707847644,0.2269579957,1.136797587,0.7063584671,0.01603932502,-0.1383749112,-0.6940121325,0.3374578025,0.2099158139,1.023516147,0.6913581211,0.0234768075,-0.1402294009,-0.7083844317,0.3934971637,0.1576835157,0.9056938926,0.6913581211,0.0234768075,-0.1402294009,-0.7083844317,0.3793275895,0.1575769523,0.9012515551,0.6913581211,0.0234768075,-0.1402294009,-0.7083844317,-0.1463968308,0.1964348737,1.384724639,0.6975728911,0.07528929417,0.08048743803,-0.7079868333,-0.2198096435,0.236251483,1.379187548,0.7015873069,0.007187971036,0.1488637761,-0.6968236219,-0.2463835153,0.2193228292,1.289609909,0.6730788366,-0.0009090500471,0.1469856929,-0.7248167074,-0.2589136651,0.2480039283,1.143383212,0.7000283787,-0.1544534482,-0.001162994858,-0.6972109069,-0.3251698689,0.2240649925,1.031134735,0.7138092501,-0.1566632534,0.006400686253,-0.6825628255,-0.3798898618,0.1652752132,0.9158121431,0.7138092501,-0.1566632534,0.006400686253,-0.6825628255,-0.3657229342,0.1653303773,0.9113604389,0.7138092501,-0.1566632534,0.006400686253,-0.6825628255,-0.02548954284,0.1975934314,1.491952089,0.7084618572,0.005805936731,0.01077240284,-0.7056429999,0.006717120453,0.195376295,1.591802352,0.7093435972,0.00581940136,0.01076513502,-0.70475663
-0.245403337,0.0560406589,-0.005057878828,0.385664947,-0.2233117099,-0.04294210549,-0.2279524681,-0.03842285188,-0.02411865597,0.3482239122,-0.1935939188,0.03162926553,-0.01407720937,0.1320112299,0.2152753003,0.070921402,-0.2945773871,-0.04428722949,0.2249467016,-0.1945347286,-0.08162385761,-0.4344959924,0.0432018894,0.0268520198,0.00249995227,2,2,0,0,0.001421628675,0.2002830586,0.8673366763,0.7134917366,-0.003654409767,0.001280133936,-0.7006529443,0.1263586363,0.1187821496,0.9073852723,0.7326084203,-0.06592068399,-0.1017697114,-0.6697628623,0.1286882129,0.1310733183,0.8199429261,0.7309122897,-0.06566310403,-0.1019360952,-0.6716134409,0.09463353231,0.1864039404,0.9978104622,0.7304739619,-0.08642005043,-0.082965242,-0.6723511988,0.1839926377,0.104569873,0.5348148071,0.7369000887,0.06426169247,0.04002501786,-0.67174898,0.1549376397,0.1687218566,0.09989009404,0.7367711287,-0.01098742389,-0.04233257264,-0.6747262658,0.1568363079,0.1648412293,0.06219267916,0.7363654138,-0.02680292768,-0.02783684507,-0.6754796003,-0.1196323662,0.1157085371,0.9079722412,0.6867029471,-0.09384722732,-0.06343356365,-0.7180584541,-0.122272541,0.1292674553,0.8207263309,0.6779939224,-0.09307545581,-0.06456065828,-0.7262872174,-0.08938764718,0.1830643927,0.9991004447,0.6883790553,-0.08063817802,-0.07721593627,-0.7167073738,-0.1743987181,0.1059360677,0.5347235962,0.6789272484,0.03414911481,0.05386676967,-0.7314301064,-0.1435005828,0.1605679548,0.09862746216,0.6809550761,-0.03670044284,-0.0120009052,-0.7313065295,-0.1449940092,0.1569046063,0.06089009536,0.6814503034,-0.02592724793,-0.02356426662,-0.7310252986,0.003674681744,0.1852520259,1.149830914,0.7085424844,-0.003663329527,0.001254380493,-0.7056575334,0.156909665,0.1976689167,1.38261079,0.7106498477,0.04274490659,0.0478543224,-0.7006137529,0.2301861528,0.236804926,1.372393553,0.7019449926,0.1188425868,-0.02768950957,-0.7017000484,0.2572763276,0.2116184462,1.284936896,0.7262474117,0.1160100302,-0.03365397166,-0.6767376007,0.2707854915,0.2269582947,1.136801658,0.706356955,0.01604543944,-0.1383812601,-0.6940122642,0.3374605404,0.2099160497,1.023521411,0.6913567263,0.02348298203,-0.1402356026,-0.7083843605,0.3935019662,0.1576837031,0.90570016,0.6913567263,0.02348298203,-0.1402356026,-0.7083843605,0.3793324707,0.1575771449,0.9012575715,0.6913567263,0.02348298203,-0.1402356026,-0.7083843605,-0.146400475,0.1964349954,1.384722375,0.6975734647,0.07529384834,0.08048155592,-0.7079864525,-0.2198131947,0.2362516138,1.379184117,0.7015883067,0.007193760116,0.1488565816,-0.6968240925,-0.246385432,0.2193228047,1.289606024,0.6730802521,-0.0009028471671,0.1469787685,-0.7248168049,-0.2589128462,0.2480036518,1.143379043,0.7000281701,-0.1544460383,-0.001168693697,-0.6972127483,-0.3251669568,0.2240650541,1.031129257,0.7138092906,-0.1566559881,0.006394933996,-0.6825645046,-0.3798848354,0.1652755989,0.9158054974,0.7138092906,-0.1566559881,0.006394933996,-0.6825645046,-0.3657178247,0.1653307652,0.9113540577,0.7138092906,-0.1566559881,0.006394933996,-0.6825645046,-0.02549477323,0.1975935073,1.491951614,0.7084617844,0.005810881039,0.01076688005,-0.7056431166,0.006710411279,0.1953764357,1.591802356,0.7093432677,0.005824334839,0.01075960818,-0.7047570053
