HIERARCHY
ROOT LINK_BASE
{
	OFFSET 0.000000 0.000000 0.000000
	CHANNELS 6 Xposition Yposition Zposition Zrotation Yrotation Xrotation
	JOINT LINK_HIP_PITCH_L
	{
		OFFSET -0.000000 7.917800 0.000003
		CHANNELS 3 Zrotation Yrotation Xrotation
		JOINT LINK_HIP_ROLL_L
		{
			OFFSET 0.466199 4.032201 -10.752001
			CHANNELS 3 Zrotation Yrotation Xrotation
			JOINT LINK_HIP_YAW_L
			{
				OFFSET 0.946159 -0.000001 -8.051204
				CHANNELS 3 Zrotation Yrotation Xrotation
				JOINT LINK_KNEE_PITCH_L
				{
					OFFSET -3.770699 0.000001 -28.791999
					CHANNELS 3 Zrotation Yrotation Xrotation
					JOINT LINK_ANKLE_PITCH_L
					{
						OFFSET -0.271681 0.000001 -43.866997
						CHANNELS 3 Zrotation Yrotation Xrotation
						JOINT LINK_ANKLE_ROLL_L
						{
							OFFSET 0.110731 0.000000 -3.792800
							CHANNELS 3 Zrotation Yrotation Xrotation
							JOINT LINK_ANKLE_ROLL_L_TOE
							{
								OFFSET 0.000000 0.000000 0.000000
								CHANNELS 3 Zrotation Yrotation Xrotation
								End Site
								{
									OFFSET 0.000000 0.000000 2.000000
								}
							}
							JOINT LINK_ANKLE_ROLL_L_HEEL
							{
								OFFSET 0.000000 0.000000 0.000000
								CHANNELS 3 Zrotation Yrotation Xrotation
								End Site
								{
									OFFSET 0.000000 0.000000 2.000000
								}
							}
						}
					}
				}
			}
		}
	}
	JOINT LINK_HIP_PITCH_R
	{
		OFFSET 0.000000 -7.917800 -0.000003
		CHANNELS 3 Zrotation Yrotation Xrotation
		JOINT LINK_HIP_ROLL_R
		{
			OFFSET 0.466201 -4.032200 -10.751998
			CHANNELS 3 Zrotation Yrotation Xrotation
			JOINT LINK_HIP_YAW_R
			{
				OFFSET 0.946162 -0.000001 -8.051197
				CHANNELS 3 Zrotation Yrotation Xrotation
				JOINT LINK_KNEE_PITCH_R
				{
					OFFSET -3.770701 0.000001 -28.792000
					CHANNELS 3 Zrotation Yrotation Xrotation
					JOINT LINK_ANKLE_PITCH_R
					{
						OFFSET -0.271679 -0.000001 -43.867000
						CHANNELS 3 Zrotation Yrotation Xrotation
						JOINT LINK_ANKLE_ROLL_R
						{
							OFFSET 0.110730 -0.000000 -3.792800
							CHANNELS 3 Zrotation Yrotation Xrotation
							JOINT LINK_ANKLE_ROLL_R_TOE
							{
								OFFSET 0.000000 0.000000 0.000000
								CHANNELS 3 Zrotation Yrotation Xrotation
								End Site
								{
									OFFSET 0.000000 0.000000 2.000000
								}
							}
							JOINT LINK_ANKLE_ROLL_R_HEEL
							{
								OFFSET 0.000000 0.000000 0.000000
								CHANNELS 3 Zrotation Yrotation Xrotation
								End Site
								{
									OFFSET 0.000000 0.000000 2.000000
								}
							}
						}
					}
				}
			}
		}
	}
	JOINT LINK_TORSO_YAW
	{
		OFFSET -0.000001 -0.000000 10.384004
		CHANNELS 3 Zrotation Yrotation Xrotation
		JOINT LINK_SHOULDER_PITCH_L
		{
			OFFSET -1.099999 16.303001 27.888999
			CHANNELS 3 Zrotation Yrotation Xrotation
			JOINT LINK_SHOULDER_ROLL_L
			{
				OFFSET -0.000002 6.253300 -1.545506
				CHANNELS 3 Zrotation Yrotation Xrotation
				JOINT LINK_SHOULDER_YAW_L
				{
					OFFSET 0.003461 0.852461 -8.271198
					CHANNELS 3 Zrotation Yrotation Xrotation
					JOINT LINK_ELBOW_PITCH_L
					{
						OFFSET 0.192520 1.359702 -15.074998
						CHANNELS 3 Zrotation Yrotation Xrotation
						JOINT LINK_ELBOW_YAW_L
						{
							OFFSET -0.220908 0.943622 -13.182004
							CHANNELS 3 Zrotation Yrotation Xrotation
							JOINT LINK_WRIST_PITCH_L
							{
								OFFSET 0.000000 0.000000 0.000000
								CHANNELS 3 Zrotation Yrotation Xrotation
								JOINT LINK_WRIST_ROLL_L
								{
									OFFSET 0.000000 0.000000 0.000000
									CHANNELS 3 Zrotation Yrotation Xrotation
									End Site
									{
										OFFSET 0.000000 0.000000 2.000000
									}
								}
							}
						}
					}
				}
			}
		}
		JOINT LINK_SHOULDER_PITCH_R
		{
			OFFSET -1.099998 -16.303000 27.888992
			CHANNELS 3 Zrotation Yrotation Xrotation
			JOINT LINK_SHOULDER_ROLL_R
			{
				OFFSET -0.000001 -6.253300 -1.545501
				CHANNELS 3 Zrotation Yrotation Xrotation
				JOINT LINK_SHOULDER_YAW_R
				{
					OFFSET 0.003462 -0.852461 -8.271199
					CHANNELS 3 Zrotation Yrotation Xrotation
					JOINT LINK_ELBOW_PITCH_R
					{
						OFFSET 0.192520 -1.359701 -15.075000
						CHANNELS 3 Zrotation Yrotation Xrotation
						JOINT LINK_ELBOW_YAW_R
						{
							OFFSET -0.220904 -0.943622 -13.182004
							CHANNELS 3 Zrotation Yrotation Xrotation
							JOINT LINK_WRIST_PITCH_R
							{
								OFFSET 0.000000 0.000000 0.000000
								CHANNELS 3 Zrotation Yrotation Xrotation
								JOINT LINK_WRIST_ROLL_R
								{
									OFFSET 0.000000 0.000000 0.000000
									CHANNELS 3 Zrotation Yrotation Xrotation
									End Site
									{
										OFFSET 0.000000 0.000000 2.000000
									}
								}
							}
						}
					}
				}
			}
		}
		JOINT LINK_HEAD_PITCH
		{
			OFFSET -1.130000 0.000000 38.604001
			CHANNELS 3 Zrotation Yrotation Xrotation
			JOINT LINK_HEAD_YAW
			{
				OFFSET 0.000001 -0.000000 4.019898
				CHANNELS 3 Zrotation Yrotation Xrotation
				End Site
				{
					OFFSET 0.000000 0.000000 2.000000
				}
			}
		}
	}
}
MOTION
Frames: 143
Frame Time: 0.02000000
-3.27201858 2.55710203 94.95710135 -51.00374552 10.42876407 -3.41683057 12.56055454 -39.06329018 -4.47139496 0.00000029 0.00000175 23.82130752 11.92101171 -0.00000042 0.00000040 -0.00000063 42.25197711 0.00000069 -0.00000003 -10.00031186 0.00000002 -0.00000087 -0.00000024 -9.79645931 0.00000000 0.00000000 0.00000000 0.00000000 0.00000000 0.00000000 -9.77638557 -32.36304801 2.84320314 0.00000192 0.00000108 -11.33133368 -8.72565857 -0.00000221 -0.00000089 -0.00000588 41.06339639 -0.00000266 0.00000225 -15.90269729 -0.00000065 0.00000010 0.00000015 9.30191033 0.00000000 0.00000000 0.00000000 0.00000000 0.00000000 0.00000000 12.66742883 -0.00000056 -0.00000009 -2.77468160 -31.03363445 0.77050215 0.00000090 0.00000043 30.52000659 9.58495436 -0.68382359 -0.05733223 -166.80988531 -72.56060234 162.09817989 10.04758758 -0.52068772 -2.28211548 0.00000000 0.00000000 0.00000000 0.00000000 0.00000000 0.00000000 3.67787602 -38.56440475 -1.28707972 0.00000324 0.00000073 7.76141621 39.57633701 2.61477031 0.94090833 154.89215129 -80.41160943 -150.48106331 -2.82550061 -0.18690056 0.63250622 0.00000000 0.00000000 0.00000000 0.00000000 0.00000000 0.00000000 -0.00000099 16.17467156 0.00000004 30.01542700 0.00000005 -0.00000034
-3.10285576 2.76474543 94.96298432 -50.71871621 10.15793156 -3.43541988 12.52981261 -38.99570639 -4.45203590 0.00000005 -0.00000156 23.60194073 11.71339135 0.00000220 -0.00000067 -0.00000154 42.51353590 -0.00000022 -0.00000057 -10.28167109 -0.00000010 0.00000079 0.00000004 -9.58942188 0.00000000 0.00000000 0.00000000 0.00000000 0.00000000 0.00000000 -9.62830819 -31.97273258 2.76436686 -0.00000143 -0.00000058 -11.63215595 -9.01711806 0.00000091 -0.00000015 -0.00000382 40.89248258 -0.00000122 -0.00000043 -15.75493772 0.00000035 0.00000056 0.00000024 9.49589752 0.00000000 0.00000000 0.00000000 0.00000000 0.00000000 0.00000000 12.31517336 0.00000022 0.00000016 -2.76517524 -30.94693852 0.76560964 -0.00000140 0.00000047 30.78505744 9.51175331 -0.67864760 -0.05646196 -166.94204800 -72.39787559 162.22421242 10.03171425 -0.52018127 -2.27845003 0.00000000 0.00000000 0.00000000 0.00000000 0.00000000 0.00000000 3.75111891 -39.11545215 -1.33301134 -0.00000324 -0.00000168 7.42087284 39.08895904 2.58780363 0.91878763 155.15649926 -80.31796020 -150.74168107 -2.79208225 -0.18487830 0.62497361 0.00000000 0.00000000 0.00000000 0.00000000 0.00000000 0.00000000 0.00000411 15.36593393 0.00000010 30.14951207 0.00000068 0.00000035
-2.90480703 2.95512173 94.97427940 -50.42326328 9.84810045 -3.44061649 12.46580957 -38.85456824 -4.41182328 0.00000188 0.00000087 23.36917325 11.52408358 0.00000212 -0.00000018 0.00000075 42.80056842 0.00000072 0.00000018 -10.68017717 -0.00000000 0.00000004 0.00000005 -9.38409064 0.00000000 0.00000000 0.00000000 0.00000000 0.00000000 0.00000000 -9.45333956 -31.50698471 2.67232026 0.00000056 -0.00000076 -11.94931008 -9.31597824 -0.00000125 -0.00000076 -0.00000451 40.69697311 -0.00000019 0.00000170 -15.61593324 -0.00000020 -0.00000116 0.00000025 9.69834475 0.00000000 0.00000000 0.00000000 0.00000000 0.00000000 0.00000000 11.99169929 0.00000041 0.00000005 -2.77913324 -31.07421072 0.77279943 -0.00000133 -0.00000120 31.09153115 9.27342329 -0.66179373 -0.05367401 -166.80891533 -72.56179460 162.09725732 10.04282173 -0.52053566 -2.28101787 0.00000000 0.00000000 0.00000000 0.00000000 0.00000000 0.00000000 3.79675378 -39.45451117 -1.36190769 -0.00000094 -0.00000214 6.94344710 38.63286857 2.56239953 0.89829597 155.71220253 -80.11437825 -151.28930348 -2.80701774 -0.18578528 0.62833974 0.00000000 0.00000000 0.00000000 0.00000000 0.00000000 0.00000000 -0.00000133 15.32542304 -0.00000003 30.42896332 0.00000021 -0.00000068
-2.68496331 3.14861275 94.97912526 -50.12872593 9.54896099 -3.44036601 12.40330611 -38.71613953 -4.37266817 -0.00000363 0.00000073 23.12391372 11.32452436 0.00000195 0.00000058 -0.00000077 43.11446760 -0.00000019 0.00000004 -11.12095428 0.00000054 0.00000031 -0.00000009 -9.18288491 0.00000000 0.00000000 0.00000000 0.00000000 0.00000000 0.00000000 -9.28185106 -31.04573111 2.58328989 -0.00000053 -0.00000018 -12.28567228 -9.59785443 0.00000023 -0.00000057 -0.00000086 40.52091669 0.00000102 0.00000246 -15.51551746 -0.00000061 0.00000277 -0.00000050 9.93060120 0.00000000 0.00000000 0.00000000 0.00000000 0.00000000 0.00000000 11.63024037 0.00000043 -0.00000008 -2.78072067 -31.08866226 0.77361920 -0.00000184 -0.00000085 31.35786680 9.04786147 -0.64583421 -0.05110008 -166.61669621 -72.79315212 161.91375388 10.05263648 -0.52084272 -2.28328146 0.00000000 0.00000000 0.00000000 0.00000000 0.00000000 0.00000000 3.83521639 -39.73775324 -1.38642347 0.00000217 0.00000030 6.46545161 38.28290323 2.54279352 0.88270952 156.19431360 -79.93000064 -151.76412471 -2.82286231 -0.18674306 0.63191194 0.00000000 0.00000000 0.00000000 0.00000000 0.00000000 0.00000000 0.00000233 15.48579327 0.00000052 30.72549858 0.00000111 0.00000027
-2.44469400 3.33688408 94.97458339 -49.82154722 9.24749790 -3.40643785 12.33770884 -38.57027871 -4.33170534 0.00000157 0.00000074 22.82843915 11.11960308 -0.00000015 -0.00000008 -0.00000005 43.46432926 -0.00000055 -0.00000092 -11.62454320 -0.00000004 0.00000027 0.00000011 -8.97269975 0.00000000 0.00000000 0.00000000 0.00000000 0.00000000 0.00000000 -9.11824570 -30.60124753 2.49945915 -0.00000033 0.00000043 -12.67045392 -9.86338628 -0.00000049 -0.00000067 0.00000143 40.38815919 -0.00000044 0.00000142 -15.43468639 0.00000009 -0.00000002 -0.00000016 10.17325971 0.00000000 0.00000000 0.00000000 0.00000000 0.00000000 0.00000000 11.22187261 -0.00000067 0.00000022 -2.76814645 -30.97404819 0.76713788 -0.00000042 0.00000025 31.59476833 8.91098745 -0.63614634 -0.04956976 -166.43251535 -73.00915975 161.73771437 10.06054482 -0.52109363 -2.28510561 0.00000000 0.00000000 0.00000000 0.00000000 0.00000000 0.00000000 3.87213897 -40.00742641 -1.41009262 -0.00000205 -0.00000206 5.95585821 38.06742674 2.53067675 0.87317258 156.53477382 -79.79520926 -152.09926974 -2.83115840 -0.18724164 0.63378239 0.00000000 0.00000000 0.00000000 0.00000000 0.00000000 0.00000000 -0.00000015 15.66316874 -0.00000075 31.01116958 -0.00000084 -0.00000080
-2.18689404 3.51125970 94.96934414 -49.49930542 8.93494325 -3.34190602 12.25319240 -38.38137917 -4.27911909 -0.00000145 -0.00000182 22.49684561 10.93307888 -0.00000065 -0.00000009 -0.00000146 43.82794546 -0.00000107 -0.00000022 -12.19640807 0.00000048 0.00000080 -0.00000000 -8.76116663 0.00000000 0.00000000 0.00000000 0.00000000 0.00000000 0.00000000 -8.94979545 -30.13910174 2.41429358 0.00000228 0.00000057 -13.09448472 -10.10203368 -0.00000083 -0.00000128 0.00000650 40.28683738 0.00000298 -0.00000160 -15.42049976 0.00000073 -0.00000456 0.00000085 10.43739440 0.00000000 0.00000000 0.00000000 0.00000000 0.00000000 0.00000000 10.83161712 -0.00000080 -0.00000010 -2.74505019 -30.76279015 0.75528731 -0.00000070 0.00000234 31.74588440 8.75880859 -0.62537176 -0.04789188 -166.20684374 -73.26653431 161.52174657 10.06972916 -0.52138503 -2.28722947 0.00000000 0.00000000 0.00000000 0.00000000 0.00000000 0.00000000 3.89850518 -40.19872283 -1.42707823 -0.00000008 -0.00000139 5.41203833 37.83129547 2.51735605 0.86277443 156.97090217 -79.61670477 -152.52837872 -2.83947190 -0.18774647 0.63565703 0.00000000 0.00000000 0.00000000 0.00000000 0.00000000 0.00000000 0.00000197 15.81880944 -0.00000021 31.28591523 -0.00000084 0.00000005
-1.89480558 3.67041305 94.95174885 -49.17956808 8.61277706 -3.24833671 12.15930205 -38.17032730 -4.22096066 -0.00000009 0.00000166 22.15047010 10.79531218 -0.00000368 0.00000073 -0.00000089 44.27901960 -0.00000141 0.00000049 -12.90975550 -0.00000014 -0.00000053 0.00000012 -8.53796570 0.00000000 0.00000000 0.00000000 0.00000000 0.00000000 0.00000000 -8.78312328 -29.67729242 2.33118583 -0.00000002 -0.00000074 -13.55699128 -10.30494709 0.00000141 -0.00000004 0.00000381 40.23423983 0.00000157 -0.00000132 -15.45353730 0.00000003 -0.00000201 0.00000051 10.73938863 0.00000000 0.00000000 0.00000000 0.00000000 0.00000000 0.00000000 10.49272766 -0.00000049 0.00000009 -2.71593872 -30.49518068 0.74045537 -0.00000034 0.00000085 31.81425894 8.64083206 -0.61701314 -0.04661378 -165.87574328 -73.63028928 161.20436156 10.06977312 -0.52138987 -2.28723667 0.00000000 0.00000000 0.00000000 0.00000000 0.00000000 0.00000000 3.92150362 -40.36469043 -1.44194793 -0.00000274 0.00000035 4.79763469 37.57729588 2.50297761 0.85164958 157.46179671 -79.40751399 -153.01107245 -2.84349530 -0.18799112 0.63656139 0.00000000 0.00000000 0.00000000 0.00000000 0.00000000 0.00000000 -0.00000341 15.94297232 -0.00000032 31.53558262 -0.00000150 -0.00000063
-1.58505794 3.81932855 94.91620660 -48.86632279 8.31408535 -3.15729404 12.08578441 -38.00415514 -4.17561180 0.00000118 -0.00000241 21.82933036 10.67249976 0.00000273 -0.00000039 0.00000112 44.78685742 0.00000008 -0.00000134 -13.64657887 0.00000060 -0.00000019 0.00000016 -8.31834565 0.00000000 0.00000000 0.00000000 0.00000000 0.00000000 0.00000000 -8.63397782 -29.26024261 2.25781273 0.00000337 0.00000132 -14.03026851 -10.50798405 0.00000089 0.00000086 -0.00000199 40.25629038 -0.00000178 0.00000466 -15.55618809 -0.00000077 0.00000009 -0.00000043 11.07357126 0.00000000 0.00000000 0.00000000 0.00000000 0.00000000 0.00000000 10.16333187 0.00000080 -0.00000006 -2.68381538 -30.19815921 0.72422577 0.00000194 -0.00000109 31.80539030 8.52615771 -0.60888388 -0.04538715 -165.56811598 -73.95427816 160.90896042 10.07873760 -0.52166944 -2.28930728 0.00000000 0.00000000 0.00000000 0.00000000 0.00000000 0.00000000 3.94090963 -40.50409351 -1.45453279 0.00000130 0.00000221 4.12580286 37.36121183 2.49070683 0.84223601 158.01429687 -79.16092627 -153.55393924 -2.85310825 -0.18857486 0.63872758 0.00000000 0.00000000 0.00000000 0.00000000 0.00000000 0.00000000 -0.00000265 16.03784338 0.00000032 31.73665034 0.00000030 -0.00000046
-1.27759669 3.95500660 94.86621022 -48.52312601 8.03795859 -3.05318815 12.02842087 -37.87392780 -4.14034312 -0.00000105 0.00000220 21.49951217 10.53365581 -0.00000139 0.00000023 0.00000028 45.30281731 0.00000038 -0.00000098 -14.38186827 0.00000066 0.00000068 0.00000007 -8.10906152 0.00000000 0.00000000 0.00000000 0.00000000 0.00000000 0.00000000 -8.49664286 -28.87304419 2.19109044 0.00000319 0.00000154 -14.53482035 -10.73823933 -0.00000045 0.00000003 0.00000099 40.34610839 -0.00000012 -0.00000288 -15.72458833 0.00000080 -0.00000163 0.00000081 11.43344039 0.00000000 0.00000000 0.00000000 0.00000000 0.00000000 0.00000000 9.78929499 0.00000033 0.00000004 -2.64522971 -29.83901451 0.70492129 0.00000084 0.00000144 31.75465610 8.47758890 -0.60544249 -0.04487400 -165.32792888 -74.19838846 160.67798855 10.08263722 -0.52179619 -2.29021001 0.00000000 0.00000000 0.00000000 0.00000000 0.00000000 0.00000000 3.96737465 -40.69328335 -1.47175676 0.00000128 -0.00000003 3.42528258 37.08020039 2.47469620 0.83006193 158.55464013 -78.90755602 -154.08441831 -2.85545345 -0.18871542 0.63925786 0.00000000 0.00000000 0.00000000 0.00000000 0.00000000 0.00000000 -0.00000110 16.08379103 -0.00000011 31.94518180 -0.00000093 -0.00000090
-0.95948512 4.05222028 94.81166005 -48.15777061 7.77461959 -2.93465132 11.97050964 -37.74197172 -4.10484193 0.00000132 -0.00000006 21.17147853 10.41424819 -0.00000087 -0.00000018 -0.00000176 45.85533838 -0.00000158 0.00000072 -15.20141664 -0.00000007 -0.00000044 -0.00000002 -7.90978936 0.00000000 0.00000000 0.00000000 0.00000000 0.00000000 0.00000000 -8.36030784 -28.48567184 2.12566461 -0.00000078 0.00000025 -15.04676388 -10.97600702 0.00000034 -0.00000068 0.00000507 40.46948195 0.00000159 -0.00000211 -15.92054081 0.00000019 0.00000261 -0.00000061 11.77622922 0.00000000 0.00000000 0.00000000 0.00000000 0.00000000 0.00000000 9.38646066 0.00000011 0.00000007 -2.59955552 -29.41051487 0.68234566 0.00000108 0.00000085 31.55643982 8.47845052 -0.60550274 -0.04488207 -165.09969344 -74.42351228 160.45825601 10.09536478 -0.52219717 -2.29315028 0.00000000 0.00000000 0.00000000 0.00000000 0.00000000 0.00000000 3.99056375 -40.85814165 -1.48689960 0.00000096 -0.00000022 2.72362834 36.78950008 2.45807480 0.81755432 159.06616991 -78.65574606 -154.58617448 -2.86088576 -0.18904277 0.64048113 0.00000000 0.00000000 0.00000000 0.00000000 0.00000000 0.00000000 0.00000076 16.07608194 -0.00000001 32.18823690 0.00000077 0.00000040
-0.64246929 4.10443023 94.76022124 -47.74049301 7.49941382 -2.81371755 11.89131817 -37.56070400 -4.05646627 0.00000123 -0.00000066 20.82449030 10.25107512 0.00000170 -0.00000036 0.00000099 46.32449356 0.00000136 -0.00000088 -15.93109224 -0.00000038 0.00000088 0.00000017 -7.74184589 0.00000000 0.00000000 0.00000000 0.00000000 0.00000000 0.00000000 -8.20473571 -28.03994877 2.05199774 0.00000194 0.00000029 -15.57408388 -11.29030702 -0.00000140 -0.00000074 -0.00000682 40.61786947 -0.00000197 0.00000630 -16.20469449 -0.00000148 0.00000097 -0.00000018 12.08576775 0.00000000 0.00000000 0.00000000 0.00000000 0.00000000 0.00000000 8.95468244 -0.00000136 0.00000019 -2.54754493 -28.91805530 0.65699784 0.00000361 0.00000215 31.11455841 8.54402935 -0.61015168 -0.04557926 -164.79948259 -74.70990448 160.16886887 10.10199727 -0.52240692 -2.29468114 0.00000000 0.00000000 0.00000000 0.00000000 0.00000000 0.00000000 4.00374357 -40.95150381 -1.49553256 -0.00000224 -0.00000076 1.98462164 36.50778114 2.44189863 0.80551030 159.44501796 -78.46127696 -154.95749603 -2.87164294 -0.18969210 0.64290645 0.00000000 0.00000000 0.00000000 0.00000000 0.00000000 0.00000000 -0.00000015 16.02298456 0.00000025 32.46670870 0.00000153 0.00000082
-0.31701538 4.09722812 94.72424984 -47.26626443 7.24069007 -2.73179412 11.80836235 -37.36981284 -4.00600580 -0.00000053 -0.00000156 20.49621336 10.02277528 0.00000281 -0.00000044 -0.00000007 46.71800088 -0.00000042 -0.00000136 -16.60095720 0.00000111 0.00000043 0.00000001 -7.60683323 0.00000000 0.00000000 0.00000000 0.00000000 0.00000000 0.00000000 -8.01041707 -27.47774334 1.96149256 -0.00000069 0.00000093 -16.05350486 -11.71277739 -0.00000074 -0.00000178 0.00000486 40.68110106 0.00000226 -0.00000405 -16.52198059 0.00000051 0.00000525 -0.00000104 12.36621724 0.00000000 0.00000000 0.00000000 0.00000000 0.00000000 0.00000000 8.49845200 0.00000029 -0.00000001 -2.49666303 -28.43179618 0.63258453 -0.00000028 0.00000088 30.42795239 8.48627800 -0.60605744 -0.04496490 -164.48305761 -75.00043150 159.86343433 10.11789803 -0.52290705 -2.29835316 0.00000000 0.00000000 0.00000000 0.00000000 0.00000000 0.00000000 4.01464335 -41.02847900 -1.50267856 -0.00000098 0.00000408 1.24474245 36.12183001 2.41964678 0.78914124 159.64065864 -78.35804939 -155.14914604 -2.87485496 -0.18988560 0.64362980 0.00000000 0.00000000 0.00000000 0.00000000 0.00000000 0.00000000 0.00000336 15.97524558 -0.00000020 32.75445428 -0.00000078 0.00000026
0.00778789 4.02585864 94.70396042 -46.72615634 7.04239948 -2.68844375 11.74085103 -37.21370523 -3.96510183 0.00000147 0.00000144 20.17493030 9.69548174 0.00000054 0.00000043 -0.00000128 47.01958176 -0.00000080 0.00000007 -17.18005040 0.00000038 0.00000026 0.00000005 -7.51535359 0.00000000 0.00000000 0.00000000 0.00000000 0.00000000 0.00000000 -7.79791392 -26.85598000 1.86446623 0.00000017 0.00000052 -16.48148167 -12.23984562 -0.00000016 -0.00000038 0.00000163 40.68409334 0.00000131 -0.00000446 -16.88142287 0.00000113 -0.00000042 0.00000043 12.64082354 0.00000000 0.00000000 0.00000000 0.00000000 0.00000000 0.00000000 7.97354103 -0.00000037 -0.00000008 -2.44405465 -27.92419994 0.60774098 -0.00000104 -0.00000011 29.50166286 8.40268272 -0.60012910 -0.04408556 -164.03381661 -75.39412113 159.42909913 10.12264786 -0.52305554 -2.29944829 0.00000000 0.00000000 0.00000000 0.00000000 0.00000000 0.00000000 4.01879358 -41.05778311 -1.50540575 0.00000349 0.00000047 0.46678612 35.71483563 2.39606490 0.77204236 159.72660868 -78.31208306 -155.23332024 -2.88039003 -0.19022534 0.64487653 0.00000000 0.00000000 0.00000000 0.00000000 0.00000000 0.00000000 0.00000070 15.89394770 -0.00000017 32.99290955 0.00000013 0.00000080
0.34967719 3.86865810 94.69395876 -46.15506267 6.88211845 -2.66989397 11.66744834 -37.04319832 -3.92079735 0.00000108 0.00000100 19.88149891 9.32894011 -0.00000220 0.00000013 0.00000052 47.25069394 -0.00000090 0.00000051 -17.68808783 0.00000001 -0.00000021 -0.00000018 -7.47266663 0.00000000 0.00000000 0.00000000 0.00000000 0.00000000 0.00000000 -7.56972909 -26.18026107 1.76258174 0.00000133 0.00000039 -16.83240805 -12.84974128 -0.00000079 -0.00000003 -0.00000047 40.65360328 -0.00000029 0.00000045 -17.22963709 -0.00000007 -0.00000272 0.00000053 12.87884025 0.00000000 0.00000000 0.00000000 0.00000000 0.00000000 0.00000000 7.40859807 0.00000032 -0.00000002 -2.38393990 -27.33826440 0.57986000 -0.00000002 -0.00000045 28.30551935 8.07458056 -0.57685664 -0.04071527 -163.47580552 -75.85470667 158.88855593 10.13325175 -0.52338689 -2.30189697 0.00000000 0.00000000 0.00000000 0.00000000 0.00000000 0.00000000 4.03664767 -41.18341263 -1.51714763 0.00000226 0.00000127 -0.44632482 35.31386037 2.37270880 0.75535994 159.83187812 -78.25525207 -155.33639580 -2.88586355 -0.19055371 0.64611054 0.00000000 0.00000000 0.00000000 0.00000000 0.00000000 0.00000000 0.00000005 15.71819745 0.00000002 33.18677229 0.00000139 0.00000010
0.71135145 3.63809913 94.68865991 -45.55217408 6.71932459 -2.65633149 11.56863497 -36.81235442 -3.86142888 -0.00000204 -0.00000153 19.58414988 8.91315686 0.00000353 -0.00000053 -0.00000055 47.39361185 0.00000099 0.00000091 -18.07772490 -0.00000059 -0.00000062 -0.00000005 -7.47632437 0.00000000 0.00000000 0.00000000 0.00000000 0.00000000 0.00000000 -7.31612231 -25.41957140 1.65220322 0.00000032 0.00000145 -17.15729342 -13.51118835 -0.00000072 0.00000030 -0.00000226 40.60547568 -0.00000011 0.00000013 -17.62696681 -0.00000002 0.00000146 -0.00000031 13.11597272 0.00000000 0.00000000 0.00000000 0.00000000 0.00000000 0.00000000 6.82618831 0.00000061 -0.00000032 -2.31737114 -26.68209756 0.54962654 0.00000020 -0.00000038 26.88336156 7.42368799 -0.53063044 -0.03442509 -162.69406104 -76.45204692 158.12951786 10.13452633 -0.52342936 -2.30219064 0.00000000 0.00000000 0.00000000 0.00000000 0.00000000 0.00000000 4.06415572 -41.37599079 -1.53529611 0.00000019 0.00000077 -1.50077400 34.88756315 2.34775302 0.73780361 159.89240078 -78.22232162 -155.39565144 -2.88965349 -0.19078082 0.64696590 0.00000000 0.00000000 0.00000000 0.00000000 0.00000000 0.00000000 -0.00000198 15.49069001 0.00000004 33.30499612 0.00000043 0.00000012
1.09126521 3.32217626 94.68870163 -44.91936630 6.53794877 -2.60072933 11.41998911 -36.46232462 -3.77272473 -0.00000170 0.00000021 19.25588871 8.50212554 -0.00000259 0.00000055 -0.00000050 47.40809833 -0.00000085 0.00000095 -18.30051477 -0.00000022 -0.00000035 0.00000012 -7.53155506 0.00000000 0.00000000 0.00000000 0.00000000 0.00000000 0.00000000 -7.03596040 -24.56738926 1.53382583 -0.00000005 -0.00000119 -17.49780042 -14.20243777 0.00000005 -0.00000109 0.00000900 40.55989887 0.00000472 -0.00000177 -18.09136372 -0.00000023 -0.00000355 0.00000098 13.35368733 0.00000000 0.00000000 0.00000000 0.00000000 0.00000000 0.00000000 6.20354133 0.00000040 0.00000010 -2.24011196 -25.91097274 0.51540031 -0.00000199 0.00000119 25.30518921 6.32385680 -0.45236597 -0.02499058 -161.54822196 -77.23925087 157.01371399 10.12355035 -0.52308760 -2.29965564 0.00000000 0.00000000 0.00000000 0.00000000 0.00000000 0.00000000 4.09955363 -41.62215554 -1.55875028 0.00000069 -0.00000224 -2.69477533 34.51567051 2.32587256 0.72264038 159.82667891 -78.25807753 -155.33130712 -2.88872130 -0.19072518 0.64675671 0.00000000 0.00000000 0.00000000 0.00000000 0.00000000 0.00000000 -0.00000037 15.23554953 0.00000003 33.31908774 0.00000055 0.00000021
1.50631163 2.92625967 94.69325542 -44.33146798 6.35163123 -2.53816150 11.23140183 -36.01338272 -3.66124230 -0.00000027 0.00000160 18.96396709 8.13400622 0.00000075 0.00000049 -0.00000135 47.34976978 -0.00000134 -0.00000082 -18.43173501 0.00000081 0.00000068 0.00000019 -7.63939761 0.00000000 0.00000000 0.00000000 0.00000000 0.00000000 0.00000000 -6.74049409 -23.65537900 1.41312147 0.00000018 0.00000060 -17.79179710 -14.89153325 -0.00000030 -0.00000011 0.00000069 40.48609650 0.00000091 -0.00000328 -18.55958507 0.00000105 0.00000629 -0.00000126 13.57866654 0.00000000 0.00000000 0.00000000 0.00000000 0.00000000 0.00000000 5.55051216 0.00000053 0.00000003 -2.14613208 -24.95911913 0.47503635 -0.00000202 -0.00000116 23.75099670 4.83141689 -0.34590363 -0.01459289 -159.72588431 -78.31247550 155.23261198 10.09130098 -0.52206953 -2.29220810 0.00000000 0.00000000 0.00000000 0.00000000 0.00000000 0.00000000 4.15517081 -42.00512483 -1.59582965 -0.00000175 -0.00000119 -3.92090467 34.07212936 2.29964816 0.70474206 159.72543408 -78.31270861 -155.23216999 -2.88069235 -0.19023823 0.64494566 0.00000000 0.00000000 0.00000000 0.00000000 0.00000000 0.00000000 0.00000070 14.99293729 -0.00000009 33.24505560 0.00000128 0.00000001
1.95954926 2.45226230 94.70045567 -43.83640532 6.15202592 -2.46877175 10.99967348 -35.45423749 -3.52590701 0.00000221 -0.00000005 18.73430636 7.83977308 0.00000087 -0.00000038 -0.00000192 47.27406925 -0.00000079 0.00000004 -18.58696401 0.00000046 0.00000203 0.00000038 -7.79901848 0.00000000 0.00000000 0.00000000 0.00000000 0.00000000 0.00000000 -6.42896045 -22.67919088 1.29055426 0.00000236 0.00000081 -18.05576206 -15.58165493 0.00000041 -0.00000001 0.00000046 40.39641605 -0.00000118 0.00000369 -19.12367431 -0.00000074 -0.00000473 0.00000015 13.79709304 0.00000000 0.00000000 0.00000000 0.00000000 0.00000000 0.00000000 4.87868314 -0.00000014 0.00000021 -2.03452177 -23.80918063 0.42895463 0.00000221 -0.00000056 22.37189695 2.85897184 -0.20484746 -0.00511102 -156.54660447 -79.79045645 152.11091475 10.03876859 -0.52040489 -2.28008138 0.00000000 0.00000000 0.00000000 0.00000000 0.00000000 0.00000000 4.23984332 -42.57943236 -1.65280783 0.00000179 -0.00000025 -5.21863512 33.61055142 2.27221232 0.68633323 159.65045815 -78.35282643 -155.15874383 -2.87097173 -0.18965296 0.64275521 0.00000000 0.00000000 0.00000000 0.00000000 0.00000000 0.00000000 -0.00000061 14.74899626 -0.00000019 33.13029941 0.00000021 -0.00000090
2.48567536 1.88472606 94.70610619 -43.44343544 5.88780658 -2.35960586 10.67634024 -34.66010999 -3.34018104 0.00000089 0.00000040 18.54166185 7.68164757 -0.00000024 -0.00000020 0.00000175 47.07310227 0.00000026 -0.00000219 -18.53270642 0.00000154 0.00000155 0.00000024 -8.02339399 0.00000000 0.00000000 0.00000000 0.00000000 0.00000000 0.00000000 -6.08566640 -21.58646745 1.16121012 -0.00000080 -0.00000076 -18.30714677 -16.19324550 -0.00000022 -0.00000038 0.00000354 40.26416645 0.00000356 -0.00000313 -19.68688715 0.00000012 -0.00000093 0.00000055 14.03278571 0.00000000 0.00000000 0.00000000 0.00000000 0.00000000 0.00000000 4.13956305 0.00000020 -0.00000006 -1.90118128 -22.40813755 0.37661719 -0.00000108 -0.00000027 21.41430518 0.59008945 -0.04229773 -0.00021823 -150.90015649 -81.61555187 146.53781412 9.95996339 -0.51788526 -2.26188736 0.00000000 0.00000000 0.00000000 0.00000000 0.00000000 0.00000000 4.35133504 -43.31971722 -1.72877646 0.00000073 -0.00000248 -6.54530512 33.11260878 2.24244867 0.66672062 159.65256312 -78.35170507 -155.16080741 -2.85887975 -0.18892210 0.64002971 0.00000000 0.00000000 0.00000000 0.00000000 0.00000000 0.00000000 -0.00000047 14.47984009 0.00000020 33.09129734 0.00000011 -0.00000021
3.09269056 1.21809477 94.70675588 -43.27548360 5.47812309 -2.18928066 10.21580123 -33.50067521 -3.08210033 0.00000208 0.00000196 18.44959608 7.83547430 -0.00000067 0.00000012 -0.00000017 46.76579257 0.00000075 0.00000050 -18.28807580 -0.00000026 0.00000001 -0.00000022 -8.31953004 0.00000000 0.00000000 0.00000000 0.00000000 0.00000000 0.00000000 -5.70484651 -20.35390054 1.02491417 0.00000044 0.00000008 -18.51759145 -16.55925723 0.00000023 0.00000043 -0.00000802 40.06543644 -0.00000372 0.00000121 -20.19781392 0.00000024 0.00000143 -0.00000006 14.27703655 0.00000000 0.00000000 0.00000000 0.00000000 0.00000000 0.00000000 3.32119670 -0.00000001 -0.00000010 -1.74227822 -20.70077356 0.31823246 0.00000144 0.00000103 21.09284933 -1.75624451 0.12586854 -0.00192879 -140.41360071 -83.58201925 136.13661896 9.86005995 -0.51466173 -2.23882533 0.00000000 0.00000000 0.00000000 0.00000000 0.00000000 0.00000000 4.49742956 -44.26298523 -1.82988230 -0.00000144 -0.00000005 -7.82632437 32.68284994 2.21661938 0.65000120 159.76100779 -78.29357932 -155.26700755 -2.84936815 -0.18834876 0.63788549 0.00000000 0.00000000 0.00000000 0.00000000 0.00000000 0.00000000 0.00000160 14.15181845 0.00000016 33.16842315 0.00000086 0.00000046
3.84070128 0.41103200 94.69519854 -43.54460447 4.73998977 -1.96798984 9.50590426 -31.64742673 -2.69984749 -0.00000008 -0.00000102 18.55168019 8.50286398 -0.00000010 0.00000060 0.00000062 46.23243747 0.00000066 -0.00000178 -17.54993884 0.00000045 0.00000140 0.00000010 -8.74837541 0.00000000 0.00000000 0.00000000 0.00000000 0.00000000 0.00000000 -5.23937602 -18.81909941 0.86885917 -0.00000016 -0.00000029 -18.63524553 -16.49507107 -0.00000067 -0.00000178 0.00000569 39.76658811 0.00000338 -0.00000076 -20.65574601 -0.00000025 -0.00000031 0.00000015 14.53395439 0.00000000 0.00000000 0.00000000 0.00000000 0.00000000 0.00000000 2.55118679 0.00000025 -0.00000007 -1.55130407 -18.59675871 0.25400576 0.00000063 0.00000036 21.67905957 -3.94069817 0.28224598 -0.00971094 -119.71056241 -85.28207675 115.52694722 9.74348115 -0.51084480 -2.21192827 0.00000000 0.00000000 0.00000000 0.00000000 0.00000000 0.00000000 4.67302542 -45.35777419 -1.95364078 -0.00000210 -0.00000129 -8.94603712 32.24596952 2.19023802 0.63320394 160.21475805 -78.04356065 -155.71111778 -2.83812148 -0.18766936 0.63534942 0.00000000 0.00000000 0.00000000 0.00000000 0.00000000 0.00000000 0.00000329 13.94335378 0.00000079 33.45215726 0.00000129 0.00000064
4.80040833 -0.51715504 94.71585751 -44.63539712 3.69276965 -1.70946416 8.58817312 -29.13145332 -2.23547075 -0.00000073 -0.00000097 18.98047283 10.11582610 0.00000008 0.00000008 -0.00000178 45.91999769 -0.00000086 0.00000035 -17.23333446 -0.00000025 0.00000138 0.00000024 -8.55384535 0.00000000 0.00000000 0.00000000 0.00000000 0.00000000 0.00000000 -4.70833516 -17.03192189 0.70539467 0.00000005 -0.00000026 -18.53420853 -15.59235450 0.00000076 0.00000005 0.00000633 39.14381300 0.00000255 -0.00000364 -21.05575318 -0.00000015 0.00000043 -0.00000039 14.78999001 0.00000000 0.00000000 0.00000000 0.00000000 0.00000000 0.00000000 1.99197248 -0.00000020 -0.00000002 -1.29656016 -15.70761400 0.17885449 0.00000271 -0.00000001 23.31866484 -5.19886322 0.37213972 -0.01689396 -84.20423998 -85.87902851 80.11914578 9.64325759 -0.50752033 -2.18880804 0.00000000 0.00000000 0.00000000 0.00000000 0.00000000 0.00000000 4.88125857 -46.60301830 -2.10339140 0.00000038 -0.00000140 -9.99122695 32.03438700 2.17741539 0.62513749 161.18939271 -77.46663554 -156.66359370 -2.78767860 -0.18460823 0.62398328 0.00000000 0.00000000 0.00000000 0.00000000 0.00000000 0.00000000 -0.00000141 14.03054053 0.00000003 33.97730138 0.00000057 0.00000086
5.87519407 -1.60975195 94.80029345 -46.66997373 2.30482463 -1.51243057 7.85338216 -27.01896863 -1.88959329 -0.00000028 -0.00000025 20.16303111 12.08778118 0.00000205 -0.00000054 0.00000042 47.58186512 0.00000007 -0.00000032 -16.39844544 0.00000046 -0.00000024 0.00000012 -7.90850868 0.00000000 0.00000000 0.00000000 0.00000000 0.00000000 0.00000000 -4.10004129 -14.94041849 0.53783765 0.00000092 0.00000059 -17.97594103 -13.68009848 -0.00000090 -0.00000065 -0.00000392 38.01456282 -0.00000060 0.00000244 -21.12848068 -0.00000075 0.00000112 -0.00000027 14.94131771 0.00000000 0.00000000 0.00000000 0.00000000 0.00000000 0.00000000 1.54225647 0.00000020 -0.00000003 -0.92923962 -11.39617308 0.09272130 -0.00000078 -0.00000051 25.94099070 -4.61761305 0.33063156 -0.01333112 -53.17995138 -84.88325321 49.18966869 9.60357104 -0.50619878 -2.17965034 0.00000000 0.00000000 0.00000000 0.00000000 0.00000000 0.00000000 5.09508491 -47.82437976 -2.26032487 -0.00000053 -0.00000228 -10.97922447 31.88192621 2.16815751 0.61935895 162.66013120 -76.47680566 -158.09652909 -2.69780196 -0.17913151 0.60373692 0.00000000 0.00000000 0.00000000 0.00000000 0.00000000 0.00000000 0.00000249 14.25089225 -0.00000013 34.90171622 -0.00000061 0.00000033
6.88779950 -2.98358481 94.95527148 -49.66063042 0.70951270 -1.46125956 7.30907572 -25.39828964 -1.64918054 -0.00000072 0.00000080 22.16225389 13.55733537 -0.00000003 0.00000052 0.00000027 50.62576431 -0.00000061 0.00000079 -12.85979091 0.00000025 -0.00000041 -0.00000004 -8.69811340 0.00000000 0.00000000 0.00000000 0.00000000 0.00000000 0.00000000 -3.46313551 -12.70434666 0.38564129 -0.00000046 -0.00000073 -16.94824171 -11.06598170 -0.00000050 0.00000064 -0.00000170 36.55829976 0.00000122 0.00000160 -21.01279831 -0.00000160 -0.00000315 0.00000126 14.88916344 0.00000000 0.00000000 0.00000000 0.00000000 0.00000000 0.00000000 1.29417876 0.00000002 -0.00000005 -0.42219851 -5.23274764 0.01929273 0.00000179 -0.00000022 29.31326711 -1.54448459 0.11069666 -0.00149270 -37.22043900 -83.24179651 33.31307113 9.60671642 -0.50630248 -2.18037932 0.00000000 0.00000000 0.00000000 0.00000000 0.00000000 0.00000000 5.31423558 -49.01885909 -2.42427080 -0.00000166 -0.00000203 -11.98474810 31.70019462 2.15709970 0.61249876 164.29501114 -75.16783619 -159.68172353 -2.58781324 -0.17238724 0.57896925 0.00000000 0.00000000 0.00000000 0.00000000 0.00000000 0.00000000 -0.00000291 14.33173307 -0.00000011 36.55653955 0.00000005 -0.00000031
7.83618614 -4.63281795 95.18131614 -53.87586437 -0.94109488 -1.43255112 6.96523850 -24.35034485 -1.50454592 -0.00000075 -0.00000097 24.45648014 14.03841475 -0.00000140 0.00000017 0.00000017 54.58757866 -0.00000005 -0.00000099 -5.77658881 -0.00000064 0.00000117 0.00000026 -9.67679747 0.00000000 0.00000000 0.00000000 0.00000000 0.00000000 0.00000000 -2.87150822 -10.58986624 0.26618058 -0.00000048 0.00000012 -15.73532207 -7.72094253 0.00000010 0.00000049 -0.00000069 34.88319307 0.00000037 -0.00000474 -20.75188095 0.00000068 0.00000552 -0.00000110 14.72283382 0.00000000 0.00000000 0.00000000 0.00000000 0.00000000 0.00000000 2.07299769 -0.00000001 -0.00000008 0.20586273 2.55692604 0.00459428 0.00000040 -0.00000115 32.99165706 3.66579867 -0.26258540 -0.00840159 -28.10819906 -81.34917628 24.28152431 9.57901242 -0.50537200 -2.17398941 0.00000000 0.00000000 0.00000000 0.00000000 0.00000000 0.00000000 5.52298676 -50.10536990 -2.58315903 -0.00000106 0.00000008 -13.30557334 31.33250406 2.13466264 0.59873219 165.74590906 -73.76861789 -161.07974548 -2.48341730 -0.16594428 0.55547221 0.00000000 0.00000000 0.00000000 0.00000000 0.00000000 0.00000000 -0.00000254 14.30368852 -0.00000050 38.77907667 0.00000017 0.00000007
8.81314129 -6.59142509 95.43358088 -59.46145845 -3.04748727 -1.26769515 6.58975081 -23.18490100 -1.35320689 0.00000416 -0.00000061 26.01997130 13.02451697 -0.00000138 0.00000115 -0.00000173 58.34586739 -0.00000042 0.00000036 5.78968613 -0.00000036 -0.00000136 0.00000106 -9.71312198 0.00000000 0.00000000 0.00000000 0.00000000 0.00000000 0.00000000 -2.21092934 -8.19293913 0.15836360 0.00000002 -0.00000058 -14.61706470 -3.56773867 -0.00000008 0.00000164 -0.00000137 33.04144363 0.00000020 -0.00000152 -20.30251160 -0.00000045 -0.00000086 -0.00000008 14.56180995 0.00000000 0.00000000 0.00000000 0.00000000 0.00000000 0.00000000 4.59798971 0.00000008 -0.00000001 1.01087801 12.36762140 0.10953052 0.00000046 0.00000002 37.00230239 10.28137450 -0.73298572 -0.06594075 -23.41635025 -79.77553926 19.65267139 9.82933646 -0.51366824 -2.23173308 0.00000000 0.00000000 0.00000000 0.00000000 0.00000000 0.00000000 5.68301763 -50.90599022 -2.70665551 -0.00000014 0.00000037 -15.06041706 31.06924934 2.11854253 0.58896602 166.97359583 -72.35857192 -162.25428113 -2.45685122 -0.16429603 0.54949470 0.00000000 0.00000000 0.00000000 0.00000000 0.00000000 0.00000000 0.00000198 14.70241289 0.00000002 41.80785316 -0.00000053 0.00000051
9.32216197 -7.83112049 95.69829702 -65.20883080 -4.29329289 -0.83259143 7.01605578 -24.50639509 -1.52556264 -0.00000065 0.00000228 25.48406219 7.48737733 0.00000113 0.00000047 -0.00000314 62.13150423 -0.00000054 0.00000124 19.65315873 0.00000003 -0.00000146 0.00000173 -6.60508948 0.00000000 0.00000000 0.00000000 0.00000000 0.00000000 0.00000000 -1.99547019 -7.40419527 0.12912730 0.00000090 0.00000009 -14.05666248 0.67359672 -0.00000018 -0.00000003 -0.00000116 31.40582779 -0.00000000 -0.00000092 -19.29865976 -0.00000020 -0.00000003 -0.00000040 14.46776478 0.00000000 0.00000000 0.00000000 0.00000000 0.00000000 0.00000000 8.12577262 0.00000008 0.00000001 1.42112795 17.13164643 0.21406897 -0.00000312 0.00000085 41.40240845 14.33859402 -1.01699492 -0.12792653 -16.09230229 -75.50088849 12.49301702 9.68298342 -0.50884417 -2.19796898 0.00000000 0.00000000 0.00000000 0.00000000 0.00000000 0.00000000 5.99244569 -52.37888694 -2.94931654 0.00000287 0.00000157 -16.84426373 30.03372132 2.05470660 0.55125992 168.10327308 -70.82675627 -163.32625679 -2.24929681 -0.15133316 0.50281969 0.00000000 0.00000000 0.00000000 0.00000000 0.00000000 0.00000000 -0.00000069 14.17443581 -0.00000021 44.02510512 -0.00000010 -0.00000001
9.80999991 -7.68985748 95.89706659 -70.88840862 -3.90932275 -0.00669091 8.55457706 -29.03676701 -2.21914006 -0.00000085 -0.00000200 17.66409959 -4.56735485 0.00000040 -0.00000020 -0.00000452 66.61264959 -0.00000369 0.00000254 31.59077806 0.00000037 -0.00000282 0.00000307 -4.63396299 0.00000000 0.00000000 0.00000000 0.00000000 0.00000000 0.00000000 -2.56625078 -9.48653674 0.21297061 -0.00000321 0.00000111 -14.17970804 5.67502466 -0.00000035 0.00000005 0.00000376 30.25712889 0.00000052 -0.00000235 -17.69271142 0.00000075 -0.00000144 -0.00000004 14.64890958 0.00000000 0.00000000 0.00000000 0.00000000 0.00000000 0.00000000 12.01123611 0.00000011 -0.00000010 1.42112919 17.13165314 0.21406888 -0.00000061 0.00000024 46.20380594 15.20121559 -1.07676627 -0.14368782 -11.08370815 -69.55129682 7.70883544 9.44500461 -0.50083305 -2.14307939 0.00000000 0.00000000 0.00000000 0.00000000 0.00000000 0.00000000 6.63654028 -55.15510950 -3.46900945 -0.00000057 0.00000009 -18.37972945 28.88003839 1.98279214 0.51062045 168.74812439 -69.82858605 -163.93349246 -1.91380442 -0.13002275 0.42746899 0.00000000 0.00000000 0.00000000 0.00000000 0.00000000 0.00000000 0.00000496 12.52618004 0.00000028 45.35054630 0.00000010 0.00000007
11.63965613 -6.04676232 95.88237405 -74.67927998 -1.78744040 1.96880548 10.61154024 -34.49897869 -3.30340272 -0.00000392 -0.00000081 1.54797143 -18.05044307 0.00000108 0.00000120 -0.00000279 73.62576797 -0.00000370 0.00000332 31.55743972 -0.00000045 0.00000040 0.00000037 -6.06140119 0.00000000 0.00000000 0.00000000 0.00000000 0.00000000 0.00000000 -3.82127157 -13.96720171 0.46825398 0.00000271 0.00000103 -16.79268198 10.42211668 -0.00000062 -0.00000051 -0.00000136 29.40513113 0.00000053 0.00000062 -15.56727518 -0.00000069 -0.00000186 -0.00000007 16.16540828 0.00000000 0.00000000 0.00000000 0.00000000 0.00000000 0.00000000 13.66895493 0.00000013 -0.00000010 1.42112977 17.13165234 0.21406918 -0.00000127 -0.00000104 49.00429763 15.93071872 -1.12712106 -0.15771494 -9.21887867 -65.89502503 5.98229254 9.31437413 -0.49633268 -2.11297149 0.00000000 0.00000000 0.00000000 0.00000000 0.00000000 0.00000000 8.02813300 -60.05365408 -4.64511823 -0.00000032 -0.00000034 -19.58724714 29.50416121 2.02179848 0.53242431 168.35213177 -70.45328316 -163.56104588 -1.87903437 -0.12778815 0.41966707 0.00000000 0.00000000 0.00000000 0.00000000 0.00000000 0.00000000 -0.00000001 10.05223176 -0.00000008 46.70722837 -0.00000009 -0.00000007
13.76677454 -5.03381826 95.67772746 -78.47791395 0.39902723 3.79031551 12.35666601 -38.61249347 -4.34352870 0.00000090 -0.00000130 -9.52981332 -24.33825810 0.00000165 -0.00000222 -0.00000153 78.58311982 -0.00000340 0.00000162 31.92107998 0.00000069 0.00000265 -0.00000125 -8.38693720 0.00000000 0.00000000 0.00000000 0.00000000 0.00000000 0.00000000 -5.39874783 -19.34800698 0.92096670 0.00000166 0.00000012 -18.92317469 15.11954409 -0.00000093 0.00000036 -0.00000179 30.29245306 -0.00000023 0.00000016 -13.82399514 0.00000058 -0.00000031 0.00000036 17.34862554 0.00000000 0.00000000 0.00000000 0.00000000 0.00000000 0.00000000 14.91784276 0.00000000 0.00000003 1.42112563 17.13165338 0.21406875 0.00000455 -0.00000322 51.62927263 16.18310547 -1.14449941 -0.16272093 -8.19457138 -63.30227969 5.05676681 8.73383780 -0.47550944 -1.97926903 0.00000000 0.00000000 0.00000000 0.00000000 0.00000000 0.00000000 9.79519707 -64.68913738 -6.21199591 -0.00000119 0.00000187 -19.27084539 31.24533543 2.12932837 0.59548816 166.94415549 -72.39524760 -162.22622108 -2.03724750 -0.13791464 0.45518030 0.00000000 0.00000000 0.00000000 0.00000000 0.00000000 0.00000000 0.00000144 7.48563864 0.00000023 48.38705335 0.00000060 -0.00000024
15.37003815 -4.34920155 95.39110661 -83.00878561 2.83248677 4.63463900 14.52297248 -43.10295757 -5.76187642 0.00000070 0.00000135 -14.19633301 -27.02384424 -0.00000266 0.00000176 -0.00001359 81.24357265 -0.00001407 0.00000122 29.90576339 0.00000217 0.00000143 0.00000188 -13.42496022 0.00000000 0.00000000 0.00000000 0.00000000 0.00000000 0.00000000 -7.67777835 -26.50126267 1.81052568 -0.00000164 -0.00000097 -18.80769201 18.82481496 -0.00000080 -0.00000055 -0.00000014 33.77877691 0.00000016 -0.00000156 -11.82345740 0.00000046 0.00000123 -0.00000051 16.08517771 0.00000000 0.00000000 0.00000000 0.00000000 0.00000000 0.00000000 17.03430239 0.00000007 0.00000003 1.42112462 17.13165307 0.21406959 0.00000418 -0.00000006 55.30807784 15.20630375 -1.07711793 -0.14378349 -7.82421921 -62.23129713 4.72744965 8.47094131 -0.46564205 -1.91878417 0.00000000 0.00000000 0.00000000 0.00000000 0.00000000 0.00000000 11.34553896 -67.75610129 -7.63126587 -0.00000098 -0.00000174 -17.81672727 33.24487886 2.25036971 0.67190372 164.38995288 -75.08378586 -159.77348189 -2.06500622 -0.13968334 0.46141396 0.00000000 0.00000000 0.00000000 0.00000000 0.00000000 0.00000000 0.00000068 5.11596900 0.00000024 49.92657753 -0.00000008 0.00000017
16.75979346 -3.90347987 94.78735924 -88.18065807 5.23616499 4.79938836 16.72518493 -47.04385390 -7.32208678 -0.00000131 -0.00000086 -16.63304425 -29.49458056 -0.00000071 -0.00000191 0.00000733 82.93343125 0.00000842 0.00000245 22.75418994 -0.00000072 -0.00000278 -0.00000145 -13.37082093 0.00000000 0.00000000 0.00000000 0.00000000 0.00000000 0.00000000 -10.84632886 -35.07963950 3.43736790 0.00000673 0.00000036 -17.38863343 20.33784330 0.00000077 0.00000061 -0.00000346 40.14952511 -0.00000110 0.00000102 -9.07566226 -0.00000016 -0.00000095 0.00000004 13.31308975 0.00000000 0.00000000 0.00000000 0.00000000 0.00000000 0.00000000 20.07098811 0.00000001 0.00000015 1.42112775 17.13165344 0.21406917 -0.00000131 0.00000102 60.13892013 12.33057882 -0.87698588 -0.09473487 -8.36115372 -63.75915895 5.20588849 9.77532027 -0.51188965 -2.21927555 0.00000000 0.00000000 0.00000000 0.00000000 0.00000000 0.00000000 12.37686249 -69.42514472 -8.59152534 -0.00000242 0.00000002 -16.34137122 36.30244451 2.43007449 0.79678160 156.73982371 -79.71211812 -152.30104544 -1.97650315 -0.13403899 0.44154197 0.00000000 0.00000000 0.00000000 0.00000000 0.00000000 0.00000000 0.00000218 2.24792985 -0.00000045 50.76065142 -0.00000015 0.00000047
18.41025203 -4.46649119 94.00776625 -92.59605762 6.22660190 5.37879784 17.15468229 -47.74647882 -7.63822231 0.00000118 0.00000057 -19.08449776 -32.18736478 0.00000013 0.00000225 -0.00001254 82.76921158 -0.00001176 -0.00000120 15.21664473 -0.00000214 -0.00000202 -0.00000046 -13.63220103 0.00000000 0.00000000 0.00000000 0.00000000 0.00000000 0.00000000 -13.72574756 -41.52559935 5.22513223 0.00000101 0.00000020 -18.29393113 18.01666654 0.00000166 0.00000048 0.00000679 46.78317918 0.00000450 -0.00000206 -6.82786155 -0.00000086 -0.00000277 0.00000008 10.01226419 0.00000000 0.00000000 0.00000000 0.00000000 0.00000000 0.00000000 21.72140235 0.00000049 0.00000087 1.34116405 16.21991611 0.19112145 -0.00000367 0.00000264 63.88660421 8.38637762 -0.59897354 -0.04391354 -9.72912867 -67.01486137 6.45008701 10.34041870 -0.52980726 -2.34974684 0.00000000 0.00000000 0.00000000 0.00000000 0.00000000 0.00000000 11.36826637 -67.79570863 -7.65230662 0.00000249 -0.00000075 -16.82062474 41.13738456 2.69985404 1.01328364 131.08121582 -84.56780539 -126.85353358 -1.83970498 -0.12525473 0.41084439 0.00000000 0.00000000 0.00000000 0.00000000 0.00000000 0.00000000 0.00000020 0.81946869 -0.00000006 50.28663341 0.00000029 -0.00000019
20.07744014 -4.63393629 92.75863171 -94.99865733 7.70090547 6.31682010 17.16647550 -47.76549058 -7.64695585 0.00000214 0.00000020 -22.38133709 -35.93121501 -0.00000255 0.00000058 -0.00001884 81.14803824 -0.00001849 0.00000507 11.52118098 -0.00000146 -0.00000114 0.00000056 -13.64233974 0.00000000 0.00000000 0.00000000 0.00000000 0.00000000 0.00000000 -17.64142285 -48.51853993 8.00069814 0.00000253 -0.00000292 -20.86052955 14.50873718 0.00000207 0.00000142 -0.00000749 53.09033245 -0.00000551 0.00000326 -5.90162283 -0.00000035 -0.00000287 0.00000046 6.17664209 0.00000000 0.00000000 0.00000000 0.00000000 0.00000000 0.00000000 20.77792486 -0.00000060 0.00000001 1.25482866 15.22592873 0.16772535 -0.00000533 0.00000080 65.46894241 8.29454485 -0.59245899 -0.04295887 -13.02680730 -72.35909366 9.54614558 10.82375498 -0.54410458 -2.46146998 0.00000000 0.00000000 0.00000000 0.00000000 0.00000000 0.00000000 9.91668360 -64.95833665 -6.32193916 0.00000015 -0.00000470 -17.60533734 44.66063209 2.88439150 1.18496683 45.28612713 -84.24011047 -41.33114347 -1.65695007 -0.11340210 0.36986405 0.00000000 0.00000000 0.00000000 0.00000000 0.00000000 0.00000000 0.00000257 1.02479495 0.00000013 48.18617784 0.00000009 -0.00000059
21.52830362 -5.58841750 91.40684009 -97.35859582 7.06078403 6.40209078 14.95079154 -43.91511585 -6.05642399 -0.00000062 -0.00000028 -22.66629347 -38.72334553 -0.00000113 -0.00000022 -0.00000474 77.86936839 -0.00000106 -0.00000014 12.51666078 -0.00000005 0.00000180 0.00000263 -11.99983443 0.00000000 0.00000000 0.00000000 0.00000000 0.00000000 0.00000000 -19.36792173 -51.06288345 9.31958073 -0.00000190 0.00000100 -22.31303256 12.78098654 0.00000155 -0.00000050 -0.00000021 57.35750897 -0.00000167 0.00000025 -7.26164146 -0.00000020 -0.00000104 0.00000004 2.89539261 0.00000000 0.00000000 0.00000000 0.00000000 0.00000000 0.00000000 19.12504889 0.00000007 -0.00000005 1.16914491 14.23009780 0.14594094 0.00000033 -0.00000068 67.08868288 8.65931501 -0.61831817 -0.04681719 -24.47064875 -80.18239889 20.69089643 11.39251630 -0.55971758 -2.59308675 0.00000000 0.00000000 0.00000000 0.00000000 0.00000000 0.00000000 7.39796723 -58.00009870 -4.10471897 -0.00000337 0.00000114 -18.43175536 45.54042660 2.92878923 1.22957719 16.24860285 -75.63101309 -12.64438434 -1.86988791 -0.12719720 0.41761505 0.00000000 0.00000000 0.00000000 0.00000000 0.00000000 0.00000000 0.00000410 4.91058640 -0.00000011 41.94449350 0.00000002 0.00000020
22.61780202 -4.98156734 90.35266638 -100.99934656 7.83547792 4.29971387 13.15232137 -40.33770558 -4.84942609 -0.00000015 -0.00000157 -19.53757706 -42.17428330 0.00000366 0.00000848 0.00000027 75.14505029 -0.00000229 0.00000031 7.85345347 -0.00000011 -0.00000212 0.00000076 -10.01713275 0.00000000 0.00000000 0.00000000 0.00000000 0.00000000 0.00000000 -20.40607073 -52.45824795 10.13505386 -0.00000051 0.00000097 -18.36982233 13.76628240 0.00000391 -0.00001108 0.00002432 57.57850503 0.00001887 -0.00001616 -6.98606251 0.00000331 -0.00000219 0.00000007 3.94818669 0.00000000 0.00000000 0.00000000 0.00000000 0.00000000 0.00000000 18.76342562 0.00000011 0.00000005 0.51455857 6.36892138 0.02862862 -0.00000406 -0.00000094 66.33147722 7.45161465 -0.53261452 -0.03468267 -124.91387003 -85.00425633 120.71161904 11.24921058 -0.55590618 -2.55991332 0.00000000 0.00000000 0.00000000 0.00000000 0.00000000 0.00000000 5.21108276 -48.46369071 -2.34672671 0.00000255 -0.00000217 -20.41520597 39.86892848 2.63086446 0.95429952 11.17498310 -69.70273697 -7.79439948 -1.44019103 -0.09918253 0.32130155 0.00000000 0.00000000 0.00000000 0.00000000 0.00000000 0.00000000 -0.00000289 10.89549610 0.00000035 31.89997369 0.00000133 -0.00000123
23.26782197 -5.68433963 89.32543397 -103.55039732 6.07013575 1.17883636 10.90474317 -35.22277693 -3.47099999 0.00000552 0.00000068 -10.51371519 -38.29545991 0.00000036 0.00000286 -0.00000779 74.00068274 -0.00000640 -0.00000046 -10.34222856 0.00000025 -0.00000026 -0.00000305 -7.10582858 0.00000000 0.00000000 0.00000000 0.00000000 0.00000000 0.00000000 -17.65452733 -48.53898947 8.01052164 -0.00000011 -0.00000009 -14.81052396 14.63123197 -0.00000008 -0.00000249 -0.00000804 55.67421458 -0.00000306 0.00000055 -7.35208176 0.00000057 0.00000602 -0.00000067 9.73565770 0.00000000 0.00000000 0.00000000 0.00000000 0.00000000 0.00000000 16.54579946 0.00000019 0.00000007 -0.72869696 -8.98227360 0.05723649 0.00000114 -0.00000060 64.69853714 -4.81762694 0.34491559 -0.01450837 -162.69061900 -76.45457992 158.12616771 10.51253724 -0.53500480 -2.38952223 0.00000000 0.00000000 0.00000000 0.00000000 0.00000000 0.00000000 2.93289056 -32.45380214 -0.85375041 -0.00000007 0.00000160 -23.68035119 31.48262750 2.14383334 0.60433562 11.43323867 -70.11949597 -8.03694641 -1.48068318 -0.10185331 0.33037176 0.00000000 0.00000000 0.00000000 0.00000000 0.00000000 0.00000000 -0.00000739 18.28518250 0.00000067 17.22767490 -0.00000037 -0.00000173
24.29459095 -7.42140189 88.62703443 -105.17075257 4.08153777 -1.28715700 9.43591745 -31.46034919 -2.66322334 -0.00000108 0.00000006 -2.83311880 -31.08653090 0.00000044 0.00000286 -0.00000112 72.82550564 0.00000064 0.00000134 -21.76912465 -0.00000058 -0.00000225 0.00000058 -2.80533107 0.00000000 0.00000000 0.00000000 0.00000000 0.00000000 0.00000000 -14.89060678 -43.80228907 6.01472640 -0.00000302 0.00000018 -13.58306758 13.60953209 0.00000076 -0.00000442 0.00000001 53.57948370 0.00000079 0.00000162 -11.17379390 -0.00000043 -0.00000188 0.00000033 10.94488279 0.00000000 0.00000000 0.00000000 0.00000000 0.00000000 0.00000000 11.83218755 -0.00000029 0.00000020 -2.24265409 -25.93647538 0.51651093 0.00000452 -0.00000177 57.52025632 -22.26425323 1.55566644 -0.30613666 -168.75785703 -69.81274833 163.94262955 9.78635950 -0.51225867 -2.22181672 0.00000000 0.00000000 0.00000000 0.00000000 0.00000000 0.00000000 1.28448709 -15.56848311 -0.17560051 -0.00000209 0.00000046 -28.64099721 26.10099622 1.80628981 0.41872479 11.44708480 -70.14137078 -8.04997096 -1.84725431 -0.12574392 0.41253344 0.00000000 0.00000000 0.00000000 0.00000000 0.00000000 0.00000000 -0.00000171 23.04102350 0.00000046 2.83964474 0.00000041 -0.00000165
25.97846389 -8.29394460 88.46137524 -108.19381341 4.60033250 -3.34622583 9.46355744 -31.53432040 -2.67766121 0.00000056 0.00000049 1.98705594 -25.52207652 0.00000405 0.00000726 -0.00000272 72.33571861 -0.00000260 -0.00000014 -26.76396394 -0.00000044 0.00000122 0.00000130 -1.09542785 0.00000000 0.00000000 0.00000000 0.00000000 0.00000000 0.00000000 -14.58138209 -43.21525704 5.80184436 0.00000115 -0.00000287 -11.29083516 13.71818361 0.00000490 -0.00000986 0.00000200 51.38097390 -0.00000040 -0.00000241 -11.71965642 -0.00000052 0.00000257 -0.00000113 7.30791152 0.00000000 0.00000000 0.00000000 0.00000000 0.00000000 0.00000000 5.51158373 -0.00000043 0.00000010 -3.95285877 -40.58964487 1.46230014 0.00000370 0.00000228 44.12251733 -37.93866632 2.52342710 -0.86749059 -168.90032741 -69.57797231 164.07624001 9.72339125 -0.51018825 -2.20728795 0.00000000 0.00000000 0.00000000 0.00000000 0.00000000 0.00000000 0.08311179 -1.03284663 -0.00074926 -0.00000496 -0.00000087 -36.81214238 22.17769239 1.54992773 0.30378591 10.91831887 -69.27124196 -7.55401004 -1.94161995 -0.13180585 0.43371048 0.00000000 0.00000000 0.00000000 0.00000000 0.00000000 0.00000000 -0.00000187 24.71780774 -0.00000133 -11.56183613 0.00000053 0.00000030
28.29421163 -9.19273198 89.03009892 -114.26569222 6.29431194 -5.38458343 9.77759470 -32.36621058 -2.84384970 -0.00000337 0.00000085 4.95988092 -21.23180957 -0.00000030 0.00000109 0.00000196 71.84139772 0.00000077 0.00000050 -27.62862198 -0.00000073 -0.00000221 -0.00000154 -0.24685836 0.00000000 0.00000000 0.00000000 0.00000000 0.00000000 0.00000000 -15.28260577 -44.52907637 6.28785038 0.00000237 -0.00000040 -6.63919003 17.45915766 0.00000032 -0.00000006 -0.00000668 47.56956376 -0.00000420 0.00000424 -7.36763419 -0.00000047 0.00000151 -0.00000103 3.33121895 0.00000000 0.00000000 0.00000000 0.00000000 0.00000000 0.00000000 -2.70073306 -0.00000023 0.00000022 -4.32537318 -43.14892432 1.71099218 0.00000206 -0.00000127 33.30403699 -44.24055460 2.86294955 -1.16390669 -169.10540940 -69.23044608 164.26822099 10.02740318 -0.52004221 -2.27745597 0.00000000 0.00000000 0.00000000 0.00000000 0.00000000 0.00000000 -0.72184698 8.89921684 -0.05617342 0.00000412 0.00000009 -47.39111045 19.36760034 1.36173849 0.23238018 9.84088080 -67.24688696 -6.55305013 -1.86662138 -0.12698907 0.41688189 0.00000000 0.00000000 0.00000000 0.00000000 0.00000000 0.00000000 0.00000267 25.45019532 0.00000007 -19.46907488 -0.00000040 0.00000077
30.82817793 -10.31403169 90.45323730 -123.66535970 7.85128855 -7.68456875 9.83855685 -32.52588241 -2.87655981 -0.00000246 0.00000256 8.88165028 -14.63146904 -0.00000273 0.00000060 -0.00000849 70.08253709 -0.00000414 0.00000294 -25.75874682 -0.00000130 0.00000167 0.00000046 0.34629558 0.00000000 0.00000000 0.00000000 0.00000000 0.00000000 0.00000000 -15.49574787 -44.91625369 6.43783257 -0.00000215 0.00000140 -0.27585144 23.37906425 -0.00000027 -0.00000166 0.00000061 40.03260318 0.00000163 0.00000062 1.31066371 0.00000007 -0.00000281 -0.00000027 -0.76716051 0.00000000 0.00000000 0.00000000 0.00000000 0.00000000 0.00000000 -11.17333065 0.00000023 0.00000029 -3.84858266 -39.83562886 1.39497797 0.00000196 -0.00000114 26.50785253 -47.96611489 3.04758435 -1.35604851 -169.34983742 -68.80089316 164.49644102 9.97335294 -0.51832000 -2.26497737 0.00000000 0.00000000 0.00000000 0.00000000 0.00000000 0.00000000 -1.08587475 13.25376500 -0.12616124 0.00000429 -0.00000089 -59.01058189 16.97382331 1.19880260 0.17888267 8.85484419 -65.03028021 -5.65112774 -1.96094608 -0.13303985 0.43805249 0.00000000 0.00000000 0.00000000 0.00000000 0.00000000 0.00000000 0.00000154 27.09177151 -0.00000073 -22.34575726 0.00000133 0.00000011
33.41759443 -11.78333089 92.32165217 -135.45087848 9.25897325 -10.70796830 9.65869864 -32.05312850 -2.78047612 0.00000150 -0.00000047 13.99262220 -5.76247814 -0.00000089 0.00000044 0.00000010 67.23917744 -0.00000073 -0.00000206 -23.25242361 0.00000058 0.00000080 -0.00000061 1.16549720 0.00000000 0.00000000 0.00000000 0.00000000 0.00000000 0.00000000 -14.90844146 -43.83576798 6.02707344 -0.00000156 0.00000076 6.15902811 30.09383284 0.00000027 -0.00000830 0.00000426 27.11992998 0.00000135 -0.00000440 17.30988781 0.00000067 -0.00000186 0.00000047 -2.90467450 0.00000000 0.00000000 0.00000000 0.00000000 0.00000000 0.00000000 -19.65957008 -0.00000057 0.00000062 -3.21981675 -34.91843533 1.01292638 -0.00000072 -0.00000045 22.52109897 -49.84090610 3.13565930 -1.45717187 -168.94874604 -69.49693393 164.12161200 9.85079648 -0.51435953 -2.23669048 0.00000000 0.00000000 0.00000000 0.00000000 0.00000000 0.00000000 -1.08209275 13.20924357 -0.12529434 0.00000142 0.00000184 -69.51937201 14.66916378 1.03992926 0.13385809 9.68569299 -66.92345107 -6.41011165 -2.10474552 -0.14220833 0.47033923 0.00000000 0.00000000 0.00000000 0.00000000 0.00000000 0.00000000 0.00000079 29.12584543 0.00000034 -23.77196395 -0.00000061 -0.00000021
36.02968156 -13.83105963 94.22044754 -149.05636097 10.78072767 -13.81491603 9.25437654 -30.97138735 -2.56913540 0.00000296 -0.00000057 18.76748712 5.15844882 -0.00000031 -0.00000025 -0.00000384 63.63254287 -0.00000354 0.00000389 -20.85236215 -0.00000215 0.00000029 -0.00000030 1.67721335 0.00000000 0.00000000 0.00000000 0.00000000 0.00000000 0.00000000 -15.21277798 -44.40101772 6.23893766 0.00000124 0.00000220 9.91297114 25.33826281 -0.00000219 -0.00000159 -0.00000222 13.52069005 -0.00000049 0.00000221 34.68253983 -0.00000025 -0.00000021 -0.00000027 3.49167552 0.00000000 0.00000000 0.00000000 0.00000000 0.00000000 0.00000000 -27.39819731 0.00000006 -0.00000182 -2.68203239 -30.18163027 0.72333020 -0.00000001 -0.00000127 20.13399617 -50.13083675 3.14898287 -1.47306443 -167.24674979 -72.01089380 162.51433738 9.33198857 -0.49694310 -2.11703528 0.00000000 0.00000000 0.00000000 0.00000000 0.00000000 0.00000000 -0.98785313 12.09436754 -0.10465070 -0.00000018 -0.00000176 -78.77821963 11.48591616 0.81775693 0.08224191 13.80445229 -73.27921325 -10.28911646 -2.52267746 -0.16837652 0.56430773 0.00000000 0.00000000 0.00000000 0.00000000 0.00000000 0.00000000 0.00000061 29.67304830 -0.00000010 -25.50643166 -0.00000080 0.00000059
39.68950212 -16.74581021 96.60186768 -164.51975898 13.66263588 -16.55075757 9.34021678 -31.20324952 -2.61345932 0.00000180 -0.00000051 21.31803201 17.92016984 -0.00000097 0.00000050 -0.00000323 58.61811682 -0.00000314 0.00000235 -17.31987901 0.00000013 0.00000100 0.00000112 2.64750624 0.00000000 0.00000000 0.00000000 0.00000000 0.00000000 0.00000000 -19.11438093 -50.70731540 9.12286047 0.00000123 0.00000068 12.88810931 0.96855882 -0.00000056 -0.00000032 0.00000127 10.57999240 0.00000060 -0.00000034 26.88102646 -0.00000025 0.00000011 -0.00000004 6.95549818 0.00000000 0.00000000 0.00000000 0.00000000 0.00000000 0.00000000 -33.25730785 0.00000028 -0.00000022 -2.63724179 -29.76434051 0.70095161 -0.00000027 -0.00000104 18.70647354 -50.64680969 3.17249009 -1.50151473 -160.18131990 -78.06236803 155.67840584 8.92216144 -0.48241394 -2.02262095 0.00000000 0.00000000 0.00000000 0.00000000 0.00000000 0.00000000 -0.89133404 10.94276836 -0.08537786 -0.00000013 0.00000145 -85.92540410 7.38950004 0.52820078 0.03410916 23.65969552 -79.87269151 -19.89218707 -2.93729807 -0.19365246 0.65770691 0.00000000 0.00000000 0.00000000 0.00000000 0.00000000 0.00000000 -0.00000074 29.62461828 -0.00000032 -27.22007219 0.00000032 0.00000125
42.33493805 -20.02990544 99.38492179 -181.18759085 15.83166520 -20.25526479 9.39840524 -31.35974871 -2.64367341 -0.00000003 0.00000096 23.97573923 30.02278983 -0.00000045 0.00000035 0.00000324 52.87588056 0.00000290 -0.00000132 -12.14614198 -0.00000099 0.00000080 0.00000072 1.94910286 0.00000000 0.00000000 0.00000000 0.00000000 0.00000000 0.00000000 -24.03702821 -56.66216298 13.09560100 0.00000051 0.00000107 17.74678295 -18.43521804 0.00000074 -0.00000032 -0.00000069 10.68395815 -0.00000047 0.00000029 28.30251872 0.00000033 0.00000006 0.00000000 3.80382304 0.00000000 0.00000000 0.00000000 0.00000000 0.00000000 0.00000000 -37.11214923 -0.00000023 -0.00000004 -2.81197916 -31.37238472 0.78982888 0.00000028 -0.00000155 19.59307119 -50.52743672 3.16707670 -1.49491197 -112.08674033 -85.57656547 107.92727356 8.28881006 -0.45863359 -1.87691763 0.00000000 0.00000000 0.00000000 0.00000000 0.00000000 0.00000000 -0.82028041 10.08921841 -0.07240961 -0.00000032 -0.00000069 -89.44729735 4.97869565 0.35642348 0.01549254 41.49157832 -83.82488886 -37.55711460 -3.14740075 -0.20620232 0.70509880 0.00000000 0.00000000 0.00000000 0.00000000 0.00000000 0.00000000 0.00000349 29.96569319 0.00000006 -28.99918933 -0.00000313 0.00000112
44.23793256 -23.12356234 102.39570141 -198.07780810 16.76104532 -25.05141235 10.04480474 -33.06163577 -2.98826509 -0.00000025 -0.00000065 27.02999023 36.97718937 0.00000044 0.00000012 -0.00000051 47.68142594 -0.00000026 0.00000071 -4.96151431 -0.00000120 -0.00000176 -0.00000019 -1.98608807 0.00000000 0.00000000 0.00000000 0.00000000 0.00000000 0.00000000 -29.05049357 -61.10955672 17.39179200 -0.00000096 -0.00000049 25.58327922 -13.57113420 0.00000012 0.00000002 0.00000099 9.07236705 0.00000029 -0.00000159 25.08817444 -0.00000039 0.00000121 0.00000059 1.02677207 0.00000000 0.00000000 0.00000000 0.00000000 0.00000000 0.00000000 -38.86834754 0.00000159 0.00000072 -3.06844892 -33.63592789 0.92767131 -0.00000030 -0.00000011 22.94396950 -49.30659786 3.11090079 -1.42806063 -21.27320558 -78.82414638 17.54671362 7.65919071 -0.43339594 -1.73232129 0.00000000 0.00000000 0.00000000 0.00000000 0.00000000 0.00000000 -0.78783453 9.69790168 -0.06683645 -0.00000143 0.00000216 -89.02225148 4.11287246 0.29455694 0.01057582 58.98663292 -85.21910109 -54.97477037 -3.34133236 -0.21763417 0.74889118 0.00000000 0.00000000 0.00000000 0.00000000 0.00000000 0.00000000 0.00000324 29.96569101 0.00000133 -30.99825797 0.00000001 -0.00000173
45.00730038 -26.00312531 105.10449409 -215.19915008 14.02119070 -30.36934378 10.27658506 -33.65562867 -3.11571818 0.00000032 -0.00000009 31.50319529 38.39798421 0.00000081 -0.00000005 0.00000157 43.87159919 0.00000105 -0.00000102 2.90867194 0.00000047 0.00000025 -0.00000061 -5.82439754 0.00000000 0.00000000 0.00000000 0.00000000 0.00000000 0.00000000 -35.24203377 -65.09184135 22.91785779 0.00000060 -0.00000054 34.35680041 -2.76111019 -0.00000303 -0.00000071 0.00000174 13.21251824 0.00000048 -0.00000133 23.35306899 -0.00000060 -0.00000047 -0.00000115 1.50418005 0.00000000 0.00000000 0.00000000 0.00000000 0.00000000 0.00000000 -36.57724748 -0.00000017 -0.00000007 -3.09535272 -33.86674514 0.94261893 -0.00000034 0.00000263 27.98959485 -48.56535371 3.07609562 -1.38805744 -9.39445797 -66.29195782 6.14281270 6.73948454 -0.39367317 -1.52159985 0.00000000 0.00000000 0.00000000 0.00000000 0.00000000 0.00000000 -0.81337475 10.00594505 -0.07120511 0.00000483 -0.00000009 -87.84004636 5.99407428 0.42886557 0.02245068 64.97442352 -85.47691414 -60.94287718 -3.43208616 -0.22293039 0.76938958 0.00000000 0.00000000 0.00000000 0.00000000 0.00000000 0.00000000 -0.00000433 29.96569313 -0.00000031 -33.11364514 -0.00000072 -0.00000181
45.57424188 -29.84008491 107.16007948 -232.00513426 11.50271510 -34.25649442 11.51264984 -36.68091020 -3.82793053 -0.00000049 -0.00000107 31.61068862 30.93064486 0.00000042 0.00000027 0.00000055 39.09570977 -0.00000030 0.00000026 9.04705775 0.00000007 -0.00000028 -0.00000216 -5.54581260 0.00000000 0.00000000 0.00000000 0.00000000 0.00000000 0.00000000 -49.78057690 -70.66337279 36.41212458 -0.00000023 0.00000080 40.58441581 4.66260177 -0.00000056 -0.00000018 0.00000024 20.13032399 -0.00000057 0.00000197 22.99705990 0.00000163 -0.00000172 0.00000071 4.92266353 0.00000000 0.00000000 0.00000000 0.00000000 0.00000000 0.00000000 -32.77788153 0.00000047 -0.00000043 -3.39421249 -36.34768266 1.11453020 -0.00000202 0.00000229 36.23615370 -49.71759366 3.12996928 -1.45043331 -5.50332029 -53.22468418 2.75893093 4.73063302 -0.29515740 -1.06359394 0.00000000 0.00000000 0.00000000 0.00000000 0.00000000 0.00000000 -0.77205054 9.50716684 -0.06420247 -0.00000272 0.00000126 -86.17857139 8.31925098 0.59421284 0.04321366 68.20228869 -85.58550684 -64.16093923 -3.09212479 -0.20291843 0.69262831 0.00000000 0.00000000 0.00000000 0.00000000 0.00000000 0.00000000 -0.00000170 29.96569329 -0.00000025 -34.75083928 -0.00000009 0.00000323
45.38468719 -34.40203071 108.31413269 -247.76884426 9.63095262 -36.24122541 13.52364012 -41.11213290 -5.09169373 -0.00000175 -0.00000058 25.77160436 11.31439395 0.00000052 0.00000160 -0.00000017 34.30841268 0.00000027 -0.00000023 10.66051522 -0.00000043 0.00000083 -0.00000202 -15.75079783 0.00000000 0.00000000 0.00000000 0.00000000 0.00000000 0.00000000 -77.60509308 -74.65871489 63.03379700 0.00000275 -0.00000007 42.02868438 6.67469376 -0.00000530 -0.00000128 0.00000162 26.01877238 0.00000285 -0.00000213 21.46170960 -0.00000207 0.00000090 0.00000002 4.39770950 0.00000000 0.00000000 0.00000000 0.00000000 0.00000000 0.00000000 -28.45327518 0.00000403 0.00000136 -4.18710799 -42.22303148 1.61724996 -0.00000860 0.00000435 45.71346291 -54.68343993 3.34737318 -1.73115351 -3.64823324 -41.59541203 1.38606462 2.32039327 -0.15579393 -0.51880292 0.00000000 0.00000000 0.00000000 0.00000000 0.00000000 0.00000000 -0.62473784 7.71762204 -0.04213980 -0.00000363 0.00000443 -85.47260377 10.66407332 0.75995495 0.07092598 77.09747497 -85.79420030 -73.03108636 -1.85965497 -0.12653893 0.41531790 0.00000000 0.00000000 0.00000000 0.00000000 0.00000000 0.00000000 0.00000142 29.96569164 -0.00000050 -35.11089415 0.00000218 0.00000072
45.03868222 -38.53051662 108.86849165 -260.37087145 9.48579211 -37.60090141 16.01426156 -45.83516951 -6.80688659 0.00000080 -0.00000057 20.88799782 -4.97017874 0.00000036 -0.00000044 -0.00000069 32.91927533 -0.00000027 0.00000100 11.19780630 -0.00000018 -0.00000018 0.00000056 -15.10311684 0.00000000 0.00000000 0.00000000 0.00000000 0.00000000 0.00000000 -113.74815470 -73.68330753 97.89198537 0.00000078 -0.00000311 37.66229438 6.20618176 0.00000232 -0.00000085 -0.00000044 28.90297390 0.00000228 -0.00000016 20.87613431 -0.00000172 -0.00000037 0.00000079 2.18071696 0.00000000 0.00000000 0.00000000 0.00000000 0.00000000 0.00000000 -25.86143765 -0.00000043 0.00000129 -5.41339831 -49.54104338 2.49942487 0.00000111 0.00000127 56.07964505 -61.75182036 3.61307313 -2.16077885 -2.65146288 -32.83686071 0.78142253 -0.33827330 0.02447107 0.07511918 0.00000000 0.00000000 0.00000000 0.00000000 0.00000000 0.00000000 -0.44605861 5.52673918 -0.02153122 -0.00000447 0.00000380 -85.46589848 12.13178694 0.86306377 0.09171561 92.03670194 -85.89744110 -87.93151440 -0.56637333 -0.03997305 0.12607472 0.00000000 0.00000000 0.00000000 0.00000000 0.00000000 0.00000000 -0.00000247 29.96569442 -0.00000181 -34.36013125 -0.00000014 0.00000149
44.20531690 -41.36836827 108.62041712 -270.81715524 9.03373963 -38.67576626 18.58668899 -49.94780948 -8.71668490 -0.00000108 0.00000012 23.77762817 -2.76011742 -0.00000035 -0.00000003 0.00000179 34.28599576 0.00000074 -0.00000006 16.72134055 -0.00000141 0.00000040 0.00000089 -16.02733632 0.00000000 0.00000000 0.00000000 0.00000000 0.00000000 0.00000000 -137.69161197 -68.29399308 120.58862225 -0.00000022 -0.00000254 30.28084299 5.48704293 0.00000232 0.00000169 -0.00000384 31.68127882 -0.00000198 0.00000227 18.29115985 -0.00000017 -0.00000067 -0.00000041 -2.74792913 0.00000000 0.00000000 0.00000000 0.00000000 0.00000000 0.00000000 -22.97466423 0.00000106 -0.00000059 -7.16089569 -57.16017078 3.90459063 0.00000043 -0.00000027 64.33704669 -69.79355456 3.84842300 -2.68489503 -1.95307726 -25.42911158 0.44070686 -2.03736449 0.15410510 0.45027237 0.00000000 0.00000000 0.00000000 0.00000000 0.00000000 0.00000000 -0.25428269 3.15722330 -0.00700750 0.00000180 -0.00000163 -85.72531238 13.42095311 0.95315776 0.11214931 105.00632060 -85.75578059 -100.86703851 0.46599347 0.03382451 -0.10344159 0.00000000 0.00000000 0.00000000 0.00000000 0.00000000 0.00000000 0.00000057 29.96569306 0.00000030 -33.26735820 -0.00000093 -0.00000107
42.85552204 -43.31208169 108.07832479 -281.19959572 8.52711510 -39.09038087 20.42085054 -52.47740835 -10.14676380 -0.00000233 0.00000200 28.70187165 6.14706989 -0.00000095 -0.00000055 0.00000050 35.75475904 0.00000206 0.00000131 19.86526053 0.00000007 -0.00000341 -0.00000091 -15.85789273 0.00000000 0.00000000 0.00000000 0.00000000 0.00000000 0.00000000 -149.37054106 -62.25910820 131.21810253 0.00000258 0.00000295 22.17981766 4.72055098 -0.00000592 -0.00000519 0.00000132 31.72903143 0.00000209 0.00000235 16.07918398 0.00000230 0.00000003 0.00000023 -6.66867789 0.00000000 0.00000000 0.00000000 0.00000000 0.00000000 0.00000000 -17.94156585 -0.00000135 -0.00000079 -11.21070225 -67.51818070 7.50656781 0.00000331 0.00000092 69.35103525 -77.44574930 4.00227208 -3.20951276 -1.45600536 -19.51844298 0.25044160 -1.62391152 0.12153023 0.35931957 0.00000000 0.00000000 0.00000000 0.00000000 0.00000000 0.00000000 0.09494083 -1.17986708 -0.00097919 0.00000147 -0.00000141 -85.03048576 12.83111015 0.91199668 0.10255058 102.01867320 -85.80846061 -97.88747991 1.07067922 0.07897837 -0.23727659 0.00000000 0.00000000 0.00000000 0.00000000 0.00000000 0.00000000 -0.00000210 29.96569394 -0.00000000 -31.82154380 0.00000036 -0.00000164
41.95727408 -44.04393733 107.40257502 -289.03009245 6.63767853 -39.36054103 20.32781186 -52.35632508 -10.07303625 -0.00000263 0.00000398 30.75783652 7.67953004 -0.00000231 0.00000263 -0.00000018 37.41589972 -0.00000265 -0.00000059 23.31218809 0.00000040 -0.00000069 0.00000082 -18.18240577 0.00000000 0.00000000 0.00000000 0.00000000 0.00000000 0.00000000 -153.37193324 -59.12743163 134.70900235 0.00000092 -0.00000048 13.35467545 8.09336083 0.00000107 0.00000203 -0.00000031 28.96342099 0.00000251 0.00000266 20.23691986 0.00000100 -0.00000165 -0.00000199 -7.47747729 0.00000000 0.00000000 0.00000000 0.00000000 0.00000000 0.00000000 -12.16916413 0.00000010 0.00000186 -19.98486932 -76.75295381 15.88632482 -0.00000380 0.00000358 70.66607980 -85.25115929 4.08595296 -3.76083836 -1.08830994 -14.84083919 0.14174565 0.41384777 -0.02933016 -0.09208427 0.00000000 0.00000000 0.00000000 0.00000000 0.00000000 0.00000000 0.43618671 -5.40511823 -0.02059279 -0.00000129 0.00000206 -83.51762302 11.94959295 0.85029328 0.08898860 81.46354122 -85.85425343 -77.38557417 1.20312855 0.08905842 -0.26652851 0.00000000 0.00000000 0.00000000 0.00000000 0.00000000 0.00000000 -0.00000077 29.96569412 -0.00000267 -30.13816014 -0.00000075 0.00000059
41.79411530 -44.13542151 107.09044933 -291.47478902 5.93982521 -39.31720720 19.80038519 -51.65576855 -9.65737277 0.00000336 -0.00000217 29.66887989 5.65156688 0.00000067 0.00000063 0.00000292 37.69197182 -0.00000047 -0.00000202 25.45760279 0.00000153 0.00000180 -0.00000073 -19.09215723 0.00000000 0.00000000 0.00000000 0.00000000 0.00000000 0.00000000 -153.83401779 -58.71582778 135.10476595 0.00000006 0.00000057 8.68478532 14.29414130 0.00000033 0.00000038 -0.00000078 26.06666388 -0.00000054 0.00000237 25.10239349 -0.00000070 0.00000017 0.00000193 -7.64153044 0.00000000 0.00000000 0.00000000 0.00000000 0.00000000 0.00000000 -10.08762293 0.00000083 -0.00000112 -27.88045069 -80.23751615 23.62732343 0.00000209 -0.00000588 71.23032667 -88.34524327 4.09827525 -3.98168455 -0.94872127 -13.00669173 0.10815442 1.55831746 -0.10695487 -0.34776445 0.00000000 0.00000000 0.00000000 0.00000000 0.00000000 0.00000000 0.60336963 -7.45665891 -0.03931774 -0.00000140 0.00000025 -82.51793382 10.92668338 0.77844219 0.07445727 67.96507642 -85.57817405 -63.92443158 1.16849299 0.08641417 -0.25888070 0.00000000 0.00000000 0.00000000 0.00000000 0.00000000 0.00000000 -0.00000029 29.96569140 0.00000172 -29.31690602 -0.00000050 -0.00000054
41.63095355 -44.22690272 106.77832365 -293.91710739 5.24444006 -39.24407871 19.28905521 -50.95292777 -9.25828281 0.00000226 -0.00000307 28.57992384 3.62360303 0.00000134 0.00000012 -0.00000322 37.96804522 -0.00000203 0.00000224 27.60302116 -0.00000069 0.00000085 0.00000077 -20.00190203 0.00000000 0.00000000 0.00000000 0.00000000 0.00000000 0.00000000 -154.28527355 -58.30261192 135.48956184 0.00000004 -0.00000144 4.01489257 20.49492275 -0.00000166 0.00000205 -0.00000036 23.16990806 0.00000161 -0.00000437 29.96787296 -0.00000486 0.00000131 -0.00000317 -7.80559097 0.00000000 0.00000000 0.00000000 0.00000000 0.00000000 0.00000000 -8.00608512 0.00000172 0.00000039 -43.65915293 -83.35251135 39.25221436 0.00000124 0.00000361 71.79458205 -91.43936863 4.09868690 -4.20287592 -0.81118391 -11.17247053 0.07934354 2.70312910 -0.17945699 -0.60493887 0.00000000 0.00000000 0.00000000 0.00000000 0.00000000 0.00000000 0.77213086 -9.50813799 -0.06421514 -0.00000093 0.00000002 -81.51823300 9.90381499 0.70634615 0.06120178 56.58962629 -85.09200437 -52.58631977 1.13385862 0.08377937 -0.25123623 0.00000000 0.00000000 0.00000000 0.00000000 0.00000000 0.00000000 0.00000109 29.96569267 0.00000181 -28.49565377 -0.00000017 0.00000018
41.79002047 -44.28628385 106.60793781 -295.32440540 4.96793236 -39.29288870 18.58406022 -49.94396158 -8.71467257 0.00000202 -0.00000029 27.50007029 2.44118920 -0.00000233 -0.00000179 0.00000105 37.85336869 0.00000276 -0.00000009 27.92515222 -0.00000075 0.00000034 -0.00000189 -20.00190745 0.00000000 0.00000000 0.00000000 0.00000000 0.00000000 0.00000000 -153.48066344 -59.03160796 134.80228231 0.00000130 0.00000112 -2.00789915 29.34822869 -0.00000107 -0.00000169 0.00000087 18.68860180 0.00000180 -0.00000292 34.45633751 -0.00000006 0.00000045 -0.00000005 -8.80271512 0.00000000 0.00000000 0.00000000 0.00000000 0.00000000 0.00000000 -6.75262781 -0.00000022 0.00000027 -70.89424145 -85.13309717 66.35816191 -0.00000153 -0.00000361 73.05895825 -93.78161643 4.09108100 -4.37015822 -0.70828530 -9.78465265 0.06062663 3.49535543 -0.22660509 -0.78368827 0.00000000 0.00000000 0.00000000 0.00000000 0.00000000 0.00000000 0.93627125 -11.48008746 -0.09411481 -0.00000303 -0.00000063 -80.34034942 8.15228176 0.58236752 0.04150313 47.30141875 -84.42935872 -43.33659630 1.04538391 0.07706287 -0.23168852 0.00000000 0.00000000 0.00000000 0.00000000 0.00000000 0.00000000 0.00000228 29.96569235 -0.00000228 -27.79768159 0.00000009 0.00000183
41.94909036 -44.34566498 106.43756390 -296.73088095 4.69031593 -39.33486164 17.90805353 -48.93089821 -8.20108698 -0.00000087 -0.00000156 26.42020936 1.25876561 0.00000196 0.00000159 0.00000378 37.73868612 0.00000044 -0.00000301 28.24727981 0.00000105 0.00000082 0.00000299 -20.00192092 0.00000000 0.00000000 0.00000000 0.00000000 0.00000000 0.00000000 -152.64131734 -59.75540496 134.07985256 -0.00000020 -0.00000055 -8.03069458 38.20153887 0.00000280 0.00000084 -0.00000074 14.20729720 -0.00000115 0.00000098 38.94480031 0.00000033 0.00000056 -0.00000334 -9.79983607 0.00000000 0.00000000 0.00000000 0.00000000 0.00000000 0.00000000 -5.49916877 -0.00000051 0.00000149 -109.44125724 -85.12317109 104.77612703 -0.00000418 0.00000009 74.32334154 -96.12379842 4.07666323 -4.53698333 -0.60624470 -8.39680499 0.04450300 4.28772801 -0.27127560 -0.96307596 0.00000000 0.00000000 0.00000000 0.00000000 0.00000000 0.00000000 1.10272111 -13.45194236 -0.13005206 -0.00000428 0.00000187 -79.16245306 6.40082350 0.45785101 0.02560106 40.12543516 -83.65335753 -36.19911556 0.95690281 0.07037452 -0.21213471 0.00000000 0.00000000 0.00000000 0.00000000 0.00000000 0.00000000 -0.00000255 29.96569336 -0.00000068 -27.09970729 -0.00000064 -0.00000094
42.26175547 -44.25135851 106.43415451 -297.86871803 4.60931829 -39.64245669 16.91418867 -47.35554020 -7.46076394 -0.00000350 0.00000170 26.46542631 2.19671041 0.00000179 0.00000268 -0.00000285 36.62754027 -0.00000338 0.00000081 25.67465420 0.00000042 -0.00000082 0.00000036 -20.00193839 0.00000000 0.00000000 0.00000000 0.00000000 0.00000000 0.00000000 -152.15795758 -60.15611612 133.66143481 0.00000069 -0.00000004 -14.87499863 46.27102119 -0.00000031 -0.00000245 -0.00000042 12.34183405 0.00000148 0.00000285 38.97243934 -0.00000079 -0.00000003 0.00000152 -9.89897245 0.00000000 0.00000000 0.00000000 0.00000000 0.00000000 0.00000000 -4.15544346 0.00000145 -0.00000182 -109.72804646 -85.11451506 105.06187942 0.00000061 -0.00000106 76.43471559 -95.83693254 4.07879645 -4.51658521 -0.58425378 -8.09633321 0.04135003 5.14574312 -0.31683355 -1.15796402 0.00000000 0.00000000 0.00000000 0.00000000 0.00000000 0.00000000 1.25477113 -15.22531233 -0.16771035 0.00000132 0.00000145 -77.95551965 3.47595666 0.24900469 0.00755798 32.19762472 -82.33827890 -28.32977091 0.96937471 0.07131439 -0.21488712 0.00000000 0.00000000 0.00000000 0.00000000 0.00000000 0.00000000 -0.00000031 29.96569181 0.00000047 -26.39610953 0.00000013 0.00000060
42.57442057 -44.15704906 106.43074512 -299.00597202 4.52225237 -39.94833759 15.97808898 -45.77208885 -6.78095155 -0.00000149 -0.00000127 26.51064160 3.13464998 0.00000136 0.00000202 -0.00000446 35.51639585 -0.00000296 0.00000163 23.10203174 -0.00000144 -0.00000133 -0.00000065 -20.00195571 0.00000000 0.00000000 0.00000000 0.00000000 0.00000000 0.00000000 -151.66270448 -60.55502005 133.23100280 -0.00000062 0.00000197 -21.71930022 54.34050827 0.00000155 -0.00000180 -0.00000120 10.47636577 0.00000129 0.00000308 39.00008944 -0.00000048 -0.00000042 -0.00000299 -9.99811426 0.00000000 0.00000000 0.00000000 0.00000000 0.00000000 0.00000000 -2.81171842 -0.00000085 -0.00000336 -110.01385144 -85.10574387 105.34664562 -0.00000336 -0.00000062 78.54609900 -95.55006068 4.08082349 -4.49617328 -0.56229217 -7.79585749 0.03831138 6.00390294 -0.35947093 -1.35351583 0.00000000 0.00000000 0.00000000 0.00000000 0.00000000 0.00000000 1.40940893 -16.99857866 -0.21062838 -0.00000116 -0.00000054 -76.74857486 0.55117948 0.03950857 0.00019100 26.65278646 -80.92126760 -22.84348046 0.98184591 0.07225640 -0.21764242 0.00000000 0.00000000 0.00000000 0.00000000 0.00000000 0.00000000 0.00000308 29.96569193 0.00000141 -25.69251031 0.00000119 -0.00000128
43.13893914 -43.96809936 106.36224747 -300.47286658 3.70919037 -41.00982248 14.76440869 -43.56417398 -5.92756135 -0.00000099 0.00000352 28.00844502 3.93870966 -0.00000123 -0.00000003 -0.00000449 33.42630446 -0.00000231 0.00000441 18.43155354 0.00000056 -0.00000122 0.00000053 -19.84235341 0.00000000 0.00000000 0.00000000 0.00000000 0.00000000 0.00000000 -149.66312192 -62.05384335 131.47680628 -0.00000012 0.00000232 -28.25721214 57.22064713 0.00000220 0.00000083 -0.00000171 10.85514202 -0.00000070 -0.00000026 39.00008846 0.00000162 -0.00000117 -0.00000235 -9.99811489 0.00000000 0.00000000 0.00000000 0.00000000 0.00000000 0.00000000 -0.37582664 0.00000240 0.00000096 -110.01388038 -85.10574427 105.34667067 0.00000307 -0.00000055 81.92898052 -94.11865466 4.08942642 -4.39419530 -0.68109552 -9.41593524 0.05609387 5.10268526 -0.31461808 -1.14817030 0.00000000 0.00000000 0.00000000 0.00000000 0.00000000 0.00000000 1.39548134 -16.84021047 -0.20657688 0.00000227 0.00000443 -75.38899290 -3.84234562 -0.27521161 0.00923109 22.95423725 -79.58538278 -19.19803603 1.04417077 0.07696755 -0.23141888 0.00000000 0.00000000 0.00000000 0.00000000 0.00000000 0.00000000 0.00000069 29.96569089 0.00000090 -25.09826952 0.00000077 -0.00000214
43.70346069 -43.77914667 106.29374981 -301.92321230 2.86944595 -42.04924427 13.63681495 -41.34432441 -5.16627912 -0.00000363 0.00000070 29.50624250 4.74276117 0.00000146 0.00000057 0.00000669 31.33620917 0.00000202 -0.00000083 13.76107712 0.00000214 -0.00000320 0.00000072 -19.68275142 0.00000000 0.00000000 0.00000000 0.00000000 0.00000000 0.00000000 -147.45841936 -63.52079840 129.51591822 -0.00000035 -0.00000012 -34.79512482 60.10078610 0.00000053 -0.00000195 0.00000172 11.23391621 0.00000252 -0.00000130 39.00008586 -0.00000232 -0.00000049 0.00000207 -9.99811292 0.00000000 0.00000000 0.00000000 0.00000000 0.00000000 0.00000000 2.06006597 0.00000180 0.00000029 -110.01386590 -85.10574423 105.34666146 -0.00000243 0.00000073 85.31185075 -92.68722852 4.09548459 -4.29203908 -0.80101779 -11.03597136 0.07738471 4.20163623 -0.26654216 -0.94355754 0.00000000 0.00000000 0.00000000 0.00000000 0.00000000 0.00000000 1.38158366 -16.68183701 -0.20256945 -0.00000404 0.00000205 -74.02939977 -8.23610302 -0.58831696 0.04235918 20.09723704 -78.21666492 -16.39425650 1.10650119 0.08169896 -0.24518969 0.00000000 0.00000000 0.00000000 0.00000000 0.00000000 0.00000000 -0.00000023 29.96569315 0.00000082 -24.50402833 -0.00000084 -0.00000097
44.62538362 -42.32831597 106.34741783 -298.97084572 3.14445278 -43.74927743 11.90929629 -37.60193784 -4.06743380 -0.00000057 0.00000044 29.45026759 3.73031573 -0.00000079 0.00000028 0.00000053 28.00289504 0.00000125 -0.00000509 10.46066021 0.00000053 0.00000451 0.00000078 -13.55069257 0.00000000 0.00000000 0.00000000 0.00000000 0.00000000 0.00000000 -131.63765424 -70.27589330 114.92454126 -0.00000161 -0.00000482 -49.32873296 54.88918815 0.00000268 0.00000210 -0.00000253 8.53455082 -0.00000018 -0.00000147 39.00008902 -0.00000131 0.00000234 0.00000470 -9.19439268 0.00000000 0.00000000 0.00000000 0.00000000 0.00000000 0.00000000 0.19584310 -0.00000024 0.00000016 -110.01373925 -85.10574673 105.34653143 0.00000272 -0.00000169 88.16563791 -95.05369897 4.08409256 -4.46083652 -0.74657830 -10.30259947 0.06730675 2.51248602 -0.16774346 -0.56201284 0.00000000 0.00000000 0.00000000 0.00000000 0.00000000 0.00000000 1.20242187 -14.61798357 -0.15422954 0.00000189 -0.00000017 -72.14764504 -12.14499506 -0.86399013 0.09191283 18.41782527 -77.21731116 -14.75321298 1.27599777 0.09463433 -0.28261728 0.00000000 0.00000000 0.00000000 0.00000000 0.00000000 0.00000000 -0.00000057 29.96569482 0.00000016 -23.83711964 -0.00000089 -0.00000008
45.54730356 -40.87748230 106.40107393 -296.02699422 3.50641928 -45.43342139 10.34794829 -33.83679270 -3.15536398 -0.00000114 0.00000065 29.39428851 2.71786382 -0.00000136 -0.00000008 -0.00000581 24.66958053 -0.00000122 0.00000427 7.16024009 -0.00000072 -0.00000162 0.00000034 -7.41862949 0.00000000 0.00000000 0.00000000 0.00000000 0.00000000 0.00000000 -104.52999314 -74.52779751 89.02458431 -0.00000352 0.00000400 -63.86234267 49.67757550 0.00000290 -0.00000297 0.00000181 5.83519059 -0.00000080 0.00000006 39.00008563 -0.00000133 -0.00000220 0.00000218 -8.39067022 0.00000000 0.00000000 0.00000000 0.00000000 0.00000000 0.00000000 -1.66838066 0.00000002 0.00000007 -110.01373691 -85.10574904 105.34652833 -0.00000412 0.00000142 91.01942261 -97.42008225 4.06575980 -4.62901828 -0.69239492 -9.56921774 0.05795488 0.82403504 -0.05774352 -0.18354990 0.00000000 0.00000000 0.00000000 0.00000000 0.00000000 0.00000000 1.02661028 -12.55400144 -0.11292517 -0.00000580 -0.00000206 -70.26587606 -16.05444877 -1.13564348 0.16015841 16.97925075 -76.20885087 -13.35308986 1.44548447 0.10767889 -0.32000620 0.00000000 0.00000000 0.00000000 0.00000000 0.00000000 0.00000000 -0.00000023 29.96569219 0.00000205 -23.17021339 -0.00000086 0.00000024
47.57339358 -39.55668211 105.35409451 -290.74490385 4.47037806 -43.70250005 8.91572293 -30.04504801 -2.39721015 0.00000205 -0.00000078 25.69887002 -0.97846443 -0.00000007 -0.00000049 -0.00000210 23.85910791 -0.00000003 0.00000046 4.57473491 -0.00000057 0.00000317 -0.00000067 0.11823773 0.00000000 0.00000000 0.00000000 0.00000000 0.00000000 0.00000000 -30.20581924 -61.96078757 18.40748234 0.00000490 -0.00000235 -75.61842993 27.47830188 0.00000847 0.00000865 -0.00000598 14.95410989 -0.00000379 0.00000300 39.00009252 -0.00000155 0.00000022 0.00000028 -5.91250988 0.00000000 0.00000000 0.00000000 0.00000000 0.00000000 0.00000000 -7.37777030 -0.00000217 -0.00000240 -78.96445926 -85.31371677 74.40045369 -0.00000136 -0.00000233 95.07498666 -98.92104486 4.05054480 -4.73524762 -0.54756816 -7.59413354 0.03634322 1.57884406 -0.10830060 -0.35235858 0.00000000 0.00000000 0.00000000 0.00000000 0.00000000 0.00000000 0.81184317 -9.98750675 -0.07094010 -0.00000272 0.00000144 -71.99255634 -18.98476813 -1.33582614 0.22337283 20.15526410 -78.24827395 -16.45106210 1.56667700 0.11707430 -0.34671785 0.00000000 0.00000000 0.00000000 0.00000000 0.00000000 0.00000000 -0.00000171 29.96569410 0.00000178 -22.30365981 -0.00000062 -0.00000321
49.59948063 -38.23587894 104.30710316 -285.42911272 5.27074255 -41.88758152 7.58942857 -26.23893486 -1.77128048 0.00000117 -0.00000321 22.00345305 -4.67478728 0.00000001 -0.00000048 0.00000047 23.04863746 0.00000107 -0.00000181 1.98923005 -0.00000054 0.00000334 -0.00000203 7.65510651 0.00000000 0.00000000 0.00000000 0.00000000 0.00000000 0.00000000 -11.52138846 -36.70145880 3.83315606 -0.00000384 0.00000216 -87.37451195 5.27901756 0.00000143 0.00000309 -0.00000259 24.07303327 -0.00000285 0.00000111 39.00009163 0.00000203 0.00000055 -0.00000206 -3.43434871 0.00000000 0.00000000 0.00000000 0.00000000 0.00000000 0.00000000 -13.08716440 0.00000107 0.00000238 -52.94446034 -84.24299872 48.48368687 -0.00000304 0.00000039 99.13055663 -100.42193835 4.03256403 -4.84103421 -0.40407638 -5.61900082 0.01982633 2.33379977 -0.15663299 -0.52181636 0.00000000 0.00000000 0.00000000 0.00000000 0.00000000 0.00000000 0.60044219 -7.42087952 -0.03893864 -0.00000116 0.00000451 -73.71924112 -21.91556283 -1.53252062 0.29673652 24.62282738 -80.23823021 -20.84086374 1.68787026 0.12652750 -0.37340450 0.00000000 0.00000000 0.00000000 0.00000000 0.00000000 0.00000000 -0.00000360 29.96569210 0.00000206 -21.43710908 -0.00000051 -0.00000184
50.09067059 -38.13580275 103.62277031 -289.32454086 2.38126641 -43.62418792 7.17812068 -25.00134863 -1.59342148 -0.00000005 -0.00000010 25.59021632 -0.66662054 0.00000094 -0.00000039 0.00000192 24.09276454 -0.00000072 -0.00000267 -0.63980200 0.00000104 0.00000049 0.00000125 8.82660816 0.00000000 0.00000000 0.00000000 0.00000000 0.00000000 0.00000000 -8.44432849 -28.72474722 2.16588954 0.00000254 -0.00000147 -83.19917478 0.09382057 0.00000041 0.00000054 -0.00000140 32.01980677 0.00000101 0.00000094 39.00009089 -0.00000444 -0.00000114 -0.00000094 -6.14410606 0.00000000 0.00000000 0.00000000 0.00000000 0.00000000 0.00000000 -9.93404233 0.00000112 0.00000264 -14.18706308 -71.82594349 10.29961204 0.00000033 -0.00000288 106.86105308 -90.11980469 4.09996974 -4.10854378 -0.31722578 -4.41675449 0.01223478 5.17526291 -0.31835245 -1.16468344 0.00000000 0.00000000 0.00000000 0.00000000 0.00000000 0.00000000 0.23417914 -2.90805244 -0.00594519 -0.00000106 -0.00000079 -71.71234070 -28.51997609 -1.96017684 0.49823300 36.23035093 -83.08493464 -32.33002597 1.29547370 0.09612561 -0.28691340 0.00000000 0.00000000 0.00000000 0.00000000 0.00000000 0.00000000 -0.00000190 29.96569315 -0.00000207 -19.79640896 -0.00000064 -0.00000054
50.58186054 -38.03572357 102.93842554 -293.12767518 -0.61798794 -45.15924595 6.77502358 -23.76265222 -1.42700557 -0.00000307 0.00000358 29.17697721 3.34155666 0.00000011 0.00000057 -0.00000308 25.13689240 -0.00000030 -0.00000048 -3.26883124 -0.00000038 0.00000460 -0.00000110 9.99811332 0.00000000 0.00000000 0.00000000 0.00000000 0.00000000 0.00000000 -5.80753825 -20.68834726 1.06091223 0.00000220 0.00000024 -79.02383516 -5.09137806 0.00000159 0.00000119 0.00000300 39.96657736 0.00000231 -0.00000017 39.00009019 0.00000161 0.00000025 -0.00000069 -8.85387338 0.00000000 0.00000000 0.00000000 0.00000000 0.00000000 0.00000000 -6.78091620 0.00000077 0.00000071 -7.38800573 -57.96560585 4.09627409 0.00000161 0.00000160 114.59155955 -79.81763457 4.03561746 -3.37577632 -0.23065960 -3.21449913 0.00646993 8.01841080 -0.44799214 -1.81478112 0.00000000 0.00000000 0.00000000 0.00000000 0.00000000 0.00000000 -0.12915749 1.60488865 -0.00181044 -0.00000119 -0.00000013 -69.70543495 -35.12765766 -2.36182347 0.74767095 60.88866004 -85.30968913 -56.87029859 0.90303569 0.06631797 -0.20021880 0.00000000 0.00000000 0.00000000 0.00000000 0.00000000 0.00000000 0.00000100 29.96569410 -0.00000176 -18.15570806 -0.00000027 -0.00000140
51.13247633 -37.83767521 102.41250992 -297.31075858 -4.17975013 -46.25886117 6.08163165 -21.57350693 -1.15972532 -0.00000491 0.00000124 32.92831263 8.18642283 0.00000125 0.00000145 0.00000249 27.06107630 0.00000045 -0.00000399 -5.99345912 0.00000085 0.00000211 -0.00000040 9.99811354 0.00000000 0.00000000 0.00000000 0.00000000 0.00000000 0.00000000 -5.43227015 -19.45881662 0.93210342 -0.00000076 0.00000198 -73.44665444 -2.64506019 0.00000080 0.00000278 0.00000212 44.91622903 0.00000100 0.00000345 39.00009247 0.00000038 -0.00000031 -0.00000095 -8.27848975 0.00000000 0.00000000 0.00000000 0.00000000 0.00000000 0.00000000 -2.16115083 -0.00000135 0.00000108 -7.66590742 -58.90372675 4.33306761 -0.00000130 -0.00000285 114.59155517 -86.37518478 4.09180329 -3.84098515 0.24812392 3.45728636 0.00748678 7.65473018 -0.43321194 -1.73129654 0.00000000 0.00000000 0.00000000 0.00000000 0.00000000 0.00000000 -0.26974812 3.34880574 -0.00788651 -0.00000211 -0.00000001 -68.34013809 -37.71003483 -2.51050239 0.85745561 77.43310886 -85.79974423 -73.36581546 1.12518455 0.08311845 -0.24931664 0.00000000 0.00000000 0.00000000 0.00000000 0.00000000 0.00000000 -0.00000058 29.96569420 0.00000131 -16.27327764 -0.00000003 -0.00000221
51.68309808 -37.63962686 101.88659430 -301.45190223 -7.81182812 -47.10075382 5.40889811 -19.38157751 -0.92432959 -0.00000392 0.00000374 36.67964818 13.03129655 -0.00000012 0.00000049 -0.00000380 28.98526060 -0.00000142 0.00000415 -8.71808724 -0.00000073 0.00000045 -0.00000066 9.99811395 0.00000000 0.00000000 0.00000000 0.00000000 0.00000000 0.00000000 -5.06265345 -18.22852282 0.81271523 0.00000174 -0.00000035 -67.86945631 -0.19874078 -0.00000044 -0.00000199 -0.00000099 49.86589215 0.00000439 -0.00000202 39.00008926 -0.00000434 0.00000100 -0.00000078 -7.70310622 0.00000000 0.00000000 0.00000000 0.00000000 0.00000000 0.00000000 2.45861294 -0.00000040 0.00000160 -7.95931921 -59.84122287 4.58555415 0.00000029 -0.00000051 114.59155855 -92.93321325 4.09462440 -4.30960433 0.73371783 10.12883117 0.06502622 7.29107619 -0.41790855 -1.64790646 0.00000000 0.00000000 0.00000000 0.00000000 0.00000000 0.00000000 -0.41083747 5.09270131 -0.01826953 0.00000134 0.00000045 -66.97484992 -40.29299121 -2.65407792 0.97385024 96.32020545 -85.87503859 -92.20398468 1.34731884 0.10010838 -0.29835251 0.00000000 0.00000000 0.00000000 0.00000000 0.00000000 0.00000000 0.00000052 29.96569333 0.00000139 -14.39084663 -0.00000016 0.00000052
51.77763104 -37.97135353 101.27744675 -305.65793720 -9.70421002 -47.58535239 5.40716622 -19.37585188 -0.92375571 0.00000010 0.00000193 39.34773558 15.75832499 -0.00000063 -0.00000073 0.00000057 30.72946155 0.00000014 0.00000267 -10.75344486 -0.00000092 0.00000076 -0.00000051 9.99811425 0.00000000 0.00000000 0.00000000 0.00000000 0.00000000 0.00000000 -4.79722587 -17.33367054 0.73165601 -0.00000038 -0.00000149 -64.01955370 -1.55995720 0.00000047 -0.00000036 0.00000070 54.75384233 0.00000123 -0.00000327 39.00009164 -0.00000137 0.00000124 -0.00000264 -6.52296980 0.00000000 0.00000000 0.00000000 0.00000000 0.00000000 0.00000000 6.73167187 -0.00000301 0.00000105 -10.57028832 -66.31758300 6.91739074 0.00000379 -0.00000352 114.59155764 -103.52307121 3.98668226 -5.05793113 0.91434193 12.55056565 0.10054770 5.70998185 -0.34519786 -1.28646965 0.00000000 0.00000000 0.00000000 0.00000000 0.00000000 0.00000000 -0.58754763 7.26327117 -0.03729406 -0.00000063 0.00000261 -65.97657408 -44.38970461 -2.87057556 1.17136667 113.19822424 -85.54076403 -109.03542131 1.85453077 0.13962031 -0.41007902 0.00000000 0.00000000 0.00000000 0.00000000 0.00000000 0.00000000 -0.00000099 29.96569238 -0.00000108 -13.43745715 -0.00000059 -0.00000093
51.87216401 -38.30307722 100.66831112 -309.87396365 -11.62665241 -47.93001835 5.40542721 -19.37011774 -0.92317866 0.00000257 -0.00000221 42.01582261 18.48535941 -0.00000008 -0.00000019 0.00000187 32.47366334 -0.00000016 -0.00000345 -12.78880285 0.00000153 0.00000437 -0.00000055 9.99811345 0.00000000 0.00000000 0.00000000 0.00000000 0.00000000 0.00000000 -4.53437699 -16.43846686 0.65530303 -0.00000072 0.00000142 -60.16965745 -2.92117531 -0.00000059 -0.00000150 -0.00000133 59.64179357 -0.00000032 0.00000248 39.00009087 0.00000428 -0.00000098 0.00000072 -5.34282669 0.00000000 0.00000000 0.00000000 0.00000000 0.00000000 0.00000000 11.00472964 -0.00000123 0.00000025 -14.98912797 -72.71978309 11.06361795 0.00000032 -0.00000250 114.59155416 -114.10842710 3.74341963 -5.77348360 1.09839299 14.97217572 0.14433884 4.12939092 -0.26254684 -0.92718261 0.00000000 0.00000000 0.00000000 0.00000000 0.00000000 0.00000000 -0.76598247 9.43377669 -0.06320226 0.00000155 -0.00000143 -64.97830355 -48.48791553 -3.07242918 1.38390430 126.75284725 -84.88771256 -122.54344169 2.36166134 0.18011806 -0.52145197 0.00000000 0.00000000 0.00000000 0.00000000 0.00000000 0.00000000 0.00000047 29.96569220 0.00000249 -12.48406891 0.00000078 -0.00000253
52.75854468 -38.86509836 99.49964881 -315.60042911 -16.74493728 -49.94216170 5.02268503 -18.09438272 -0.80025273 0.00000022 0.00000079 49.26222710 21.41125119 -0.00000067 -0.00000145 0.00000388 37.94607791 0.00000158 -0.00000322 -16.02088242 0.00000000 0.00000288 -0.00000010 9.99811426 0.00000000 0.00000000 0.00000000 0.00000000 0.00000000 0.00000000 -2.31583358 -8.57584215 0.17366269 -0.00000096 -0.00000014 -52.02845153 -8.96339885 0.00000101 0.00000190 -0.00000081 68.17028005 -0.00000215 -0.00000215 39.00009145 -0.00000105 0.00000261 0.00000058 -4.89435753 0.00000000 0.00000000 0.00000000 0.00000000 0.00000000 0.00000000 16.47573953 0.00000102 0.00000077 -35.34203924 -82.08146871 31.00146176 -0.00000022 0.00000309 114.59156235 -127.75569930 3.24363612 -6.60903856 1.09839357 14.97217452 0.14433948 3.15494913 -0.20665256 -0.70680601 0.00000000 0.00000000 0.00000000 0.00000000 0.00000000 0.00000000 -1.15924968 14.11452327 -0.14351933 -0.00000041 -0.00000130 -62.42789506 -50.89138409 -3.18355203 1.51506736 138.13283369 -83.86984130 -133.86950567 2.16088742 0.16396652 -0.47739871 0.00000000 0.00000000 0.00000000 0.00000000 0.00000000 0.00000000 0.00000102 29.96569125 0.00000383 -11.47186886 0.00000062 -0.00000001
52.21851468 -40.42296708 97.91885018 -322.48336617 -18.12892501 -50.50398686 6.55531176 -23.07691144 -1.33967549 -0.00000060 0.00000281 55.38133740 24.64128616 -0.00000021 -0.00000039 -0.00000729 42.78730656 -0.00000259 0.00000117 -19.64199245 0.00000074 0.00000415 -0.00000101 9.99811321 0.00000000 0.00000000 0.00000000 0.00000000 0.00000000 0.00000000 -1.19462938 -4.44912984 0.04640956 -0.00000038 -0.00000125 -45.96756195 -16.32568414 0.00000279 0.00000165 0.00000328 74.22045731 0.00000773 0.00000207 39.00009179 0.00000041 -0.00000273 -0.00000161 -8.40266608 0.00000000 0.00000000 0.00000000 0.00000000 0.00000000 0.00000000 20.72233100 0.00000085 0.00000195 -110.01088077 -85.10583610 105.34368169 -0.00000334 0.00000344 114.59155927 -139.48590763 2.66611743 -7.21584810 0.93652057 12.84499783 0.10542279 3.44966301 -0.22395356 -0.77336137 0.00000000 0.00000000 0.00000000 0.00000000 0.00000000 0.00000000 -1.33626248 16.16377107 -0.18975461 0.00000102 0.00000098 -60.77770374 -58.58398522 -3.50057057 1.96419598 152.03361653 -81.30949088 -147.65871715 2.08274111 0.15772092 -0.46023862 0.00000000 0.00000000 0.00000000 0.00000000 0.00000000 0.00000000 0.00000011 29.96569195 0.00000096 -10.00145167 0.00000060 0.00000027
51.95609927 -41.81084931 96.88387513 -327.26856494 -19.96651129 -50.92391237 7.71906735 -26.62343681 -1.82898816 0.00000172 -0.00000169 60.08059169 24.30819087 0.00000006 0.00000089 -0.00000040 46.02771466 -0.00000103 -0.00000227 -20.50652366 0.00000043 0.00000284 -0.00000104 9.99811389 0.00000000 0.00000000 0.00000000 0.00000000 0.00000000 0.00000000 0.58372006 2.17738702 0.01109336 -0.00000130 -0.00000044 -36.94123241 -21.36637920 0.00000165 -0.00000085 0.00000899 76.88327701 0.00001172 -0.00000217 39.00009180 -0.00000019 -0.00000063 -0.00000102 -9.99469168 0.00000000 0.00000000 0.00000000 0.00000000 0.00000000 0.00000000 22.69056738 0.00000041 0.00000188 -110.01387830 -85.10574535 105.34667077 0.00000033 -0.00000179 114.59155932 -148.59965149 2.13880731 -7.59869201 -0.05033303 -0.70215066 0.00030851 10.78045219 -0.54285827 -2.45145939 0.00000000 0.00000000 0.00000000 0.00000000 0.00000000 0.00000000 -1.42112606 17.13165354 -0.21407216 0.00000130 0.00000105 -58.73786448 -59.98657638 -3.55171598 2.05047092 159.08030682 -78.64861142 -154.60003822 1.77969314 0.13372817 -0.39361858 0.00000000 0.00000000 0.00000000 0.00000000 0.00000000 0.00000000 0.00000203 29.96569193 -0.00000098 -7.76365194 0.00000080 0.00000238
51.15087032 -43.29872131 96.35446668 -332.97266300 -20.75424112 -51.15792226 9.17910020 -30.76708694 -2.53051318 0.00000086 0.00000255 63.81859659 23.85085334 -0.00000110 -0.00000060 0.00000516 46.33769199 0.00000220 0.00000237 -19.87348961 -0.00000033 -0.00000285 0.00000031 9.99811375 0.00000000 0.00000000 0.00000000 0.00000000 0.00000000 0.00000000 1.49100926 5.54650634 0.07222726 0.00000067 0.00000093 -25.20424788 -22.66347111 0.00000150 0.00000224 0.00000500 75.70070038 0.00000697 -0.00000225 39.00008953 -0.00000371 0.00000046 -0.00000218 -9.99811302 0.00000000 0.00000000 0.00000000 0.00000000 0.00000000 0.00000000 23.11165041 -0.00000096 0.00000077 -110.01386040 -85.10574527 105.34665173 0.00000158 -0.00000115 114.59155766 -150.06388575 2.04865559 -7.65218985 -1.81350596 -23.82106154 0.38254456 24.98640870 -0.54236239 -5.75256100 0.00000000 0.00000000 0.00000000 0.00000000 0.00000000 0.00000000 -1.42112805 17.13165409 -0.21406913 0.00000027 -0.00000027 -56.71915178 -60.01657690 -3.55278808 2.05232452 163.74620177 -75.63530248 -159.15063274 1.20649874 0.08931611 -0.26727441 0.00000000 0.00000000 0.00000000 0.00000000 0.00000000 0.00000000 -0.00000101 29.92153304 -0.00000091 -5.73465887 -0.00000005 0.00000071
50.36284924 -44.36053932 95.72731853 -338.68527563 -21.60293295 -50.92304684 10.40593802 -33.98340540 -3.18771537 -0.00000213 0.00000036 66.97999704 23.89323922 0.00000064 0.00000151 -0.00000321 46.66565838 -0.00000310 -0.00000155 -19.58601190 0.00000152 0.00000002 0.00000008 9.99811362 0.00000000 0.00000000 0.00000000 0.00000000 0.00000000 0.00000000 2.26167099 8.37825356 0.16567477 -0.00000066 -0.00000075 -14.05107883 -22.13242164 0.00000018 -0.00000167 -0.00000225 71.70662454 -0.00000069 0.00000079 39.00008862 0.00000095 0.00000002 -0.00000035 -9.99811232 0.00000000 0.00000000 0.00000000 0.00000000 0.00000000 0.00000000 22.23268830 0.00000008 0.00000018 -110.01387277 -85.10574696 105.34666342 0.00000085 -0.00000316 114.59155663 -150.06388772 2.04865808 -7.65218950 -3.93668882 -43.76459341 1.58164728 38.91117821 0.24601326 -8.89644428 0.00000000 0.00000000 0.00000000 0.00000000 0.00000000 0.00000000 -1.42112761 17.13165238 -0.21407207 0.00000026 -0.00000020 -54.59403293 -58.57023922 -3.50005057 1.96336186 167.22558434 -72.03832213 -162.49420572 -0.39839355 -0.02824842 0.08864488 0.00000000 0.00000000 0.00000000 0.00000000 0.00000000 0.00000000 -0.00000119 29.85859804 -0.00000411 -4.19794120 0.00000012 0.00000445
49.62502718 -44.82902884 94.91477609 -343.82386619 -22.11032606 -49.27160654 11.12501956 -35.75771235 -3.59888317 0.00000168 -0.00000135 68.24147668 24.64084421 -0.00000077 0.00000165 -0.00000555 48.01027669 -0.00000262 -0.00000071 -19.63335274 -0.00000026 0.00000154 0.00000051 9.99811371 0.00000000 0.00000000 0.00000000 0.00000000 0.00000000 0.00000000 3.15917912 11.62218256 0.32159596 -0.00000032 -0.00000069 -5.23710695 -20.84030871 -0.00000020 0.00000075 -0.00000532 65.85539013 -0.00000598 0.00000099 39.00009230 0.00000022 -0.00000290 0.00000154 -9.99811334 0.00000000 0.00000000 0.00000000 0.00000000 0.00000000 0.00000000 19.21709431 0.00000042 -0.00000189 -110.01386200 -85.10574302 105.34665356 0.00000163 0.00000048 114.59155853 -150.06388415 2.04865368 -7.65219063 -7.40900327 -60.93153069 4.36225098 47.78849329 1.13908147 -10.77085232 0.00000000 0.00000000 0.00000000 0.00000000 0.00000000 0.00000000 -1.42112687 17.13165292 -0.21406773 -0.00000009 0.00000032 -54.12533891 -54.27171265 -3.33028216 1.70717403 169.29233740 -68.90347433 -164.44281161 -2.16457742 -0.14599383 0.48378123 0.00000000 0.00000000 0.00000000 0.00000000 0.00000000 0.00000000 -0.00000004 29.93169168 0.00000235 -2.41821333 0.00000026 -0.00000106
48.55535328 -45.24236917 94.05519962 -349.40203681 -21.96352912 -46.31155647 11.68903375 -37.09341906 -3.93380491 0.00000051 -0.00000114 68.12412756 26.18825891 -0.00000052 -0.00000070 0.00000446 49.55278675 0.00000172 -0.00000423 -19.56131158 0.00000189 0.00000167 0.00000010 9.99811346 0.00000000 0.00000000 0.00000000 0.00000000 0.00000000 0.00000000 3.80643100 13.91515349 0.46467847 0.00000007 0.00000054 0.92899114 -19.67409368 -0.00000062 0.00000075 0.00000251 59.80093458 0.00000172 -0.00000069 38.53367140 0.00000099 -0.00000059 0.00000023 -9.99811367 0.00000000 0.00000000 0.00000000 0.00000000 0.00000000 0.00000000 14.98268705 0.00000110 0.00000370 -110.01382557 -85.10574572 105.34661898 0.00000186 -0.00000249 114.59155629 -150.06382795 2.04865594 -7.65219040 -17.31730689 -76.46034797 13.68157689 50.62343181 1.48488636 -11.33904718 0.00000000 0.00000000 0.00000000 0.00000000 0.00000000 0.00000000 -1.42112046 17.13157764 -0.21406961 0.00000012 0.00000077 -54.26360936 -49.04099058 -3.09848775 1.41367495 171.13877459 -65.04594419 -166.14313965 -4.20381532 -0.26666138 0.94405269 0.00000000 0.00000000 0.00000000 0.00000000 0.00000000 0.00000000 -0.00000063 29.96569228 -0.00000209 0.35506994 -0.00000039 -0.00000137
46.38568163 -46.62253261 93.58028769 -356.58408146 -21.63640789 -44.06232151 13.06054087 -40.14331689 -4.79013466 -0.00000259 -0.00000145 69.64883771 27.70334639 0.00000084 0.00000265 0.00000148 48.64860281 0.00000090 -0.00000043 -17.12734493 0.00000017 -0.00000104 -0.00000047 9.99811393 0.00000000 0.00000000 0.00000000 0.00000000 0.00000000 0.00000000 4.09482527 14.92229174 0.53649328 -0.00000003 0.00000010 6.59117401 -20.12064777 -0.00000009 0.00000155 0.00000083 53.63820436 0.00000074 -0.00000005 38.91499433 0.00000029 -0.00000210 0.00000254 -9.99811403 0.00000000 0.00000000 0.00000000 0.00000000 0.00000000 0.00000000 12.00551836 -0.00000101 -0.00000232 -110.01384551 -85.10574353 105.34663614 -0.00000201 -0.00000001 114.59155937 -141.57500576 2.55076427 -7.31093317 -53.23722821 -84.88705612 49.24671708 47.39906941 1.09381755 -10.69154192 0.00000000 0.00000000 0.00000000 0.00000000 0.00000000 0.00000000 -1.27560361 15.46604254 -0.17322387 0.00000015 0.00000045 -51.67542099 -42.75718724 -2.78600784 1.09080662 173.01877374 -59.47007614 -167.80904086 -6.04239532 -0.36131482 1.36230304 0.00000000 0.00000000 0.00000000 0.00000000 0.00000000 0.00000000 0.00000171 29.91670714 0.00000451 4.70479172 -0.00000021 -0.00000125
42.91194081 -48.65750670 92.61852503 -365.60521732 -21.41586774 -41.68616188 15.89717480 -45.63046840 -6.72304587 0.00000239 0.00000104 72.53345244 28.07463719 -0.00000168 -0.00000232 0.00000186 47.03540094 0.00000325 0.00000293 -13.69439804 -0.00000166 -0.00000047 -0.00000031 9.99811382 0.00000000 0.00000000 0.00000000 0.00000000 0.00000000 0.00000000 3.80186131 13.89912195 0.46357627 -0.00000087 0.00000014 10.64296236 -21.47407070 -0.00000103 0.00000016 -0.00000271 50.38454083 -0.00000146 -0.00000120 39.00009015 -0.00000098 0.00000131 -0.00000146 -9.76163616 0.00000000 0.00000000 0.00000000 0.00000000 0.00000000 0.00000000 10.06183198 -0.00000098 -0.00000659 -110.01384477 -85.10574188 105.34663598 0.00000498 -0.00000025 114.59155715 -125.41539512 3.34328559 -6.47456858 -91.83310225 -85.89792975 87.72843144 46.99980619 1.04797680 -10.60992442 0.00000000 0.00000000 0.00000000 0.00000000 0.00000000 0.00000000 -0.79038700 9.72869880 -0.06726221 -0.00000018 0.00000001 -48.44942975 -32.29721783 -2.19334018 0.63516190 174.07975146 -55.20246241 -168.70285193 -6.00994175 -0.35975745 1.35489446 0.00000000 0.00000000 0.00000000 0.00000000 0.00000000 0.00000000 0.00000175 29.66629828 0.00000145 11.04829697 -0.00000026 0.00000111
39.56326246 -49.07700121 91.53294563 -373.33971454 -20.39589692 -38.81462133 18.29706096 -49.51945207 -8.49568038 -0.00000129 -0.00000098 73.65177906 29.41689217 -0.00000023 0.00000153 -0.00000145 46.64922341 -0.00000053 -0.00000181 -11.78055201 0.00000012 0.00000213 -0.00000041 9.99811406 0.00000000 0.00000000 0.00000000 0.00000000 0.00000000 0.00000000 3.74067413 13.68420976 0.44899395 0.00000099 -0.00000007 13.16707453 -22.07803790 -0.00000045 -0.00000043 0.00000088 46.19399948 0.00000060 0.00000002 34.44454737 0.00000033 -0.00000053 0.00000081 3.16604482 0.00000000 0.00000000 0.00000000 0.00000000 0.00000000 0.00000000 7.37407779 -0.00000036 0.00000021 -110.01385017 -85.10574474 105.34664290 -0.00000206 -0.00000294 114.59155927 -109.07783143 3.87549285 -5.43904436 -110.54971647 -85.62245092 106.39478010 48.17950781 1.18507712 -10.85019109 0.00000000 0.00000000 0.00000000 0.00000000 0.00000000 0.00000000 -0.20832595 2.58749852 -0.00470391 -0.00000066 0.00000048 -46.13463180 -19.77829818 -1.38945729 0.24224098 174.28153839 -54.26902275 -168.86761472 -5.70160071 -0.34478579 1.28455905 0.00000000 0.00000000 0.00000000 0.00000000 0.00000000 0.00000000 0.00000027 28.98011755 0.00000147 17.59377590 0.00000054 -0.00000059
34.71929431 -48.65484238 90.15522003 -382.33549941 -18.13182433 -35.39926605 22.35655313 -54.83742566 -11.70633295 0.00000101 0.00000007 74.05708350 30.81571518 0.00000017 -0.00000025 0.00000157 45.64100567 -0.00000039 -0.00000467 -8.35861742 0.00000058 0.00000591 -0.00000091 9.99811321 0.00000000 0.00000000 0.00000000 0.00000000 0.00000000 0.00000000 2.43028757 8.99266652 0.19113998 0.00000013 -0.00000019 10.79222416 -24.94240959 0.00000066 -0.00000096 -0.00000024 49.98374204 -0.00000005 0.00000300 7.91296497 0.00000080 -0.00000252 0.00000029 8.39701728 0.00000000 0.00000000 0.00000000 0.00000000 0.00000000 0.00000000 6.36388755 -0.00000093 -0.00000158 -110.01389516 -85.10574262 105.34668660 -0.00000288 0.00000152 105.97629842 -92.30416509 4.09667444 -4.26467720 -41.12732474 -83.78039507 37.19498953 47.82217988 1.14301841 -10.77769850 0.00000000 0.00000000 0.00000000 0.00000000 0.00000000 0.00000000 0.66111552 -8.16108325 -0.04716243 0.00000184 -0.00000055 -42.40119245 -5.78263077 -0.41379034 0.02090171 173.82417845 -56.32442250 -168.49155320 -4.41150374 -0.27802701 0.99114994 0.00000000 0.00000000 0.00000000 0.00000000 0.00000000 0.00000000 0.00000060 26.64088470 0.00000352 25.93014934 0.00000052 -0.00000076
29.62734103 -45.27004063 88.35908175 -392.97852681 -14.40250698 -29.09118086 26.68263597 -59.17529728 -15.33786160 0.00000166 -0.00000079 70.35861259 26.62071539 0.00000051 -0.00000057 0.00000241 47.48168516 0.00000108 -0.00000087 -3.25138734 0.00000075 -0.00000129 0.00000040 9.99811390 0.00000000 0.00000000 0.00000000 0.00000000 0.00000000 0.00000000 -0.42046360 -1.56878491 0.00576044 -0.00000012 -0.00000039 5.07332444 -20.96571040 0.00000041 -0.00000094 -0.00000318 54.24334157 -0.00000276 -0.00000111 -6.11649867 0.00000074 0.00000458 -0.00000147 16.28784882 0.00000000 0.00000000 0.00000000 0.00000000 0.00000000 0.00000000 10.54333607 0.00000102 0.00000519 -11.49150009 -68.00818407 7.76648312 0.00000154 -0.00000043 67.49859557 -49.09584442 3.10105503 -1.41663771 -6.14329564 -56.18526173 3.28144660 33.31931219 -0.16264149 -7.65650908 0.00000000 0.00000000 0.00000000 0.00000000 0.00000000 0.00000000 1.26525451 -15.34650857 -0.17047471 -0.00000010 0.00000116 -39.89174872 1.41446581 0.10137945 0.00125235 173.65125890 -57.04769294 -168.34704160 -3.67654230 -0.23703853 0.82465196 0.00000000 0.00000000 0.00000000 0.00000000 0.00000000 0.00000000 0.00000050 22.58920201 0.00000016 31.87176293 0.00000146 -0.00000062
29.00099158 -40.96386433 87.68585920 -400.23572253 -11.44930746 -21.05128437 24.24045351 -56.87025642 -13.26575400 -0.00000141 0.00000168 60.60818349 15.95965322 -0.00000027 -0.00000015 -0.00000084 52.64178562 -0.00000058 -0.00000103 1.85188961 -0.00000037 -0.00000182 -0.00000005 6.80376502 0.00000000 0.00000000 0.00000000 0.00000000 0.00000000 0.00000000 -2.33138030 -8.63252647 0.17598620 -0.00000264 0.00000091 -3.20723422 -13.74180881 -0.00000017 -0.00000073 0.00000348 54.31938999 0.00000309 -0.00000290 -13.38885792 0.00000032 -0.00000061 0.00000087 19.50854919 0.00000000 0.00000000 0.00000000 0.00000000 0.00000000 0.00000000 10.72424407 -0.00000029 0.00000079 -2.96433496 -32.73082826 0.87068278 -0.00000071 0.00000046 56.53423202 -7.94422008 0.56760396 -0.03941323 -11.51322345 -70.24519496 8.11219640 14.92715416 -0.62739690 -3.41367967 0.00000000 0.00000000 0.00000000 0.00000000 0.00000000 0.00000000 1.65747676 -19.77333405 -0.28889803 -0.00000047 -0.00000077 -38.66861113 9.60734878 0.68540523 0.05760550 174.08678812 -55.17058423 -168.70862871 -3.86168834 -0.24756442 0.86655087 0.00000000 0.00000000 0.00000000 0.00000000 0.00000000 0.00000000 -0.00000239 21.72467414 -0.00000065 34.80939353 -0.00000135 -0.00000028
28.93237770 -39.29184377 87.63985038 -406.61069036 -9.76373056 -15.88506701 22.44963163 -54.94366177 -11.78247548 -0.00000142 -0.00000036 51.59955298 0.42339292 0.00000214 -0.00000034 0.00000101 54.51962251 0.00000099 -0.00000043 8.25779926 0.00000015 0.00000010 -0.00000091 -8.56153721 0.00000000 0.00000000 0.00000000 0.00000000 0.00000000 0.00000000 -3.65543645 -13.38415516 0.42904728 0.00000002 0.00000022 -7.01489623 -6.86057207 -0.00000054 0.00000025 0.00000191 53.43443502 0.00000086 0.00000159 -17.26362519 -0.00000029 -0.00000557 0.00000197 19.79073991 0.00000000 0.00000000 0.00000000 0.00000000 0.00000000 0.00000000 11.11731989 -0.00000012 0.00000029 -1.20999942 -14.70606681 0.15614883 0.00000122 0.00000023 52.69641699 7.73106511 -0.55247025 -0.03733072 -52.14544422 -84.81267404 48.15934193 10.96749953 -0.54817531 -2.49472390 0.00000000 0.00000000 0.00000000 0.00000000 0.00000000 0.00000000 2.01836187 -23.64094513 -0.42245153 -0.00000007 0.00000097 -33.61217866 16.77541079 1.18519447 0.17475788 174.34384098 -53.97198633 -168.91809450 -3.76198777 -0.24191219 0.84398712 0.00000000 0.00000000 0.00000000 0.00000000 0.00000000 0.00000000 0.00000259 19.96251660 0.00000100 37.86215813 0.00000123 0.00000055
28.21399570 -37.69605160 87.47053146 -410.33841818 -6.91781998 -12.29359730 21.77076530 -54.15411633 -11.22944938 0.00000179 0.00000157 41.72969558 -12.35553890 -0.00000121 0.00000025 0.00000069 54.37197328 0.00000042 -0.00000007 14.54362287 -0.00000138 0.00000004 0.00000038 -19.12351275 0.00000000 0.00000000 0.00000000 0.00000000 0.00000000 0.00000000 -5.55142689 -19.85138181 0.97218249 0.00000297 0.00000148 -9.75981648 -2.54687841 -0.00000026 -0.00000103 -0.00000275 54.57737775 -0.00000115 0.00000407 -18.31900859 -0.00000130 -0.00000448 0.00000164 18.42938424 0.00000000 0.00000000 0.00000000 0.00000000 0.00000000 0.00000000 9.98418851 0.00000044 0.00000075 -0.25310639 -3.14263916 0.00694306 0.00000170 0.00000021 47.54259653 15.23802926 -1.07931077 -0.14438062 -158.88262115 -78.74748811 154.40618248 9.95593660 -0.51775674 -2.26095728 0.00000000 0.00000000 0.00000000 0.00000000 0.00000000 0.00000000 2.37327942 -27.23371835 -0.57497249 0.00000119 -0.00000111 -27.48540353 21.41620752 1.49928493 0.28353028 174.44317776 -53.48930947 -168.99818584 -3.43443576 -0.22306612 0.76991880 0.00000000 0.00000000 0.00000000 0.00000000 0.00000000 0.00000000 -0.00000110 18.73490999 -0.00000048 41.30170071 0.00000025 -0.00000037
27.26980448 -35.81768572 87.49956489 -413.03872506 -3.65100693 -9.65258737 21.92206750 -54.33306961 -11.35223200 -0.00000102 0.00000049 33.88153553 -20.31442121 0.00000024 0.00000018 0.00000060 53.47817707 0.00000046 0.00000140 18.78638795 -0.00000012 0.00000015 -0.00000019 -20.00140508 0.00000000 0.00000000 0.00000000 0.00000000 0.00000000 0.00000000 -7.67613425 -26.49639619 1.80979192 0.00000200 -0.00000152 -11.23468972 1.25672338 -0.00000078 -0.00000090 0.00000524 55.22383288 0.00000585 -0.00000210 -17.66940547 0.00000021 -0.00000013 0.00000021 18.00367200 0.00000000 0.00000000 0.00000000 0.00000000 0.00000000 0.00000000 9.22780972 0.00000015 0.00000014 0.07372501 0.91624455 0.00058894 0.00000024 0.00000095 42.23789892 14.28131743 -1.01301890 -0.12691174 -168.14159051 -70.77017403 163.36244313 10.38348651 -0.53111956 -2.35969823 0.00000000 0.00000000 0.00000000 0.00000000 0.00000000 0.00000000 2.62052547 -29.60769214 -0.69267339 0.00000044 -0.00000018 -21.94307965 23.33467372 1.62634755 0.33585280 174.50160694 -53.20015318 -169.04506266 -3.35985951 -0.21871597 0.75307504 0.00000000 0.00000000 0.00000000 0.00000000 0.00000000 0.00000000 -0.00000067 17.90993152 0.00000031 42.89231477 0.00000106 0.00000036
26.71103776 -34.44468081 87.84150481 -414.75620588 -1.26799198 -7.40752573 21.28322621 -53.56543243 -10.83571970 0.00000438 0.00000287 29.08075384 -23.28732509 -0.00000140 0.00000076 -0.00000020 51.94520922 -0.00000018 0.00000051 21.23259798 0.00000167 -0.00000084 -0.00000102 -20.00195650 0.00000000 0.00000000 0.00000000 0.00000000 0.00000000 0.00000000 -9.10899859 -30.57599403 2.49475182 0.00000040 -0.00000090 -12.34010217 4.35250316 0.00000073 -0.00000074 -0.00000470 54.35875665 -0.00000127 0.00000321 -17.23768822 -0.00000103 0.00000287 -0.00000074 17.90966419 0.00000000 0.00000000 0.00000000 0.00000000 0.00000000 0.00000000 8.11745864 0.00000015 -0.00000059 0.25386042 3.15198475 0.00698477 0.00000277 -0.00000076 37.00338230 9.09512692 -0.64918176 -0.05163428 -170.33636215 -66.87674479 165.41021985 10.71281138 -0.54090575 -2.43582027 0.00000000 0.00000000 0.00000000 0.00000000 0.00000000 0.00000000 2.72217707 -30.55263965 -0.74362391 -0.00000164 0.00000089 -17.01282256 25.06626113 1.73945805 0.38671399 174.48492733 -53.28308784 -169.03169773 -3.32585732 -0.21672568 0.74539439 0.00000000 0.00000000 0.00000000 0.00000000 0.00000000 0.00000000 0.00000188 17.60478624 0.00000067 44.73877467 0.00000134 0.00000014
26.34020746 -33.48492384 88.32364678 -416.78773884 0.18140338 -5.64817549 20.19923433 -52.18776999 -9.97133807 -0.00000189 -0.00000083 28.21150414 -21.28166361 -0.00000047 0.00000030 0.00000311 49.77548784 0.00000092 -0.00000235 22.43034878 0.00000077 -0.00000019 0.00000151 -20.00195654 0.00000000 0.00000000 0.00000000 0.00000000 0.00000000 0.00000000 -9.91522181 -32.72582407 2.91789257 0.00000243 -0.00000009 -12.57504280 7.46839980 -0.00000010 -0.00000015 -0.00000497 52.38887560 -0.00000267 0.00000335 -17.27476959 -0.00000117 -0.00000351 0.00000052 17.81661957 0.00000000 0.00000000 0.00000000 0.00000000 0.00000000 0.00000000 7.57894578 -0.00000015 0.00000023 0.36526155 4.53030271 0.01444795 0.00000078 -0.00000056 32.55907439 3.19541657 -0.22892894 -0.00638537 -170.60848182 -66.28542328 165.65992543 10.67301243 -0.53974458 -2.42661728 0.00000000 0.00000000 0.00000000 0.00000000 0.00000000 0.00000000 2.72238224 -30.55455559 -0.74372977 -0.00000088 0.00000085 -12.94115238 26.66587926 1.84252815 0.43670882 174.46584140 -53.37761486 -169.01638819 -3.25782626 -0.21272656 0.73002984 0.00000000 0.00000000 0.00000000 0.00000000 0.00000000 0.00000000 -0.00000400 17.49221986 -0.00000041 46.82610080 0.00000031 0.00000012
26.13630891 -32.73243308 88.76711726 -418.89021956 1.14266701 -4.53789112 19.08767060 -50.66950297 -9.10219265 0.00000087 0.00000144 29.49776172 -16.65738822 -0.00000363 -0.00000024 -0.00000089 47.61444209 -0.00000124 0.00000342 22.35267994 0.00000145 -0.00000200 -0.00000049 -20.00195606 0.00000000 0.00000000 0.00000000 0.00000000 0.00000000 0.00000000 -10.45441162 -34.10558787 3.21485376 -0.00000292 -0.00000185 -12.30035342 10.04750822 0.00000109 0.00000070 0.00000028 50.49573581 0.00000102 -0.00000017 -16.87268232 -0.00000126 0.00000350 -0.00000112 17.75960357 0.00000000 0.00000000 0.00000000 0.00000000 0.00000000 0.00000000 7.03199866 -0.00000005 -0.00000005 0.46586697 5.77048457 0.02347990 -0.00000108 0.00000080 29.10967156 -1.37672077 0.09867482 -0.00118481 -170.08544490 -67.39741377 165.17901063 10.48741628 -0.53425508 -2.38371566 0.00000000 0.00000000 0.00000000 0.00000000 0.00000000 0.00000000 2.70019915 -30.34986675 -0.73248542 0.00000127 -0.00000006 -9.74174228 28.17369424 1.93835980 0.48645133 174.42742359 -53.56661024 -168.98551866 -3.11975676 -0.20456304 0.69886195 0.00000000 0.00000000 0.00000000 0.00000000 0.00000000 0.00000000 0.00000456 17.59489516 0.00000065 49.06612739 -0.00000009 -0.00000036
26.14187300 -31.97440803 89.14309740 -420.69199549 1.82124017 -3.81118043 17.91217914 -48.93721942 -8.20419883 -0.00000027 -0.00000004 30.84949466 -11.96813213 0.00000023 -0.00000044 -0.00000143 45.65692990 -0.00000031 0.00000110 21.45895833 0.00000101 -0.00000020 -0.00000065 -20.00195651 0.00000000 0.00000000 0.00000000 0.00000000 0.00000000 0.00000000 -10.89429058 -35.19720654 3.46497425 -0.00000260 0.00000009 -12.08787997 11.91553500 0.00000014 -0.00000195 0.00000556 48.86350728 0.00000384 -0.00000250 -15.81943953 -0.00000075 0.00000119 -0.00000018 17.80365845 0.00000000 0.00000000 0.00000000 0.00000000 0.00000000 0.00000000 6.21019783 -0.00000033 0.00000022 0.58067172 7.17913973 0.03642682 0.00000086 0.00000017 26.33647734 -4.16911132 0.29857754 -0.01086747 -169.10586434 -69.22966341 164.26865101 10.33554459 -0.52965461 -2.34862725 0.00000000 0.00000000 0.00000000 0.00000000 0.00000000 0.00000000 2.68450332 -30.20452505 -0.72457112 -0.00000246 -0.00000033 -7.69451745 29.78197068 2.03908385 0.54226818 174.29711664 -54.19517591 -168.88025518 -2.92443280 -0.19287834 0.65480708 0.00000000 0.00000000 0.00000000 0.00000000 0.00000000 0.00000000 0.00000200 17.83133413 -0.00000013 51.24216498 -0.00000072 0.00000025
26.17720962 -31.33189976 89.51930404 -422.11608132 2.19882409 -3.38973059 16.70847389 -47.01611264 -7.30986110 0.00000145 0.00000169 31.75326162 -8.49341736 -0.00000190 -0.00000011 0.00000007 43.73205208 0.00000059 -0.00000097 20.44858918 -0.00000076 0.00000033 -0.00000011 -20.00195554 0.00000000 0.00000000 0.00000000 0.00000000 0.00000000 0.00000000 -11.07751415 -35.64297004 3.57116118 -0.00000269 -0.00000140 -12.03944833 12.91478482 -0.00000081 -0.00000056 -0.00000280 47.09853787 -0.00000254 0.00000392 -14.69814946 -0.00000018 0.00000292 -0.00000156 18.31701680 0.00000000 0.00000000 0.00000000 0.00000000 0.00000000 0.00000000 5.21116070 0.00000018 0.00000005 0.70061364 8.64145632 0.05293462 0.00000185 -0.00000055 24.09291292 -5.21109935 0.37301497 -0.01697433 -167.66387294 -71.45288963 162.91043893 10.21008848 -0.52579004 -2.31964040 0.00000000 0.00000000 0.00000000 0.00000000 0.00000000 0.00000000 2.67766598 -30.14109211 -0.72113431 -0.00000058 -0.00000051 -6.78784720 31.19005968 2.12594626 0.59344119 174.04313371 -55.36723141 -168.67275138 -2.70732922 -0.17971187 0.60588398 0.00000000 0.00000000 0.00000000 0.00000000 0.00000000 0.00000000 0.00000265 18.03125760 -0.00000006 53.25596667 0.00000037 -0.00000003
25.98618269 -31.02450669 89.95236158 -423.26106961 2.33879288 -3.32910370 15.52362110 -44.96647617 -6.45752195 -0.00000159 0.00000001 32.59482012 -6.11510864 0.00000142 0.00000017 0.00000041 41.49842460 0.00000084 -0.00000398 19.80862372 0.00000000 0.00000143 -0.00000020 -20.00195713 0.00000000 0.00000000 0.00000000 0.00000000 0.00000000 0.00000000 -11.02728345 -35.52128261 3.54193467 0.00000367 0.00000133 -11.88402407 13.07000207 0.00000142 -0.00000028 -0.00000210 45.40369114 -0.00000068 0.00000337 -13.81480616 -0.00000202 -0.00000025 -0.00000035 20.00184772 0.00000000 0.00000000 0.00000000 0.00000000 0.00000000 0.00000000 4.43398320 -0.00000019 0.00000008 0.78980855 9.72169211 0.06716767 -0.00000002 -0.00000065 22.42624579 -5.28046862 0.37796670 -0.01742768 -165.84340970 -73.66496324 161.17333500 10.11411042 -0.52279004 -2.29747900 0.00000000 0.00000000 0.00000000 0.00000000 0.00000000 0.00000000 2.67293855 -30.09719653 -0.71876223 0.00000074 -0.00000002 -6.58638031 31.99178949 2.17483015 0.62352154 173.75731038 -56.60748478 -168.43581264 -2.52024594 -0.16822295 0.56375992 0.00000000 0.00000000 0.00000000 0.00000000 0.00000000 0.00000000 0.00000012 18.14337318 -0.00000022 54.98474291 -0.00000007 0.00000157
25.73988736 -30.99681437 90.40558338 -424.15684954 2.23868306 -3.48740602 14.28019566 -42.63153872 -5.59671482 -0.00000147 0.00000299 33.39832076 -4.27336671 -0.00000178 0.00000117 0.00000098 39.08992936 -0.00000095 0.00000177 19.22035962 0.00000114 -0.00000154 -0.00000173 -20.00195624 0.00000000 0.00000000 0.00000000 0.00000000 0.00000000 0.00000000 -10.82709835 -35.03240233 3.42632093 -0.00000164 -0.00000108 -11.39535530 12.95124562 -0.00000044 0.00000186 0.00000174 44.16378926 0.00000093 -0.00000586 -13.20850507 0.00000112 0.00000461 -0.00000058 20.00195673 0.00000000 0.00000000 0.00000000 0.00000000 0.00000000 0.00000000 3.86367184 -0.00000004 0.00000024 0.85076563 10.45594548 0.07784542 -0.00000197 0.00000021 21.48722379 -4.94852099 0.35426673 -0.01530867 -163.78984121 -75.59921617 159.19289780 10.04978972 -0.52075492 -2.28262179 0.00000000 0.00000000 0.00000000 0.00000000 0.00000000 0.00000000 2.65139654 -29.89657351 -0.70799132 -0.00000106 -0.00000205 -6.75075211 32.27099379 2.19175237 0.63416058 173.51701708 -57.59028744 -168.23405276 -2.39238150 -0.16029058 0.53499180 0.00000000 0.00000000 0.00000000 0.00000000 0.00000000 0.00000000 0.00000227 18.20389949 -0.00000062 56.30549912 -0.00000074 -0.00000009
25.80563724 -31.00345731 90.80085754 -424.42851675 2.02951293 -3.46154711 13.19160256 -40.42053745 -4.87487096 -0.00000134 0.00000072 33.53716354 -2.71966352 -0.00000021 -0.00000017 -0.00000132 37.15028779 -0.00000086 0.00000273 18.31490329 0.00000047 -0.00000083 0.00000017 -20.00195612 0.00000000 0.00000000 0.00000000 0.00000000 0.00000000 0.00000000 -10.47633677 -34.16070460 3.22715520 0.00000003 -0.00000067 -11.44433423 12.83049377 0.00000188 0.00000166 -0.00000513 42.94271775 -0.00000362 0.00000283 -13.05051645 -0.00000039 -0.00000246 0.00000034 20.00195625 0.00000000 0.00000000 0.00000000 0.00000000 0.00000000 0.00000000 3.10202360 0.00000010 -0.00000009 0.88486350 10.86522402 0.08415400 0.00000030 -0.00000060 20.88355442 -4.74370191 0.33963826 -0.01406811 -161.83401766 -77.05190670 157.29234788 9.97917139 -0.51850768 -2.26632068 0.00000000 0.00000000 0.00000000 0.00000000 0.00000000 0.00000000 2.63153040 -29.71087177 -0.69811803 0.00000015 -0.00000040 -7.52538402 32.14283799 2.18399067 0.62926856 173.33267057 -58.30964824 -168.07780143 -2.33264898 -0.15656087 0.52155869 0.00000000 0.00000000 0.00000000 0.00000000 0.00000000 0.00000000 0.00000169 18.22724653 -0.00000001 57.19076887 -0.00000030 0.00000035
25.86058080 -30.99442720 91.12066627 -424.40511276 1.69044996 -3.44515788 12.22887492 -38.32685676 -4.26403168 0.00000150 0.00000105 33.52667554 -1.48731617 -0.00000038 -0.00000066 0.00000036 35.28985842 0.00000067 0.00000228 17.41646510 0.00000042 -0.00000011 0.00000017 -20.00195638 0.00000000 0.00000000 0.00000000 0.00000000 0.00000000 0.00000000 -10.09698371 -33.19610456 3.01678219 -0.00000338 -0.00000054 -11.42284968 12.84409299 -0.00000082 0.00000181 0.00000180 42.00274727 0.00000045 0.00000133 -13.11252894 0.00000035 -0.00000162 -0.00000062 20.00195561 0.00000000 0.00000000 0.00000000 0.00000000 0.00000000 0.00000000 2.38318667 0.00000003 -0.00000021 0.89298924 10.96264338 0.08569326 0.00000332 -0.00000037 20.78668734 -4.58427132 0.32824874 -0.01313807 -160.10321201 -78.10607112 155.60198142 9.87865984 -0.51526271 -2.24312398 0.00000000 0.00000000 0.00000000 0.00000000 0.00000000 0.00000000 2.61098286 -29.51806690 -0.68796541 -0.00000214 -0.00000005 -8.47419552 31.85584478 2.16656846 0.61837195 173.23638772 -58.67402165 -167.99571333 -2.34028810 -0.15703874 0.52327669 0.00000000 0.00000000 0.00000000 0.00000000 0.00000000 0.00000000 -0.00000363 18.27114591 0.00000005 57.68742533 0.00000140 0.00000110
25.84469616 -30.98602891 91.34675860 -424.34558156 1.25979218 -3.43374180 11.38272597 -36.37403899 -3.75059926 0.00000067 0.00000151 33.56455953 -0.32210493 0.00000040 0.00000104 -0.00000084 33.57673104 0.00000005 0.00000066 16.69765923 -0.00000032 0.00000063 0.00000064 -20.00195567 0.00000000 0.00000000 0.00000000 0.00000000 0.00000000 0.00000000 -9.76295035 -32.32779840 2.83601741 0.00000058 -0.00000025 -11.44833374 12.74884375 0.00000080 0.00000193 0.00000183 41.38625403 -0.00000056 -0.00000301 -13.22263973 0.00000138 -0.00000096 -0.00000015 19.89242632 0.00000000 0.00000000 0.00000000 0.00000000 0.00000000 0.00000000 1.89199836 0.00000014 -0.00000007 0.88785491 10.90109854 0.08471885 0.00000157 0.00000019 21.07384629 -4.26692521 0.30557054 -0.01138221 -158.56395572 -78.90307385 154.09355877 9.79691680 -0.51260151 -2.22425481 0.00000000 0.00000000 0.00000000 0.00000000 0.00000000 0.00000000 2.60260474 -29.43919526 -0.68384099 -0.00000170 0.00000015 -9.31627405 31.45699692 2.14226856 0.60337823 173.22618246 -58.71220426 -167.98699425 -2.35483502 -0.15794811 0.52654877 0.00000000 0.00000000 0.00000000 0.00000000 0.00000000 0.00000000 0.00000610 18.37175566 0.00000040 57.91817332 0.00000036 0.00000016
25.78181624 -30.87534904 91.48786664 -424.04788702 0.87210564 -3.33773360 10.79358543 -34.94995993 -3.40710433 0.00000028 0.00000071 33.41275939 0.62265714 0.00000083 0.00000020 -0.00000197 32.18356429 0.00000008 0.00000199 16.25369503 -0.00000009 -0.00000103 -0.00000032 -20.00195621 0.00000000 0.00000000 0.00000000 0.00000000 0.00000000 0.00000000 -9.53856294 -31.73445307 2.71700301 -0.00000252 -0.00000056 -11.78472404 12.27089911 -0.00000092 -0.00000020 0.00000587 41.12694003 0.00000298 -0.00000109 -13.48186640 0.00000081 -0.00000245 0.00000012 19.26454817 0.00000000 0.00000000 0.00000000 0.00000000 0.00000000 0.00000000 1.39286244 0.00000007 -0.00000012 0.87568960 10.75519684 0.08243280 -0.00000011 -0.00000009 21.57481321 -3.79818672 0.27205352 -0.00902133 -157.15833707 -79.53788772 152.71271833 9.76094149 -0.51142095 -2.21595192 0.00000000 0.00000000 0.00000000 0.00000000 0.00000000 0.00000000 2.61716217 -29.57610098 -0.69101055 -0.00000103 0.00000053 -10.00843601 31.10486770 2.12072655 0.59028109 173.23695658 -58.67189576 -167.99620029 -2.36702050 -0.15870453 0.52928951 0.00000000 0.00000000 0.00000000 0.00000000 0.00000000 0.00000000 0.00000389 18.52975541 0.00000031 57.99748441 -0.00000003 -0.00000074
25.71578920 -30.69898188 91.55231118 -423.40821801 0.49030949 -3.07479777 10.41589162 -34.00853444 -3.19328183 0.00000034 -0.00000121 32.90334878 1.12497374 0.00000028 -0.00000088 -0.00000045 31.13140837 -0.00000015 0.00000044 16.04760960 -0.00000061 0.00000042 0.00000032 -20.00195638 0.00000000 0.00000000 0.00000000 0.00000000 0.00000000 0.00000000 -9.35834437 -31.25207025 2.62285717 -0.00000668 -0.00000121 -12.52575517 11.57722109 -0.00000072 -0.00000013 -0.00000234 41.02423785 0.00000023 0.00000357 -13.51585351 -0.00000182 -0.00000315 0.00000159 18.89632197 0.00000000 0.00000000 0.00000000 0.00000000 0.00000000 0.00000000 0.84589526 -0.00000004 0.00000008 0.86332939 10.60695488 0.08014330 0.00000293 -0.00000039 22.12187709 -3.36160478 0.24082091 -0.00706558 -156.17913238 -79.93591753 151.74917731 9.77513333 -0.51188833 -2.21923022 0.00000000 0.00000000 0.00000000 0.00000000 0.00000000 0.00000000 2.67065869 -30.07602510 -0.71762121 -0.00000212 -0.00000122 -10.61838514 30.94446095 2.11088698 0.58436077 173.23561464 -58.67690150 -167.99505614 -2.38087150 -0.15957207 0.53240461 0.00000000 0.00000000 0.00000000 0.00000000 0.00000000 0.00000000 -0.00000535 18.74806289 -0.00000059 57.95804508 0.00000079 -0.00000002
25.63096881 -30.47534525 91.57898426 -422.52449572 0.10144072 -2.70298472 10.15100648 -33.33486955 -3.04641681 0.00000323 0.00000153 32.15196784 1.34702322 -0.00000044 0.00000006 0.00000185 30.21755836 0.00000023 -0.00000228 16.03805607 0.00000093 0.00000169 0.00000027 -20.00195689 0.00000000 0.00000000 0.00000000 0.00000000 0.00000000 0.00000000 -9.17751070 -30.76274742 2.52969766 0.00000268 0.00000129 -13.49715810 10.83066636 -0.00000131 -0.00000160 -0.00000139 40.85379700 0.00000073 0.00000139 -13.13155580 -0.00000069 -0.00000075 0.00000039 18.90080224 0.00000000 0.00000000 0.00000000 0.00000000 0.00000000 0.00000000 0.38601954 -0.00000013 -0.00000007 0.85493507 10.50606670 0.07860466 -0.00000090 0.00000076 22.65657765 -2.94235504 0.21081654 -0.00541538 -156.15833067 -79.94401879 151.72868975 9.81316477 -0.51313860 -2.22800559 0.00000000 0.00000000 0.00000000 0.00000000 0.00000000 0.00000000 2.75924932 -30.89277162 -0.76256274 0.00000152 -0.00000016 -11.04119093 30.90699794 2.10858761 0.58298233 173.24438901 -58.64402331 -168.00254686 -2.41072400 -0.16143215 0.53911815 0.00000000 0.00000000 0.00000000 0.00000000 0.00000000 0.00000000 0.00000609 19.06499283 0.00000034 57.73625464 -0.00000121 0.00000020
25.48503876 -30.26491702 91.61098599 -421.55650303 -0.32259810 -2.31115469 9.88298002 -32.64185475 -2.90048152 0.00000126 -0.00000052 31.34843754 1.61570254 0.00000225 -0.00000032 0.00000071 29.18212820 0.00000081 0.00000023 16.21593427 0.00000014 -0.00000102 0.00000045 -20.00195523 0.00000000 0.00000000 0.00000000 0.00000000 0.00000000 0.00000000 -8.98382511 -30.23281912 2.43140214 0.00000402 0.00000044 -14.49576740 10.00583510 -0.00000076 0.00000013 -0.00000383 40.76470757 0.00000009 0.00000013 -12.87684654 0.00000065 -0.00000046 -0.00000011 18.71215309 0.00000000 0.00000000 0.00000000 0.00000000 0.00000000 0.00000000 0.18380728 0.00000019 0.00000005 0.85593129 10.51806251 0.07878632 0.00000415 0.00000039 23.22870578 -2.44307515 0.17506668 -0.00373326 -156.96854499 -79.61768472 152.52606070 9.86375406 -0.51478795 -2.23968059 0.00000000 0.00000000 0.00000000 0.00000000 0.00000000 0.00000000 2.87044028 -31.89840576 -0.82048945 -0.00000184 -0.00000099 -11.31703928 30.87598484 2.10668071 0.58184040 173.25845558 -58.59119936 -168.01455687 -2.42050156 -0.16203860 0.54131771 0.00000000 0.00000000 0.00000000 0.00000000 0.00000000 0.00000000 0.00000345 19.39213164 0.00000029 57.23278602 0.00000093 -0.00000005
25.23285449 -30.12069464 91.69862866 -420.52508076 -0.69466314 -1.87835734 9.54428816 -31.74969954 -2.72001607 0.00000267 0.00000049 30.50014184 2.05298447 -0.00000147 0.00000069 -0.00000257 27.64651835 -0.00000142 0.00000016 16.84947434 0.00000044 0.00000249 0.00000027 -20.00195717 0.00000000 0.00000000 0.00000000 0.00000000 0.00000000 0.00000000 -8.76828813 -29.63597182 2.32384516 0.00000213 0.00000165 -15.46658861 9.14906849 -0.00000083 0.00000116 -0.00000886 40.49526452 -0.00000330 0.00000089 -12.31672351 0.00000053 0.00000360 -0.00000062 18.58315015 0.00000000 0.00000000 0.00000000 0.00000000 0.00000000 0.00000000 0.22419475 0.00000009 0.00000021 0.85956196 10.56169043 0.07945071 -0.00000300 0.00000083 23.86698382 -1.80118470 0.12908862 -0.00203047 -158.11990432 -79.11238355 153.65765317 9.91684110 -0.51650347 -2.25193245 0.00000000 0.00000000 0.00000000 0.00000000 0.00000000 0.00000000 2.99981549 -33.04141535 -0.88995175 0.00000270 0.00000094 -11.56387759 30.86361159 2.10592013 0.58138634 173.23232196 -58.68921563 -167.99224174 -2.40409750 -0.16101658 0.53762876 0.00000000 0.00000000 0.00000000 0.00000000 0.00000000 0.00000000 -0.00000041 19.69902047 0.00000017 56.50799330 -0.00000001 -0.00000057
24.86625314 -30.01744151 91.90161228 -419.50565275 -0.94724885 -1.44506788 9.15439619 -30.69984539 -2.51788919 -0.00000037 0.00000104 29.59191455 2.35507227 0.00000007 -0.00000044 0.00000161 25.39675048 0.00000073 0.00000146 18.49103798 0.00000042 -0.00000185 -0.00000004 -20.00195719 0.00000000 0.00000000 0.00000000 0.00000000 0.00000000 0.00000000 -8.54446416 -29.00822995 2.21423206 -0.00000488 -0.00000203 -16.29551938 8.29557979 -0.00000077 0.00000035 -0.00000271 40.00362520 0.00000057 -0.00000246 -11.73239368 0.00000112 0.00000609 -0.00000208 18.40155756 0.00000000 0.00000000 0.00000000 0.00000000 0.00000000 0.00000000 0.64104721 -0.00000004 -0.00000011 0.85282414 10.48075282 0.07822080 0.00000227 -0.00000043 24.54079395 -1.09493116 0.07848032 -0.00074786 -159.27227306 -78.55081989 154.78821742 9.96823418 -0.51815050 -2.26380025 0.00000000 0.00000000 0.00000000 0.00000000 0.00000000 0.00000000 3.13915615 -34.23989325 -0.96714727 0.00000027 0.00000053 -11.85248321 30.75375654 2.09916667 0.57735317 173.15102864 -58.99072922 -167.92267478 -2.37563060 -0.15924155 0.53122549 0.00000000 0.00000000 0.00000000 0.00000000 0.00000000 0.00000000 -0.00000272 20.00368715 -0.00000026 55.60570971 0.00000036 0.00000012
24.37343597 -29.91454303 92.23415852 -418.45194809 -1.13589847 -1.07641945 8.75796589 -29.60718628 -2.31874088 -0.00000160 0.00000128 28.63380560 2.18655964 -0.00000240 0.00000092 -0.00000103 22.47297814 -0.00000133 0.00000157 21.60126394 -0.00000007 -0.00000017 -0.00000001 -20.00195576 0.00000000 0.00000000 0.00000000 0.00000000 0.00000000 0.00000000 -8.26882086 -28.22403945 2.08221734 -0.00000054 0.00000113 -16.98589737 7.24726190 0.00000072 0.00000010 0.00000282 39.16688352 -0.00000157 0.00000029 -11.08994713 -0.00000058 -0.00000064 0.00000040 17.96012836 0.00000000 0.00000000 0.00000000 0.00000000 0.00000000 0.00000000 1.30652032 -0.00000003 0.00000009 0.83525077 10.26944231 0.07505569 0.00000019 0.00000018 25.32465072 -0.43700207 0.03132358 -0.00012054 -160.43465334 -77.91830784 155.92619007 10.01194489 -0.51955611 -2.27388728 0.00000000 0.00000000 0.00000000 0.00000000 0.00000000 0.00000000 3.27496676 -35.37598705 -1.04467396 0.00000048 0.00000205 -12.08611685 30.55438631 2.08689027 0.57007382 173.02027918 -59.46467876 -167.81033480 -2.37439183 -0.15916615 0.53094591 0.00000000 0.00000000 0.00000000 0.00000000 0.00000000 0.00000000 -0.00000010 20.37920733 -0.00000069 54.45833318 -0.00000052 0.00000036
23.74360710 -29.77234721 92.66124964 -417.10948404 -1.24627317 -0.80938350 8.43785731 -28.70638778 -2.16278025 -0.00000003 -0.00000017 27.60435565 1.47789441 0.00000201 -0.00000018 -0.00000177 18.86701069 0.00000127 -0.00000089 26.36671806 -0.00000001 -0.00000161 -0.00000095 -20.00195764 0.00000000 0.00000000 0.00000000 0.00000000 0.00000000 0.00000000 -7.92073726 -27.21624420 1.92029684 -0.00000479 0.00000044 -17.64610232 5.72847249 -0.00000129 0.00000085 -0.00000287 37.93622741 -0.00000156 -0.00000008 -10.17172217 0.00000043 0.00000384 -0.00000097 17.32011137 0.00000000 0.00000000 0.00000000 0.00000000 0.00000000 0.00000000 1.91969102 0.00000001 0.00000002 0.80880024 9.95082907 0.07041230 -0.00000173 0.00000044 26.19209358 0.14289731 -0.01024288 -0.00001295 -161.78857239 -77.08207643 157.24805558 10.04505165 -0.52060363 -2.28152764 0.00000000 0.00000000 0.00000000 0.00000000 0.00000000 0.00000000 3.40064919 -36.39951331 -1.11835372 0.00000499 0.00000176 -12.25030790 30.14856885 2.06182107 0.55538496 172.88431095 -59.94374005 -167.69293238 -2.43838701 -0.16315040 0.54534142 0.00000000 0.00000000 0.00000000 0.00000000 0.00000000 0.00000000 -0.00000235 20.85456974 -0.00000040 52.96702496 -0.00000030 0.00000051
23.07357341 -29.44406271 93.15517545 -415.15113573 -1.15627902 -0.58816067 8.24901595 -28.16721072 -2.07285639 0.00000214 0.00000137 26.40082137 0.95534482 -0.00000036 -0.00000055 0.00000031 14.47403756 0.00000117 -0.00000216 32.63261316 -0.00000083 0.00000101 -0.00000101 -20.00195710 0.00000000 0.00000000 0.00000000 0.00000000 0.00000000 0.00000000 -7.54191043 -26.09732960 1.75032820 0.00000291 0.00000034 -18.62800022 3.47573672 0.00000011 -0.00000094 -0.00000204 36.35014378 -0.00000076 -0.00000047 -9.12416157 0.00000021 0.00000119 0.00000027 17.00014312 0.00000000 0.00000000 0.00000000 0.00000000 0.00000000 0.00000000 2.13305989 -0.00000007 -0.00000008 0.75913768 9.35095431 0.06208619 -0.00000186 0.00000015 27.02205868 0.57869456 -0.04147899 -0.00020928 -163.04056815 -76.19380469 158.46619591 10.02741525 -0.52004221 -2.27745768 0.00000000 0.00000000 0.00000000 0.00000000 0.00000000 0.00000000 3.53203526 -37.44119915 -1.19727738 -0.00000033 -0.00000132 -12.51351734 29.56785458 2.02576683 0.53467446 172.77427931 -60.32141809 -167.59751540 -2.61101769 -0.17381851 0.58419033 0.00000000 0.00000000 0.00000000 0.00000000 0.00000000 0.00000000 0.00000199 21.31311538 0.00000010 51.19892811 0.00000006 -0.00000042
22.41035849 -29.05519009 93.61832738 -412.72176898 -0.91667401 -0.53200155 8.10912787 -27.76408229 -2.00725492 -0.00000064 0.00000268 25.24336557 0.96755661 -0.00000254 0.00000147 -0.00000093 9.56120658 -0.00000091 -0.00000171 38.91105184 -0.00000074 0.00000038 0.00000050 -20.00195574 0.00000000 0.00000000 0.00000000 0.00000000 0.00000000 0.00000000 -7.19148791 -25.04199363 1.59907623 0.00000481 0.00000086 -19.82544446 0.39965177 0.00000053 -0.00000063 0.00000285 35.13129722 0.00000100 0.00000082 -8.76357655 0.00000046 -0.00000568 0.00000144 16.88033536 0.00000000 0.00000000 0.00000000 0.00000000 0.00000000 0.00000000 2.05327732 0.00000001 0.00000006 0.67269488 8.30205215 0.04882235 -0.00000013 0.00000072 27.94493891 0.81409239 -0.05835178 -0.00041485 -164.04939329 -75.38082415 159.44417210 9.95142943 -0.51761678 -2.25991741 0.00000000 0.00000000 0.00000000 0.00000000 0.00000000 0.00000000 3.67416133 -38.53621140 -1.28476505 0.00000167 -0.00000064 -12.89339700 28.91049007 1.98469970 0.51166993 172.67616221 -60.65094592 -167.51213168 -2.89648655 -0.19119450 0.64850647 0.00000000 0.00000000 0.00000000 0.00000000 0.00000000 0.00000000 0.00000015 21.67333437 0.00000016 49.24772338 0.00000005 0.00000038
21.76148146 -28.76842916 94.10121441 -410.50820874 -0.92862131 -0.65591236 8.38268855 -28.54946739 -2.13634975 -0.00000238 -0.00000144 24.53121861 1.35535142 0.00000180 -0.00000013 0.00000240 8.79327328 -0.00000000 0.00000000 39.00008992 0.00000041 -0.00000004 -0.00000072 -20.00195577 0.00000000 0.00000000 0.00000000 0.00000000 0.00000000 0.00000000 -6.71869861 -23.58756735 1.40438742 0.00000001 0.00000009 -20.69036898 -2.77834514 0.00000084 -0.00000040 0.00000181 33.89629200 -0.00000040 0.00000073 -8.58501372 -0.00000106 0.00000287 -0.00000066 16.70419157 0.00000000 0.00000000 0.00000000 0.00000000 0.00000000 0.00000000 2.28773984 -0.00000001 0.00000003 0.57330068 7.08898920 0.03551169 0.00000267 -0.00000118 29.08345016 0.78759223 -0.05645292 -0.00038753 -164.93989787 -74.57729392 160.30427038 9.92283572 -0.51669574 -2.25331966 0.00000000 0.00000000 0.00000000 0.00000000 0.00000000 0.00000000 3.78171328 -39.34315889 -1.35236281 -0.00000357 -0.00000261 -13.41081573 28.28708377 1.94551227 0.49029836 172.59350156 -60.92334029 -167.43998232 -3.12727196 -0.20501083 0.70055862 0.00000000 0.00000000 0.00000000 0.00000000 0.00000000 0.00000000 -0.00000028 22.04800406 0.00000034 47.12422689 0.00000111 0.00000012
20.56433856 -28.38057578 94.63451505 -408.32464305 -0.74025685 -1.02684888 8.87768519 -29.93984988 -2.37819353 0.00000224 0.00000288 24.39249602 2.35945545 -0.00000328 0.00000083 -0.00000188 10.13366855 -0.00000106 0.00000226 36.13180973 0.00000153 -0.00000064 0.00000001 -20.00195653 0.00000000 0.00000000 0.00000000 0.00000000 0.00000000 0.00000000 -6.37524770 -22.50939795 1.26991779 0.00000201 -0.00000054 -20.75389656 -5.73490653 0.00000102 -0.00000017 0.00000466 32.66622943 0.00000109 -0.00000192 -8.44093119 -0.00000022 0.00000080 0.00000009 16.17768763 0.00000000 0.00000000 0.00000000 0.00000000 0.00000000 0.00000000 2.51226168 -0.00000004 -0.00000000 0.41570490 5.15273828 0.01870536 0.00000177 -0.00000009 30.34840157 0.49874122 -0.03575057 -0.00015387 -165.64623456 -73.87323906 160.98402033 9.93909211 -0.51721643 -2.25706746 0.00000000 0.00000000 0.00000000 0.00000000 0.00000000 0.00000000 3.91421926 -40.31219797 -1.43723166 -0.00000265 -0.00000021 -13.99237410 27.68944901 1.90772832 0.47020202 172.51417638 -61.18042953 -167.37056882 -3.19690413 -0.20913567 0.71627273 0.00000000 0.00000000 0.00000000 0.00000000 0.00000000 0.00000000 0.00000107 22.31217215 0.00000047 44.90947280 0.00000070 0.00000069
19.43931133 -28.23503613 95.25263906 -406.97347561 -0.94332124 -1.57251087 9.54338442 -31.74730574 -2.71954219 0.00000221 -0.00000134 25.34733795 2.90590262 0.00000085 0.00000008 -0.00000096 15.73590037 0.00000045 -0.00000069 29.08018321 -0.00000080 0.00000158 0.00000005 -20.00195637 0.00000000 0.00000000 0.00000000 0.00000000 0.00000000 0.00000000 -5.87905819 -20.92036010 1.08631399 0.00000283 0.00000053 -19.89000234 -7.68135500 0.00000060 0.00000020 -0.00000189 30.90370619 -0.00000135 0.00000123 -8.27323085 -0.00000014 -0.00000342 0.00000004 15.52393378 0.00000000 0.00000000 0.00000000 0.00000000 0.00000000 0.00000000 3.44823832 0.00000001 -0.00000009 0.25299409 3.14127616 0.00693698 0.00000250 -0.00000087 31.64278484 -0.07661614 0.00549084 -0.00000525 -166.26640864 -73.19936277 161.57877905 10.01377172 -0.51960957 -2.27430689 0.00000000 0.00000000 0.00000000 0.00000000 0.00000000 0.00000000 3.97095388 -40.71876838 -1.47408899 -0.00000296 -0.00000269 -14.55315486 27.03311546 1.86598932 0.44859230 172.45424273 -61.37187220 -167.31800816 -3.06921364 -0.20155187 0.68745846 0.00000000 0.00000000 0.00000000 0.00000000 0.00000000 0.00000000 0.00000255 22.62964194 0.00000040 42.78927907 0.00000102 0.00000062
18.47513169 -28.25412154 95.89555264 -406.21536506 -1.49863173 -2.20003804 10.09290120 -33.18559759 -3.01454853 -0.00000064 -0.00000105 27.20342874 3.50179868 -0.00000191 0.00000033 -0.00000084 23.15395042 -0.00000047 0.00000097 21.56495804 -0.00000115 -0.00000007 -0.00000034 -18.98013188 0.00000000 0.00000000 0.00000000 0.00000000 0.00000000 0.00000000 -5.28105239 -18.95774614 0.88235056 0.00000084 0.00000080 -18.59476174 -9.04575392 0.00000052 0.00000020 0.00000116 28.94666259 0.00000013 0.00000386 -8.45639152 -0.00000079 -0.00000551 0.00000114 14.82906328 0.00000000 0.00000000 0.00000000 0.00000000 0.00000000 0.00000000 4.60482839 -0.00000001 -0.00000019 0.10315112 1.28184322 0.00115389 0.00000123 -0.00000023 32.71152518 -0.69244358 0.04963394 -0.00030089 -166.88130039 -72.47304518 162.16629765 10.14304782 -0.52369583 -2.30415951 0.00000000 0.00000000 0.00000000 0.00000000 0.00000000 0.00000000 3.94474126 -40.53154379 -1.45702252 0.00000168 0.00000207 -14.92813530 26.52514963 1.83351560 0.43219494 172.41133719 -61.50750533 -167.28032619 -2.82130994 -0.18664835 0.63156181 0.00000000 0.00000000 0.00000000 0.00000000 0.00000000 0.00000000 0.00000022 23.22892539 -0.00000012 40.97597484 -0.00000051 0.00000025
17.92230606 -27.93988585 96.51086330 -405.75108768 -2.10529624 -2.42919787 10.45800352 -34.11460173 -3.21686648 -0.00000401 -0.00000158 29.01517297 5.00063764 0.00000034 0.00000050 0.00000082 31.06213101 -0.00000035 -0.00000070 16.11702480 0.00000050 0.00000038 0.00000033 -14.33189188 0.00000000 0.00000000 0.00000000 0.00000000 0.00000000 0.00000000 -4.70978240 -17.03683747 0.70581831 0.00000202 0.00000011 -17.92027519 -9.97055935 0.00000088 -0.00000071 0.00000146 26.63631187 0.00000069 0.00000206 -8.46481318 -0.00000094 -0.00000267 0.00000100 14.45890140 0.00000000 0.00000000 0.00000000 0.00000000 0.00000000 0.00000000 5.52715586 -0.00000002 -0.00000006 -0.03305192 -0.41082003 0.00011859 0.00000108 0.00000010 32.95821452 -1.14770648 0.08226189 -0.00082587 -167.47490895 -71.70986241 162.73115686 10.21060510 -0.52580654 -2.31976148 0.00000000 0.00000000 0.00000000 0.00000000 0.00000000 0.00000000 3.92502054 -40.38998387 -1.44422563 -0.00000029 -0.00000162 -15.34797087 26.38131298 1.82429578 0.42760781 172.29369728 -61.87328091 -167.17675329 -2.64251797 -0.17574769 0.59128431 0.00000000 0.00000000 0.00000000 0.00000000 0.00000000 0.00000000 0.00000073 24.10227728 0.00000007 39.50884491 -0.00000056 -0.00000014
17.62881130 -27.60345042 97.01059461 -405.77228319 -2.71699363 -2.59975960 10.50046659 -34.22128864 -3.24071373 0.00000096 -0.00000050 31.28854682 6.47673007 0.00000158 -0.00000036 0.00000023 38.41451025 0.00000010 0.00000017 13.50566843 0.00000118 -0.00000028 0.00000002 -10.14465446 0.00000000 0.00000000 0.00000000 0.00000000 0.00000000 0.00000000 -4.23348570 -15.40310596 0.57276233 -0.00000060 0.00000013 -17.43771660 -10.63386334 -0.00000049 0.00000011 -0.00000296 24.63044596 -0.00000068 -0.00000051 -8.67292871 -0.00000004 0.00000218 -0.00000052 14.23290843 0.00000000 0.00000000 0.00000000 0.00000000 0.00000000 0.00000000 6.42129949 0.00000000 0.00000007 -0.14671011 -1.82277860 0.00233371 0.00000140 0.00000066 32.99815771 -1.33928853 0.09599154 -0.00112447 -168.10080763 -70.83038401 163.32392863 10.21701035 -0.52600246 -2.32124392 0.00000000 0.00000000 0.00000000 0.00000000 0.00000000 0.00000000 3.91601311 -40.32515568 -1.43839383 -0.00000074 0.00000015 -15.35845200 26.45915270 1.82928723 0.43008603 172.07519393 -62.53003932 -166.98346328 -2.57093748 -0.17134778 0.57516735 0.00000000 0.00000000 0.00000000 0.00000000 0.00000000 0.00000000 -0.00000068 25.12603409 0.00000049 38.36455274 0.00000141 0.00000060
17.49970913 -27.22616494 97.38166928 -406.17502459 -3.28854835 -2.82783971 10.24416810 -33.57306359 -3.09777292 0.00000073 0.00000137 33.59731709 7.35370895 -0.00000261 0.00000064 -0.00000144 44.77135183 -0.00000062 0.00000005 12.57119145 0.00000008 0.00000027 0.00000011 -7.15895656 0.00000000 0.00000000 0.00000000 0.00000000 0.00000000 0.00000000 -3.87878515 -14.16871366 0.48223387 0.00000005 0.00000003 -17.05184540 -11.23803832 -0.00000008 -0.00000001 -0.00000338 23.10472877 -0.00000095 0.00000717 -9.07026308 0.00000006 -0.00000187 -0.00000051 14.06388195 0.00000000 0.00000000 0.00000000 0.00000000 0.00000000 0.00000000 7.31860311 0.00000001 -0.00000016 -0.24106281 -2.99341408 0.00629864 -0.00000342 0.00000046 33.25135973 -1.35800217 0.09733461 -0.00115445 -168.74377501 -69.83567573 163.92941009 10.20924779 -0.52576255 -2.31944828 0.00000000 0.00000000 0.00000000 0.00000000 0.00000000 0.00000000 3.91135848 -40.29157000 -1.43538214 -0.00000057 0.00000254 -14.85603136 26.60244328 1.83846632 0.43467137 171.73590261 -63.49478514 -166.68111053 -2.55530947 -0.17038387 0.57165197 0.00000000 0.00000000 0.00000000 0.00000000 0.00000000 0.00000000 -0.00000124 26.11169778 -0.00000017 37.52943194 -0.00000008 0.00000031
17.50765145 -26.76068246 97.61190414 -406.69339842 -3.85025849 -3.14647810 9.73795750 -32.26210018 -2.82266414 -0.00000110 -0.00000010 35.27779050 7.25759675 0.00000176 -0.00000019 0.00000144 49.77871427 0.00000184 -0.00000008 12.93431789 -0.00000056 -0.00000031 0.00000083 -4.41766838 0.00000000 0.00000000 0.00000000 0.00000000 0.00000000 0.00000000 -3.58657513 -13.14116682 0.41324721 -0.00000124 -0.00000120 -16.66820409 -11.63995844 0.00000111 -0.00000000 -0.00000005 21.81455461 0.00000013 0.00000260 -9.42526636 -0.00000133 -0.00000258 0.00000127 14.01231467 0.00000000 0.00000000 0.00000000 0.00000000 0.00000000 0.00000000 8.09208107 0.00000006 -0.00000021 -0.33203758 -4.11971322 0.01194223 -0.00000048 0.00000081 33.82187517 -1.33007616 0.09533215 -0.00110786 -169.42873468 -68.65850776 164.56996221 10.21446178 -0.52592522 -2.32065290 0.00000000 0.00000000 0.00000000 0.00000000 0.00000000 0.00000000 3.89666524 -40.18540681 -1.42589051 -0.00000076 0.00000104 -13.98060579 26.82049039 1.85241314 0.44169470 171.26117644 -64.74217362 -166.25397329 -2.56310880 -0.17087053 0.57340768 0.00000000 0.00000000 0.00000000 0.00000000 0.00000000 0.00000000 0.00000017 26.91422512 0.00000010 36.98862386 0.00000010 0.00000059
17.60715842 -26.18065178 97.71693349 -407.09925148 -4.31635580 -3.55717287 8.96887001 -30.19165319 -2.42387669 0.00000096 0.00000064 35.62109925 6.15345004 -0.00000099 0.00000095 -0.00000007 52.46438719 -0.00000106 -0.00000058 14.72839769 0.00000021 0.00000047 -0.00000051 -1.58404790 0.00000000 0.00000000 0.00000000 0.00000000 0.00000000 0.00000000 -3.35882784 -12.33402581 0.36303187 -0.00000077 0.00000009 -16.27682781 -11.83837722 0.00000000 -0.00000022 -0.00000069 20.72531462 -0.00000041 0.00000142 -9.76691815 0.00000009 0.00000185 -0.00000000 14.08009191 0.00000000 0.00000000 0.00000000 0.00000000 0.00000000 0.00000000 8.63695108 0.00000029 0.00000030 -0.43936570 -5.44429791 0.02089024 -0.00000017 -0.00000116 34.61131514 -1.31266750 0.09408467 -0.00107771 -170.10666052 -67.35425599 165.19859896 10.23618879 -0.52659562 -2.32567084 0.00000000 0.00000000 0.00000000 0.00000000 0.00000000 0.00000000 3.87219199 -40.00783129 -1.41012769 -0.00000053 -0.00000006 -12.91226969 27.04348638 1.86665040 0.44892902 170.68495508 -66.11399055 -165.72989608 -2.57389883 -0.17153263 0.57583785 0.00000000 0.00000000 0.00000000 0.00000000 0.00000000 0.00000000 0.00000104 27.46862965 -0.00000004 36.79645454 -0.00000008 -0.00000008
17.79456735 -25.44106841 97.71311879 -407.19449828 -4.61101684 -4.02995156 7.91595229 -27.20222999 -1.91810799 -0.00000178 0.00000051 34.48935762 4.48277722 0.00000011 0.00000006 0.00000027 52.17364525 0.00000056 0.00000083 17.32741288 0.00000083 -0.00000049 -0.00000095 -0.55730028 0.00000000 0.00000000 0.00000000 0.00000000 0.00000000 0.00000000 -3.18342577 -11.70883302 0.32649835 0.00000032 -0.00000111 -15.95353689 -11.94529653 0.00000051 0.00000154 -0.00000398 19.70539985 -0.00000086 -0.00000308 -9.98809523 -0.00000005 0.00000367 0.00000006 14.29762804 0.00000000 0.00000000 0.00000000 0.00000000 0.00000000 0.00000000 8.83938423 -0.00000006 -0.00000018 -0.57095497 -7.06020577 0.03522235 0.00000085 0.00000025 35.54843769 -1.40272085 0.10053710 -0.00123172 -170.70645436 -66.06536398 165.74954916 10.24518209 -0.52687789 -2.32774725 0.00000000 0.00000000 0.00000000 0.00000000 0.00000000 0.00000000 3.83791306 -39.75753849 -1.38815006 0.00000098 0.00000183 -11.84696697 27.16591778 1.87445243 0.45292611 170.02425139 -67.52096804 -165.12249386 -2.57575570 -0.17164720 0.57625172 0.00000000 0.00000000 0.00000000 0.00000000 0.00000000 0.00000000 -0.00000226 27.81395175 -0.00000026 36.92594049 -0.00000173 -0.00000062
18.06806624 -24.54049438 97.61872292 -406.81480294 -4.62423081 -4.58497054 6.76223349 -23.72295150 -1.42185623 -0.00000154 -0.00000177 32.73478516 3.01035528 0.00000136 -0.00000071 0.00000013 49.23724820 -0.00000115 -0.00000028 18.39459261 0.00000103 -0.00000021 -0.00000067 -0.04023453 0.00000000 0.00000000 0.00000000 0.00000000 0.00000000 0.00000000 -3.05070433 -11.23381569 0.30010353 -0.00000173 0.00000085 -15.78198204 -12.31111370 -0.00000097 -0.00000126 -0.00000077 18.71771896 0.00000075 0.00000163 -10.12726514 -0.00000054 0.00000018 -0.00000094 14.67040503 0.00000000 0.00000000 0.00000000 0.00000000 0.00000000 0.00000000 8.67398823 -0.00000019 -0.00000026 -0.74173237 -9.14027617 0.05928996 -0.00000155 0.00000005 36.47905763 -1.70887449 0.12247495 -0.00182680 -171.17200553 -64.96416758 166.17325593 10.27014156 -0.52765060 -2.33351428 0.00000000 0.00000000 0.00000000 0.00000000 0.00000000 0.00000000 3.79510894 -39.44239695 -1.36086445 0.00000068 -0.00000114 -11.01684676 27.25225896 1.87995209 0.45575497 169.27333581 -68.93718483 -164.42508477 -2.54025391 -0.16945611 0.56826529 0.00000000 0.00000000 0.00000000 0.00000000 0.00000000 0.00000000 -0.00000162 27.93833365 -0.00000048 37.18456172 0.00000070 -0.00000013
18.48220080 -23.51726294 97.46643901 -406.15577854 -4.40959859 -5.09716390 5.60026295 -20.01170932 -0.98883031 -0.00000043 -0.00000141 31.96286141 3.74064943 0.00000254 -0.00000032 -0.00000003 45.13726077 -0.00000028 0.00000021 13.88015042 0.00000094 0.00000016 -0.00000060 -3.33999994 0.00000000 0.00000000 0.00000000 0.00000000 0.00000000 0.00000000 -2.95033198 -10.87348211 0.28085937 0.00000229 -0.00000046 -15.85645487 -12.93067898 -0.00000021 -0.00000086 0.00000030 17.64247122 -0.00000038 0.00000331 -9.92928453 0.00000053 0.00000049 -0.00000058 15.18203008 0.00000000 0.00000000 0.00000000 0.00000000 0.00000000 0.00000000 8.22487732 -0.00000001 -0.00000002 -0.95175132 -11.66475812 0.09722146 -0.00000314 0.00000077 37.24689645 -2.28180174 0.16351783 -0.00325567 -171.51239451 -64.09624174 166.48056977 10.29652320 -0.52846243 -2.33960603 0.00000000 0.00000000 0.00000000 0.00000000 0.00000000 0.00000000 3.75445169 -39.14036164 -1.33511533 0.00000084 0.00000216 -10.49596014 27.52934448 1.89756718 0.46488614 168.41053507 -70.36356847 -163.61606745 -2.48598405 -0.16610171 0.55605167 0.00000000 0.00000000 0.00000000 0.00000000 0.00000000 0.00000000 0.00000164 27.81036558 0.00000068 37.42408126 0.00000055 0.00000020
19.02419478 -22.36067206 97.22776413 -405.54690121 -4.13700146 -5.53705659 4.51103261 -16.35853968 -0.64871207 -0.00000164 0.00000087 31.50704773 5.30211663 -0.00000150 -0.00000045 0.00000096 41.29907144 0.00000098 -0.00000117 7.48839003 -0.00000120 0.00000077 -0.00000013 -9.60346044 0.00000000 0.00000000 0.00000000 0.00000000 0.00000000 0.00000000 -2.90983005 -10.72783020 0.27326931 -0.00000380 -0.00000036 -16.22964961 -13.57541304 -0.00000003 0.00000000 0.00000411 16.84625734 0.00000005 0.00000031 -9.88555382 0.00000122 -0.00000471 0.00000006 15.83217742 0.00000000 0.00000000 0.00000000 0.00000000 0.00000000 0.00000000 7.82332160 0.00000010 0.00000013 -1.18746022 -14.44375058 0.15047708 -0.00000010 0.00000086 37.82961292 -3.09399570 0.22166974 -0.00598687 -171.84865380 -63.18132078 166.78186996 10.30937942 -0.52885514 -2.34257510 0.00000000 0.00000000 0.00000000 0.00000000 0.00000000 0.00000000 3.71080191 -38.81318762 -1.30765957 0.00000078 0.00000072 -10.30085072 27.98692680 1.92656001 0.48015405 167.39943621 -71.81055230 -162.65947725 -2.41878173 -0.16193220 0.54093149 0.00000000 0.00000000 0.00000000 0.00000000 0.00000000 0.00000000 -0.00000131 27.40097547 -0.00000073 37.62317938 -0.00000015 0.00000044
19.49564964 -21.14370912 96.93782926 -405.05100486 -3.79708675 -5.92824595 3.75348475 -13.72924218 -0.45202963 0.00000188 -0.00000074 31.35431862 7.26033005 -0.00000041 0.00000056 -0.00000083 38.30936672 -0.00000084 -0.00000062 1.79932350 -0.00000045 0.00000089 0.00000082 -15.70678233 0.00000000 0.00000000 0.00000000 0.00000000 0.00000000 0.00000000 -2.99028509 -11.01702512 0.28844503 0.00000051 0.00000045 -16.69839550 -14.11583894 -0.00000066 0.00000003 -0.00000256 16.59075249 -0.00000021 0.00000317 -10.18877093 0.00000010 -0.00000024 -0.00000071 16.43388170 0.00000000 0.00000000 0.00000000 0.00000000 0.00000000 0.00000000 7.58649282 -0.00000005 -0.00000010 -1.45232288 -17.48494542 0.22334999 0.00000145 0.00000036 38.17354719 -4.21877327 0.30212501 -0.01112599 -172.22421963 -62.08526623 167.11542402 10.33322322 -0.52958529 -2.34808521 0.00000000 0.00000000 0.00000000 0.00000000 0.00000000 0.00000000 3.67220105 -38.52132208 -1.28354342 -0.00000051 0.00000024 -10.44277301 28.47010116 1.95704056 0.49652894 166.24681693 -73.22151055 -161.56001753 -2.31668670 -0.15556062 0.51796941 0.00000000 0.00000000 0.00000000 0.00000000 0.00000000 0.00000000 -0.00000019 26.75280581 -0.00000004 37.81872268 0.00000104 -0.00000009
19.72479671 -19.84805316 96.65428400 -404.66218389 -3.14399583 -6.28756329 3.55337694 -13.02385034 -0.40573462 -0.00000030 0.00000030 31.03176066 8.60165587 0.00000016 -0.00000136 0.00000122 36.51438905 0.00000034 -0.00000156 -2.79225381 0.00000072 0.00000184 -0.00000025 -17.06086710 0.00000000 0.00000000 0.00000000 0.00000000 0.00000000 0.00000000 -3.24904689 -11.94307643 0.33994627 -0.00000035 -0.00000033 -17.11609104 -14.58716859 0.00000102 0.00000102 0.00000009 16.58525616 -0.00000027 0.00000175 -10.55410512 -0.00000034 0.00000211 -0.00000017 16.88251355 0.00000000 0.00000000 0.00000000 0.00000000 0.00000000 0.00000000 7.45026170 0.00000004 0.00000002 -1.76123442 -20.90651429 0.32496378 0.00000075 0.00000050 38.31332618 -5.49124082 0.39300756 -0.01884809 -172.53857802 -61.10179111 167.39193969 10.33440380 -0.52962278 -2.34835904 0.00000000 0.00000000 0.00000000 0.00000000 0.00000000 0.00000000 3.67761778 -38.56242134 -1.28691928 0.00000198 0.00000318 -10.77721795 29.00204079 1.99043428 0.51484726 164.80203758 -74.70751612 -160.17133417 -2.19608010 -0.14798020 0.49086070 0.00000000 0.00000000 0.00000000 0.00000000 0.00000000 0.00000000 -0.00000151 25.91473960 0.00000039 37.93690603 0.00000134 0.00000071
19.67972666 -18.41230541 96.36259079 -404.34592742 -1.94090911 -6.55000728 4.01037523 -14.62834749 -0.51495596 0.00000035 0.00000028 30.80224508 9.23530618 -0.00000095 -0.00000090 -0.00000102 36.36932029 -0.00000037 0.00000104 -6.26538542 -0.00000059 0.00000050 0.00000015 -16.60484011 0.00000000 0.00000000 0.00000000 0.00000000 0.00000000 0.00000000 -3.75172252 -13.72305188 0.45161180 -0.00000008 -0.00000194 -17.62677973 -15.18635596 0.00000260 0.00000215 0.00000085 16.72947987 -0.00000092 0.00000385 -10.65778634 0.00000063 -0.00000497 0.00000089 17.16033452 0.00000000 0.00000000 0.00000000 0.00000000 0.00000000 0.00000000 7.38616080 -0.00000001 0.00000052 -2.14284103 -24.92547026 0.47364661 0.00000169 -0.00000187 38.19764452 -6.86809061 0.49111775 -0.02947032 -172.70188767 -60.56519292 167.53454512 10.32724566 -0.52940287 -2.34670278 0.00000000 0.00000000 0.00000000 0.00000000 0.00000000 0.00000000 3.77366152 -39.28339115 -1.34726075 0.00000231 -0.00000142 -11.21893142 29.60184856 2.02788374 0.53587617 162.83358587 -76.34927325 -158.26513117 -2.12863268 -0.14372000 0.47570578 0.00000000 0.00000000 0.00000000 0.00000000 0.00000000 0.00000000 0.00000024 24.77880944 0.00000022 37.84982301 0.00000050 0.00000060
19.34061050 -16.95541292 96.10998034 -404.41328998 -0.43646551 -6.82239398 4.79781755 -17.33566112 -0.73182926 -0.00000155 0.00000114 30.71183121 9.20121094 -0.00000132 0.00000144 -0.00000021 36.92382881 0.00000013 0.00000094 -8.63249296 -0.00000073 0.00000086 0.00000006 -15.88466238 0.00000000 0.00000000 0.00000000 0.00000000 0.00000000 0.00000000 -4.38996985 -15.94296170 0.61503761 0.00000027 -0.00000016 -17.83457884 -15.82342283 -0.00000055 -0.00000123 0.00000250 16.42362904 0.00000160 -0.00000399 -9.78370171 -0.00000014 0.00000252 0.00000096 17.10805057 0.00000000 0.00000000 0.00000000 0.00000000 0.00000000 0.00000000 7.68296981 0.00000004 0.00000023 -2.59432045 -29.36116999 0.67977665 0.00000053 -0.00000175 37.99931669 -8.32839055 0.59486343 -0.04331012 -172.64642556 -60.74948468 167.48619573 10.31243883 -0.52895051 -2.34328273 0.00000000 0.00000000 0.00000000 0.00000000 0.00000000 0.00000000 3.93497812 -40.46154023 -1.45068163 0.00000036 0.00000039 -11.44501023 30.27028605 2.06935014 0.55977223 159.98003856 -78.17428218 -155.48143549 -2.19005091 -0.14760163 0.48950647 0.00000000 0.00000000 0.00000000 0.00000000 0.00000000 0.00000000 0.00000110 23.22221981 -0.00000014 37.60582383 -0.00000051 -0.00000009
18.82652938 -15.62839895 95.95311284 -404.86471158 1.01615999 -7.29821815 5.59680757 -20.00037465 -0.98764804 -0.00000284 -0.00000010 30.96920499 8.90146932 0.00000105 -0.00000022 -0.00000075 37.36680311 -0.00000164 0.00000004 -10.03975779 0.00000088 -0.00000021 0.00000009 -15.64694068 0.00000000 0.00000000 0.00000000 0.00000000 0.00000000 0.00000000 -4.93439261 -17.79727373 0.77305075 -0.00000041 0.00000108 -17.39188439 -16.46525183 -0.00000105 -0.00000081 -0.00000464 15.23130705 -0.00000190 0.00000238 -8.35068839 0.00000188 -0.00000148 -0.00000003 16.81255066 0.00000000 0.00000000 0.00000000 0.00000000 0.00000000 0.00000000 8.34788621 -0.00000033 -0.00000020 -3.08015880 -33.73652465 0.93416458 -0.00000091 0.00000031 38.00392985 -9.93269884 0.70838184 -0.06155638 -172.40991191 -61.51197941 167.27907350 10.29405630 -0.52838472 -2.33903808 0.00000000 0.00000000 0.00000000 0.00000000 0.00000000 0.00000000 4.10559914 -41.66401533 -1.56276914 0.00000148 0.00000052 -11.22050645 30.84036780 2.10449384 0.58053075 156.24631986 -79.90966538 -151.81533044 -2.35842645 -0.15816764 0.52735797 0.00000000 0.00000000 0.00000000 0.00000000 0.00000000 0.00000000 -0.00000069 21.39547966 0.00000012 37.32551875 0.00000150 0.00000076
18.30065399 -14.50619698 95.95137835 -405.21764603 2.25835126 -7.92708086 6.28866314 -22.23475785 -1.23696207 0.00000145 0.00000003 31.38407404 8.58347928 0.00000030 -0.00000060 0.00000055 37.33007670 0.00000197 0.00000133 -10.74640878 -0.00000133 -0.00000039 -0.00000014 -15.70710960 0.00000000 0.00000000 0.00000000 0.00000000 0.00000000 0.00000000 -5.27964431 -18.95307491 0.88189364 -0.00000255 -0.00000032 -16.65595467 -17.32696176 -0.00000026 -0.00000100 -0.00000168 13.88715505 -0.00000010 0.00000736 -8.18512970 0.00000046 -0.00000215 -0.00000001 16.51429928 0.00000000 0.00000000 0.00000000 0.00000000 0.00000000 0.00000000 8.87612216 0.00000044 0.00000028 -3.57554303 -37.77991916 1.22383310 0.00000056 0.00000060 38.32703227 -11.70663841 0.83325330 -0.08542425 -171.98792992 -62.78437309 166.90595059 10.25939599 -0.52731703 -2.33103125 0.00000000 0.00000000 0.00000000 0.00000000 0.00000000 0.00000000 4.24485437 -42.61307134 -1.65619990 -0.00000189 -0.00000072 -10.67899813 31.32095843 2.13395518 0.59830364 152.38029562 -81.21070479 -148.00137215 -2.52563186 -0.16855410 0.56497367 0.00000000 0.00000000 0.00000000 0.00000000 0.00000000 0.00000000 -0.00000106 19.57121393 -0.00000045 37.08352027 -0.00000012 -0.00000044
18.03218871 -13.10339719 96.20698094 -404.97778686 3.71331205 -8.34885610 7.04212133 -24.58626307 -1.53638837 0.00000221 -0.00000008 30.95622119 7.99474800 -0.00000076 -0.00000033 -0.00000076 36.77702736 0.00000028 0.00000152 -11.02485809 -0.00000080 -0.00000025 0.00000025 -15.39108184 0.00000000 0.00000000 0.00000000 0.00000000 0.00000000 0.00000000 -6.18658283 -21.90953449 1.19860506 0.00000040 -0.00000012 -16.42392411 -18.05602158 -0.00000032 0.00000000 -0.00000348 17.85005135 -0.00000047 0.00000015 -10.34667830 -0.00000060 0.00000187 0.00000081 16.08213213 0.00000000 0.00000000 0.00000000 0.00000000 0.00000000 0.00000000 8.98156004 -0.00000036 0.00000041 -4.10478811 -41.65841251 1.56222966 -0.00000160 -0.00000009 38.49786465 -13.68348329 0.97144653 -0.11655705 -171.39856728 -64.39274230 166.37805282 10.22936750 -0.52638645 -2.32409755 0.00000000 0.00000000 0.00000000 0.00000000 0.00000000 0.00000000 4.26074226 -42.71956980 -1.66696793 0.00000090 0.00000122 -9.57290507 31.88846891 2.16855312 0.61960489 148.46428100 -82.19631288 -144.12616349 -2.62992617 -0.17497663 0.58844816 0.00000000 0.00000000 0.00000000 0.00000000 0.00000000 0.00000000 -0.00000034 17.82289416 -0.00000037 36.91155208 -0.00000140 -0.00000020
17.88057387 -11.87597588 96.56622410 -404.01618843 4.89590194 -8.63923224 7.73829831 -26.68025122 -1.83761632 0.00000151 0.00000021 30.07451784 6.82999027 -0.00000069 -0.00000005 -0.00000014 36.01893534 0.00000054 -0.00000073 -10.82786698 0.00000137 0.00000004 -0.00000032 -14.73690783 0.00000000 0.00000000 0.00000000 0.00000000 0.00000000 0.00000000 -7.07003741 -24.67170335 1.54802178 -0.00000266 0.00000097 -16.33808779 -16.40233570 -0.00000179 -0.00000163 0.00000253 23.43427533 0.00000137 0.00000068 -9.72428009 0.00000003 -0.00000391 0.00000045 13.38518912 0.00000000 0.00000000 0.00000000 0.00000000 0.00000000 0.00000000 8.37592662 0.00000012 0.00000019 -4.62751729 -45.07805443 1.92133768 0.00000166 -0.00000020 38.62640682 -15.83042410 1.12020740 -0.15574961 -170.36324077 -66.81960227 165.43493399 10.16520499 -0.52438970 -2.30927809 0.00000000 0.00000000 0.00000000 0.00000000 0.00000000 0.00000000 4.24814151 -42.63515957 -1.65842922 -0.00000064 -0.00000145 -8.50996664 32.49933202 2.20555414 0.64291961 147.59093755 -82.38234044 -143.26071505 -2.66538998 -0.17715137 0.59643640 0.00000000 0.00000000 0.00000000 0.00000000 0.00000000 0.00000000 -0.00000271 16.39763254 -0.00000040 36.79062730 -0.00000023 -0.00000035
17.77498871 -10.92964783 96.93548679 -402.90011867 5.77503562 -8.75670860 8.29494565 -28.29888170 -2.09458385 0.00000138 0.00000019 28.97545177 5.45528139 0.00000035 -0.00000093 0.00000103 35.28255315 0.00000132 0.00000036 -10.21271969 -0.00000133 -0.00000040 -0.00000000 -13.93279619 0.00000000 0.00000000 0.00000000 0.00000000 0.00000000 0.00000000 -7.63455940 -26.37309381 1.79128265 -0.00000207 0.00000030 -15.69860737 -13.43065120 -0.00000236 -0.00000134 0.00000064 28.49619859 0.00000146 -0.00000251 -7.98075564 -0.00000033 -0.00000016 0.00000080 12.64905388 0.00000000 0.00000000 0.00000000 0.00000000 0.00000000 0.00000000 7.65570582 0.00000050 -0.00000020 -5.11505281 -47.93559838 2.27513722 0.00000089 -0.00000007 38.69669404 -18.07408362 1.27396830 -0.20262871 -168.76809932 -69.79605151 163.95224519 10.06382633 -0.52120031 -2.28586506 0.00000000 0.00000000 0.00000000 0.00000000 0.00000000 0.00000000 4.20399356 -42.33756969 -1.62860661 0.00000041 0.00000117 -7.68124556 33.03819976 2.23798471 0.66381183 149.92364855 -81.86013200 -145.57143443 -2.72004898 -0.18049272 0.60874524 0.00000000 0.00000000 0.00000000 0.00000000 0.00000000 0.00000000 0.00000128 15.46817143 0.00000039 36.69705995 0.00000031 0.00000021
17.70462841 -10.14755964 97.27791548 -401.93199339 6.36361095 -8.75807538 8.69222769 -29.42356051 -2.28635927 -0.00000139 -0.00000142 27.84781931 4.20439228 0.00000087 -0.00000084 0.00000047 34.64096752 0.00000093 -0.00000048 -9.40611663 0.00000083 -0.00000062 -0.00000042 -13.09186343 0.00000000 0.00000000 0.00000000 0.00000000 0.00000000 0.00000000 -7.97529059 -27.37545287 1.94531168 0.00000093 -0.00000118 -14.55755647 -10.15004056 0.00000124 0.00000093 0.00000093 33.27108244 0.00000028 -0.00000123 -5.49873432 -0.00000084 0.00000134 -0.00000062 12.56730361 0.00000000 0.00000000 0.00000000 0.00000000 0.00000000 0.00000000 7.29226877 -0.00000049 -0.00000017 -5.52782316 -50.12996054 2.58686870 0.00000129 0.00000032 38.52350933 -20.32562814 1.42628944 -0.25568774 -166.35681171 -73.09637117 161.66529920 9.90649173 -0.51616565 -2.24954801 0.00000000 0.00000000 0.00000000 0.00000000 0.00000000 0.00000000 4.12168139 -41.77509445 -1.57347128 0.00000105 -0.00000039 -7.16826084 33.28254242 2.25262397 0.67338323 154.46263077 -80.55958519 -150.05744895 -2.79846666 -0.18526421 0.62641319 0.00000000 0.00000000 0.00000000 0.00000000 0.00000000 0.00000000 -0.00000262 15.06451232 -0.00000010 36.55983466 -0.00000043 0.00000010
17.58588701 -9.42588672 97.54534364 -401.13178985 6.80330717 -8.72517357 9.03288967 -30.36763796 -2.45615498 -0.00000045 -0.00000068 26.87159148 3.22667915 0.00000225 -0.00000084 -0.00000064 34.17427343 0.00000058 -0.00000080 -8.66059396 0.00000012 0.00000150 0.00000036 -12.31351039 0.00000000 0.00000000 0.00000000 0.00000000 0.00000000 0.00000000 -8.19201187 -28.00332867 2.04602120 -0.00000068 -0.00000008 -13.05142635 -7.34134802 0.00000168 0.00000081 -0.00000356 37.77362555 -0.00000313 0.00000012 -2.45050489 0.00000001 -0.00000168 0.00000063 12.09641817 0.00000000 0.00000000 0.00000000 0.00000000 0.00000000 0.00000000 7.28680617 -0.00000041 -0.00000023 -5.91344199 -52.01193244 2.88689511 0.00000081 -0.00000175 38.21217216 -22.58839791 1.57712933 -0.31499511 -162.25606094 -76.76457063 157.70342542 9.69702302 -0.50931123 -2.20120706 0.00000000 0.00000000 0.00000000 0.00000000 0.00000000 0.00000000 4.02054128 -41.07009803 -1.50655461 0.00000031 0.00000081 -6.98189327 33.23134872 2.24955925 0.67137227 159.05185486 -78.66295777 -154.57213872 -2.88913399 -0.19075181 0.64684734 0.00000000 0.00000000 0.00000000 0.00000000 0.00000000 0.00000000 -0.00000132 15.06435415 0.00000021 36.32457927 0.00000074 -0.00000012
17.35522896 -8.73718783 97.71202803 -400.57768664 7.29182277 -8.71636732 9.39928343 -31.36210523 -2.64412997 0.00000083 -0.00000044 26.14556063 2.49287424 -0.00000040 0.00000046 0.00000090 33.83241925 0.00000004 -0.00000140 -8.14036584 0.00000063 0.00000024 0.00000004 -11.70231239 0.00000000 0.00000000 0.00000000 0.00000000 0.00000000 0.00000000 -8.34626393 -28.44558913 2.11897005 -0.00000118 0.00000003 -11.52197975 -5.77997939 -0.00000017 0.00000123 -0.00000343 41.72717606 -0.00000208 -0.00000120 0.38640982 0.00000025 0.00000422 -0.00000111 11.05628865 0.00000000 0.00000000 0.00000000 0.00000000 0.00000000 0.00000000 7.53520710 0.00000004 0.00000030 -6.33499415 -53.90142718 3.22341543 0.00000253 0.00000066 37.85029465 -24.88511321 1.72769724 -0.38123075 -153.83109907 -80.76822154 149.43428382 9.48066531 -0.50204504 -2.15130975 0.00000000 0.00000000 0.00000000 0.00000000 0.00000000 0.00000000 3.94627800 -40.54255868 -1.45802141 0.00000108 -0.00000084 -6.97654830 33.00326387 2.23588767 0.66244797 162.50440467 -76.58922260 -157.94508569 -2.97374934 -0.19584133 0.66592593 0.00000000 0.00000000 0.00000000 0.00000000 0.00000000 0.00000000 -0.00000053 15.25031666 -0.00000028 36.04402886 0.00000005 0.00000010
17.05999523 -8.10695440 97.74335027 -400.36941533 7.79308840 -8.59434820 9.79593966 -32.41433734 -2.85367770 0.00000016 -0.00000070 25.57291577 2.11543650 0.00000040 0.00000030 -0.00000088 33.90037388 -0.00000128 0.00000058 -7.83698779 0.00000001 0.00000007 0.00000009 -11.39827174 0.00000000 0.00000000 0.00000000 0.00000000 0.00000000 0.00000000 -8.38568415 -28.55799418 2.13778157 0.00000131 -0.00000015 -10.47522509 -5.91586262 -0.00000097 -0.00000106 0.00000294 44.32528665 0.00000147 -0.00000083 3.96703707 -0.00000047 0.00000024 -0.00000047 9.85078155 0.00000000 0.00000000 0.00000000 0.00000000 0.00000000 0.00000000 7.94788925 0.00000017 0.00000012 -6.76114655 -55.65096224 3.57158152 0.00000053 -0.00000019 37.39848322 -26.82052069 1.85241753 -0.44169557 -131.18259660 -84.55944942 126.95445771 9.32096910 -0.49655968 -2.11449344 0.00000000 0.00000000 0.00000000 0.00000000 0.00000000 0.00000000 3.93273200 -40.44541827 -1.44922470 0.00000086 -0.00000116 -7.07766682 32.85779939 2.22714963 0.65678133 164.84593051 -74.66629010 -160.21366664 -3.06793810 -0.20147673 0.68716875 0.00000000 0.00000000 0.00000000 0.00000000 0.00000000 0.00000000 -0.00000048 15.46889338 -0.00000021 35.79047491 -0.00000098 -0.00000080
16.72831774 -7.59217665 97.66774178 -400.56318344 8.33502826 -8.40828600 10.24097061 -33.56490188 -3.09600292 -0.00000006 -0.00000042 25.20327936 2.04645298 -0.00000178 0.00000036 0.00000043 34.37277103 -0.00000082 0.00000057 -7.68116501 0.00000048 -0.00000094 -0.00000017 -11.14549273 0.00000000 0.00000000 0.00000000 0.00000000 0.00000000 0.00000000 -8.19121374 -28.00103311 2.04564661 -0.00000124 0.00000029 -10.63174372 -8.87656747 0.00000006 -0.00000075 -0.00000240 45.18208732 -0.00000085 -0.00000108 5.04444453 -0.00000037 0.00000289 -0.00000177 11.73975824 0.00000000 0.00000000 0.00000000 0.00000000 0.00000000 0.00000000 8.44988820 -0.00000035 0.00000003 -7.07661190 -56.85195059 3.83390184 -0.00000337 -0.00000386 37.02833107 -28.17881620 1.93868578 -0.48662636 -74.27458230 -85.74117554 70.21588477 9.16861918 -0.49123254 -2.07938437 0.00000000 0.00000000 0.00000000 0.00000000 0.00000000 0.00000000 3.98421647 -40.81309349 -1.48274914 0.00000004 -0.00000016 -7.12085012 32.80923057 2.22422829 0.65489447 166.52892063 -72.89677789 -161.82988420 -3.19666723 -0.20911916 0.71622270 0.00000000 0.00000000 0.00000000 0.00000000 0.00000000 0.00000000 0.00000260 15.64841367 0.00000017 35.61264210 -0.00000081 0.00000033
16.39591902 -7.08435178 97.49884009 -401.19261881 8.79745925 -8.13734870 10.68105609 -34.67180745 -3.34286410 -0.00000156 -0.00000106 24.98436942 2.29099992 0.00000028 -0.00000014 -0.00000190 35.24096510 -0.00000051 0.00000086 -7.59768010 0.00000021 -0.00000129 -0.00000034 -11.09794672 0.00000000 0.00000000 0.00000000 0.00000000 0.00000000 0.00000000 -7.98605121 -27.40681270 1.95026310 -0.00000143 -0.00000001 -11.29080193 -12.95116761 -0.00000068 -0.00000121 0.00000072 45.02757586 0.00000033 -0.00000136 2.01885341 0.00000077 0.00000309 0.00000023 11.68566477 0.00000000 0.00000000 0.00000000 0.00000000 0.00000000 0.00000000 9.25875504 0.00000041 0.00000025 -7.20905161 -57.33397652 3.94509392 0.00000206 0.00000195 36.71952009 -28.92893616 1.98585574 -0.51231101 -35.55260517 -82.97210253 31.65728657 9.01172892 -0.48564741 -2.04325008 0.00000000 0.00000000 0.00000000 0.00000000 0.00000000 0.00000000 4.06082690 -41.35272088 -1.53309482 -0.00000044 0.00000048 -7.08330158 32.78726788 2.22290729 0.65404494 167.77484926 -71.29859736 -163.01560816 -3.32917701 -0.21692113 0.74614076 0.00000000 0.00000000 0.00000000 0.00000000 0.00000000 0.00000000 0.00000133 15.79477029 -0.00000029 35.41716853 -0.00000026 -0.00000052
16.02525264 -6.55250102 97.22425342 -402.05459457 9.22077004 -7.91235596 11.20591172 -35.95227173 -3.64626320 0.00000054 -0.00000045 24.93010729 2.39060071 -0.00000107 0.00000058 -0.00000126 36.49661351 -0.00000122 -0.00000056 -7.65143923 0.00000069 0.00000155 0.00000046 -11.15467576 0.00000000 0.00000000 0.00000000 0.00000000 0.00000000 0.00000000 -7.92131726 -27.21792455 1.92056134 -0.00000150 -0.00000132 -10.78855617 -14.46509851 0.00000152 0.00000114 0.00000110 44.40686586 0.00000115 -0.00000089 -1.29223456 -0.00000003 0.00000109 -0.00000040 10.20960174 0.00000000 0.00000000 0.00000000 0.00000000 0.00000000 0.00000000 10.11770500 -0.00000074 0.00000066 -7.21348335 -57.34988038 3.94882386 0.00000385 0.00000090 36.57342353 -29.12822286 1.99833085 -0.51923827 -22.36095830 -79.32973066 18.61477183 8.89769529 -0.48152694 -2.01698610 0.00000000 0.00000000 0.00000000 0.00000000 0.00000000 0.00000000 4.16687187 -42.08512417 -1.60366632 0.00000022 -0.00000071 -6.88813074 32.74729161 2.22050081 0.65249454 168.71099266 -69.88883305 -163.89863247 -3.42067099 -0.22226756 0.76680884 0.00000000 0.00000000 0.00000000 0.00000000 0.00000000 0.00000000 0.00000107 15.83164723 -0.00000025 35.30977286 0.00000018 0.00000016
15.63272327 -5.98501079 96.82431221 -403.17508554 9.51121756 -7.59586919 11.71547687 -37.15485556 -3.94976756 0.00000119 -0.00000066 24.96473614 2.67856425 0.00000064 0.00000005 -0.00000004 38.09352177 -0.00000042 0.00000091 -7.97511582 0.00000003 -0.00000004 0.00000011 -11.25646688 0.00000000 0.00000000 0.00000000 0.00000000 0.00000000 0.00000000 -7.89290431 -27.13480203 1.90758354 0.00000204 0.00000122 -10.45077844 -15.82427018 -0.00000009 0.00000050 -0.00000423 44.26891090 -0.00000221 0.00000288 -4.86419017 -0.00000081 -0.00000268 -0.00000014 9.84517085 0.00000000 0.00000000 0.00000000 0.00000000 0.00000000 0.00000000 11.06542745 0.00000009 -0.00000028 -7.05915643 -56.78744442 3.81929261 -0.00000217 -0.00000308 36.43163444 -28.49997581 1.95892369 -0.49754901 -17.13824957 -76.32833049 13.50754768 8.89372489 -0.48138042 -2.01607395 0.00000000 0.00000000 0.00000000 0.00000000 0.00000000 0.00000000 4.29308025 -42.93515907 -1.68895153 0.00000017 0.00000195 -6.59280669 32.71138916 2.21833842 0.65110404 169.43107101 -68.65426510 -164.57213835 -3.45970803 -0.22453880 0.77562961 0.00000000 0.00000000 0.00000000 0.00000000 0.00000000 0.00000000 -0.00000159 15.81285228 0.00000015 35.31364300 0.00000051 -0.00000023
15.24219215 -5.37393689 96.33421898 -404.22056675 9.78054302 -7.07963866 12.21820415 -38.30290045 -4.25741781 0.00000195 -0.00000069 24.79500816 3.02820905 0.00000033 -0.00000026 0.00000095 39.79216485 0.00000083 -0.00000015 -8.53431617 -0.00000017 0.00000027 -0.00000004 -11.17326737 0.00000000 0.00000000 0.00000000 0.00000000 0.00000000 0.00000000 -8.00763068 -27.46962754 1.96020556 0.00000162 0.00000105 -10.26466421 -16.52831796 0.00000007 -0.00000045 0.00000255 44.73869878 0.00000002 0.00000184 -8.43834472 -0.00000059 -0.00000160 0.00000052 9.31448301 0.00000000 0.00000000 0.00000000 0.00000000 0.00000000 0.00000000 11.66883287 0.00000057 0.00000005 -6.72724080 -55.51728999 3.54361033 0.00000005 0.00000047 36.46040015 -26.93390107 1.85965899 -0.44536701 -14.82740531 -74.35231310 11.27157661 8.95881424 -0.48374318 -2.03106095 0.00000000 0.00000000 0.00000000 0.00000000 0.00000000 0.00000000 4.43613094 -43.87086035 -1.78724884 -0.00000069 -0.00000125 -6.23999076 32.69039604 2.21707682 0.65029248 169.90744803 -67.75323509 -165.01447487 -3.42673493 -0.22261859 0.76817869 0.00000000 0.00000000 0.00000000 0.00000000 0.00000000 0.00000000 -0.00000091 15.79861688 0.00000024 35.46518398 0.00000036 -0.00000027
14.83904719 -4.73563597 95.75157166 -404.94420533 10.04699129 -6.29177263 12.71303618 -39.39645935 -4.56782805 -0.00000206 -0.00000018 24.25286079 3.35407564 -0.00000049 0.00000022 -0.00000066 41.46813774 -0.00000067 0.00000076 -9.26946739 -0.00000034 -0.00000065 -0.00000012 -11.03909934 0.00000000 0.00000000 0.00000000 0.00000000 0.00000000 0.00000000 -8.39604767 -28.58750587 2.14273706 0.00000015 -0.00000067 -10.84082145 -15.01772910 -0.00000031 0.00000051 -0.00000069 45.05607407 0.00000015 -0.00000128 -10.76821471 0.00000042 -0.00000170 0.00000124 10.28763242 0.00000000 0.00000000 0.00000000 0.00000000 0.00000000 0.00000000 11.61386911 0.00000040 -0.00000031 -6.21348790 -53.37378356 3.12556822 0.00000108 0.00000046 36.72948103 -24.41017354 1.69678436 -0.36704106 -13.82721912 -73.30469761 10.31092652 9.08469380 -0.48825535 -2.06005345 0.00000000 0.00000000 0.00000000 0.00000000 0.00000000 0.00000000 4.59837888 -44.89749069 -1.90074006 -0.00000085 -0.00000151 -5.69395965 32.76166831 2.22136467 0.65305100 170.22474932 -67.11117022 -165.30748458 -3.34715960 -0.21797316 0.75020468 0.00000000 0.00000000 0.00000000 0.00000000 0.00000000 0.00000000 -0.00000071 15.79684203 -0.00000029 35.81066953 -0.00000224 -0.00000112
14.44081664 -4.00870703 95.10113001 -405.66396304 10.36195047 -5.39470830 13.19091231 -40.41908977 -4.87442702 -0.00000019 -0.00000019 23.64669039 4.09546109 -0.00000086 0.00000034 0.00000051 43.12254970 0.00000016 -0.00000014 -10.37110257 0.00000018 -0.00000049 -0.00000011 -10.57387057 0.00000000 0.00000000 0.00000000 0.00000000 0.00000000 0.00000000 -8.87569159 -29.93432292 2.37719787 0.00000006 -0.00000105 -11.64506113 -13.70869757 0.00000075 -0.00000049 0.00000360 45.62950815 0.00000105 -0.00000160 -13.22152925 0.00000049 0.00000238 -0.00000027 11.08595151 0.00000000 0.00000000 0.00000000 0.00000000 0.00000000 0.00000000 11.21226546 -0.00000010 0.00000007 -5.59426186 -50.46532656 2.63798527 -0.00000017 -0.00000048 37.15612528 -20.97672264 1.46993496 -0.27214358 -13.66090580 -73.11666177 10.15169953 9.22731733 -0.49329838 -2.09291147 0.00000000 0.00000000 0.00000000 0.00000000 0.00000000 0.00000000 4.79648987 -46.10291395 -2.04205193 0.00000110 -0.00000075 -5.00264096 32.90345587 2.22989479 0.65855633 170.29639070 -66.96123347 -165.37344917 -3.23174096 -0.21119026 0.72414203 0.00000000 0.00000000 0.00000000 0.00000000 0.00000000 0.00000000 -0.00000256 15.85512055 -0.00000018 36.38386906 0.00000035 -0.00000048
14.06589001 -3.24111879 94.43212152 -406.22822121 10.70676362 -4.41569521 13.65105998 -41.37344453 -5.17569345 0.00000178 0.00000026 22.91169416 4.94852164 0.00000039 -0.00000028 -0.00000051 44.65155366 0.00000004 -0.00000110 -11.63770634 0.00000131 0.00000066 -0.00000004 -9.96314279 0.00000000 0.00000000 0.00000000 0.00000000 0.00000000 0.00000000 -9.37990373 -31.31003633 2.63404972 0.00000302 -0.00000026 -12.57933188 -12.78460010 0.00000079 -0.00000005 -0.00000122 46.32009141 0.00000102 0.00000230 -16.17936306 -0.00000140 -0.00000225 0.00000036 10.45610339 0.00000000 0.00000000 0.00000000 0.00000000 0.00000000 0.00000000 10.41354598 0.00000026 -0.00000015 -4.94563794 -46.97672003 2.15031150 0.00000013 0.00000091 37.52071531 -16.80090147 1.18694350 -0.17528698 -14.23604311 -73.74952927 10.70297040 9.36633600 -0.49812845 -2.12494940 0.00000000 0.00000000 0.00000000 0.00000000 0.00000000 0.00000000 5.00367747 -47.30921665 -2.19286244 -0.00000052 -0.00000108 -4.13461991 33.10312239 2.24187720 0.66634787 170.16879159 -67.22698406 -165.25591063 -3.10217342 -0.20351362 0.69489678 0.00000000 0.00000000 0.00000000 0.00000000 0.00000000 0.00000000 -0.00000100 15.99432636 0.00000056 37.07325490 0.00000128 0.00000081
13.73143047 -2.48873830 93.80012751 -406.66872474 11.03293428 -3.46482862 14.13489547 -42.34567949 -5.49856977 0.00000015 0.00000014 22.10594077 5.42920270 0.00000055 -0.00000023 0.00000120 46.11999790 0.00000109 -0.00000040 -12.55617562 -0.00000047 -0.00000048 -0.00000002 -9.66568299 0.00000000 0.00000000 0.00000000 0.00000000 0.00000000 0.00000000 -9.88845399 -32.65612219 2.90343510 -0.00000010 0.00000133 -13.51088173 -11.89651324 -0.00000094 0.00000034 0.00000058 46.98661305 -0.00000094 -0.00000194 -18.81284432 0.00000091 0.00000212 0.00000014 10.14174310 0.00000000 0.00000000 0.00000000 0.00000000 0.00000000 0.00000000 9.46903368 -0.00000071 0.00000005 -4.31847339 -43.10338133 1.70627669 -0.00000047 -0.00000074 37.59953850 -12.31505243 0.87590078 -0.09449934 -15.77099469 -75.22568653 12.18214018 9.48694272 -0.50225620 -2.15276091 0.00000000 0.00000000 0.00000000 0.00000000 0.00000000 0.00000000 5.15433031 -48.15290685 -2.30434543 0.00000105 -0.00000059 -3.00340351 33.26609896 2.25164108 0.67273750 169.98045475 -67.60860668 -165.08201315 -2.98461166 -0.19649319 0.66837829 0.00000000 0.00000000 0.00000000 0.00000000 0.00000000 0.00000000 0.00000013 16.17404114 0.00000002 37.71458379 0.00000037 -0.00000057
13.48064393 -1.73647497 93.30255389 -406.90977939 11.32164002 -2.56472028 14.54873584 -43.15252235 -5.77948821 -0.00000121 -0.00000061 21.16097771 5.68341021 0.00000018 0.00000039 0.00000093 47.22998871 0.00000011 -0.00000073 -13.02279765 0.00000061 -0.00000022 0.00000001 -9.76884766 0.00000000 0.00000000 0.00000000 0.00000000 0.00000000 0.00000000 -10.55414700 -34.35574479 3.27095655 -0.00000225 0.00000038 -14.38019574 -10.28002802 -0.00000130 -0.00000014 -0.00000413 48.11319247 -0.00000113 -0.00000062 -20.08397134 0.00000033 0.00000465 -0.00000080 10.15269905 0.00000000 0.00000000 0.00000000 0.00000000 0.00000000 0.00000000 8.44778280 -0.00000009 -0.00000010 -3.72000806 -38.88243830 1.31343517 0.00000030 -0.00000014 37.34396710 -7.69560379 0.54995138 -0.03698820 -18.58535263 -77.32489410 14.91662620 9.58534656 -0.50558642 -2.17545167 0.00000000 0.00000000 0.00000000 0.00000000 0.00000000 0.00000000 5.15929570 -48.18024523 -2.30804465 0.00000243 0.00000086 -1.72589334 33.31686322 2.25467781 0.67473227 169.75434094 -68.05075211 -164.87261346 -2.86170613 -0.18909421 0.64066437 0.00000000 0.00000000 0.00000000 0.00000000 0.00000000 0.00000000 0.00000291 16.22971509 -0.00000006 38.34311998 0.00000085 0.00000069
